-- phpMyAdmin SQL Dump
-- version 5.2.0
-- https://www.phpmyadmin.net/
--
-- Хост: 127.0.0.1:3306
-- Время создания: Авг 07 2024 г., 22:08
-- Версия сервера: 5.6.51
-- Версия PHP: 7.4.30

SET SQL_MODE = "NO_AUTO_VALUE_ON_ZERO";
START TRANSACTION;
SET time_zone = "+00:00";


/*!40101 SET @OLD_CHARACTER_SET_CLIENT=@@CHARACTER_SET_CLIENT */;
/*!40101 SET @OLD_CHARACTER_SET_RESULTS=@@CHARACTER_SET_RESULTS */;
/*!40101 SET @OLD_COLLATION_CONNECTION=@@COLLATION_CONNECTION */;
/*!40101 SET NAMES utf8mb4 */;

--
-- База данных: `test`
--

-- --------------------------------------------------------

--
-- Структура таблицы `b_admin_notify`
--

CREATE TABLE `b_admin_notify` (
  `ID` int(18) NOT NULL,
  `MODULE_ID` varchar(50) COLLATE utf8_unicode_ci DEFAULT NULL,
  `TAG` varchar(255) COLLATE utf8_unicode_ci DEFAULT NULL,
  `MESSAGE` text COLLATE utf8_unicode_ci,
  `ENABLE_CLOSE` char(1) COLLATE utf8_unicode_ci DEFAULT 'Y',
  `PUBLIC_SECTION` char(1) COLLATE utf8_unicode_ci NOT NULL DEFAULT 'N',
  `NOTIFY_TYPE` char(1) COLLATE utf8_unicode_ci NOT NULL DEFAULT 'M'
) ENGINE=InnoDB DEFAULT CHARSET=utf8 COLLATE=utf8_unicode_ci;

-- --------------------------------------------------------

--
-- Структура таблицы `b_admin_notify_lang`
--

CREATE TABLE `b_admin_notify_lang` (
  `ID` int(18) NOT NULL,
  `NOTIFY_ID` int(18) NOT NULL,
  `LID` char(2) COLLATE utf8_unicode_ci NOT NULL,
  `MESSAGE` text COLLATE utf8_unicode_ci
) ENGINE=InnoDB DEFAULT CHARSET=utf8 COLLATE=utf8_unicode_ci;

-- --------------------------------------------------------

--
-- Структура таблицы `b_agent`
--

CREATE TABLE `b_agent` (
  `ID` int(18) NOT NULL,
  `MODULE_ID` varchar(50) COLLATE utf8_unicode_ci DEFAULT NULL,
  `SORT` int(18) NOT NULL DEFAULT '100',
  `NAME` text COLLATE utf8_unicode_ci,
  `ACTIVE` char(1) COLLATE utf8_unicode_ci NOT NULL DEFAULT 'Y',
  `LAST_EXEC` datetime DEFAULT NULL,
  `NEXT_EXEC` datetime NOT NULL,
  `DATE_CHECK` datetime DEFAULT NULL,
  `AGENT_INTERVAL` int(18) DEFAULT '86400',
  `IS_PERIOD` char(1) COLLATE utf8_unicode_ci DEFAULT 'Y',
  `USER_ID` int(18) DEFAULT NULL,
  `RUNNING` char(1) COLLATE utf8_unicode_ci NOT NULL DEFAULT 'N'
) ENGINE=InnoDB DEFAULT CHARSET=utf8 COLLATE=utf8_unicode_ci;

--
-- Дамп данных таблицы `b_agent`
--

INSERT INTO `b_agent` (`ID`, `MODULE_ID`, `SORT`, `NAME`, `ACTIVE`, `LAST_EXEC`, `NEXT_EXEC`, `DATE_CHECK`, `AGENT_INTERVAL`, `IS_PERIOD`, `USER_ID`, `RUNNING`) VALUES
(1, 'main', 100, 'CEvent::CleanUpAgent();', 'Y', '2024-08-07 18:42:08', '2024-08-08 18:42:08', NULL, 86400, 'N', NULL, 'N'),
(2, 'main', 100, 'CUser::CleanUpHitAuthAgent();', 'Y', '2024-08-07 18:42:08', '2024-08-08 18:42:08', NULL, 86400, 'N', NULL, 'N'),
(3, 'main', 100, 'CCaptchaAgent::DeleteOldCaptcha(3600);', 'Y', '2024-08-07 21:25:52', '2024-08-07 22:25:52', NULL, 3600, 'N', NULL, 'N'),
(4, 'main', 100, 'CUndo::CleanUpOld();', 'Y', '2024-08-07 18:42:08', '2024-08-08 18:42:08', NULL, 86400, 'N', NULL, 'N'),
(5, 'main', 100, 'CUser::AuthActionsCleanUpAgent();', 'Y', '2024-08-07 18:42:09', '2024-08-08 18:42:09', NULL, 86400, 'N', NULL, 'N'),
(6, 'main', 100, 'CSiteCheckerTest::CommonTest();', 'Y', '2024-08-07 18:42:09', '2024-08-08 18:42:09', NULL, 86400, 'N', NULL, 'N'),
(7, 'main', 100, '\\Bitrix\\Main\\Analytics\\CounterDataTable::submitData();', 'Y', '2024-08-07 21:53:52', '2024-08-07 21:54:52', NULL, 60, 'N', NULL, 'N'),
(8, 'main', 100, 'CUserCounter::DeleteOld();', 'Y', '2024-08-07 18:42:09', '2024-08-08 18:42:09', NULL, 86400, 'N', NULL, 'N'),
(9, 'main', 100, '\\Bitrix\\Main\\UI\\Viewer\\FilePreviewTable::deleteOldAgent(22, 20);', 'Y', '2024-08-07 18:42:09', '2024-08-08 18:42:09', NULL, 86400, 'N', NULL, 'N'),
(13, 'rest', 100, 'Bitrix\\Rest\\Marketplace\\Client::getNumUpdates();', 'Y', '2024-08-07 18:42:09', '2024-08-08 18:42:09', NULL, 86400, 'N', NULL, 'N'),
(14, 'rest', 100, '\\Bitrix\\Rest\\EventOfflineTable::cleanProcessAgent();', 'Y', '2024-08-07 18:42:09', '2024-08-08 18:42:09', NULL, 86400, 'N', NULL, 'N'),
(22, 'main', 100, '\\Bitrix\\Main\\UI\\Viewer\\FilePreviewTable::deleteOldAgent(22, 20);', 'Y', '2024-08-07 18:42:09', '2024-08-08 18:42:09', NULL, 86400, 'N', NULL, 'N'),
(24, 'rest', 100, '\\Bitrix\\Rest\\StatTable::cleanUpAgent();', 'Y', '2024-08-07 18:42:09', '2024-08-08 18:42:09', NULL, 86400, 'N', NULL, 'N'),
(25, 'main', 100, 'CUser::CleanUpAgent();', 'Y', '2024-08-07 18:42:09', '2024-08-08 18:42:09', NULL, 86400, 'N', NULL, 'N'),
(26, 'main', 100, 'CUser::DeactivateAgent();', 'Y', '2024-08-07 18:42:09', '2024-08-08 18:42:09', NULL, 86400, 'N', NULL, 'N'),
(27, 'main', 100, 'CEventLog::CleanUpAgent();', 'Y', '2024-08-07 18:42:09', '2024-08-08 18:42:09', NULL, 86400, 'N', NULL, 'N');

-- --------------------------------------------------------

--
-- Структура таблицы `b_app_password`
--

CREATE TABLE `b_app_password` (
  `ID` int(11) NOT NULL,
  `USER_ID` int(11) NOT NULL,
  `APPLICATION_ID` varchar(255) COLLATE utf8_unicode_ci NOT NULL,
  `PASSWORD` varchar(255) COLLATE utf8_unicode_ci NOT NULL,
  `DIGEST_PASSWORD` varchar(255) COLLATE utf8_unicode_ci NOT NULL,
  `DATE_CREATE` datetime DEFAULT NULL,
  `DATE_LOGIN` datetime DEFAULT NULL,
  `LAST_IP` varchar(255) COLLATE utf8_unicode_ci DEFAULT NULL,
  `COMMENT` varchar(255) COLLATE utf8_unicode_ci DEFAULT NULL,
  `SYSCOMMENT` varchar(255) COLLATE utf8_unicode_ci DEFAULT NULL,
  `CODE` varchar(255) COLLATE utf8_unicode_ci DEFAULT NULL
) ENGINE=InnoDB DEFAULT CHARSET=utf8 COLLATE=utf8_unicode_ci;

-- --------------------------------------------------------

--
-- Структура таблицы `b_cache_tag`
--

CREATE TABLE `b_cache_tag` (
  `SITE_ID` char(2) COLLATE utf8_unicode_ci DEFAULT NULL,
  `CACHE_SALT` char(4) COLLATE utf8_unicode_ci DEFAULT NULL,
  `RELATIVE_PATH` varchar(255) COLLATE utf8_unicode_ci DEFAULT NULL,
  `TAG` varchar(100) COLLATE utf8_unicode_ci DEFAULT NULL
) ENGINE=InnoDB DEFAULT CHARSET=utf8 COLLATE=utf8_unicode_ci;

--
-- Дамп данных таблицы `b_cache_tag`
--

INSERT INTO `b_cache_tag` (`SITE_ID`, `CACHE_SALT`, `RELATIVE_PATH`, `TAG`) VALUES
(NULL, NULL, '0:1723050892', '**'),
('s1', '/e25', '/s1/bitrix/news.list/e25', 'iblock_id_5');

-- --------------------------------------------------------

--
-- Структура таблицы `b_captcha`
--

CREATE TABLE `b_captcha` (
  `ID` varchar(32) COLLATE utf8_unicode_ci NOT NULL,
  `CODE` varchar(20) COLLATE utf8_unicode_ci NOT NULL,
  `IP` varchar(15) COLLATE utf8_unicode_ci NOT NULL,
  `DATE_CREATE` datetime NOT NULL
) ENGINE=InnoDB DEFAULT CHARSET=utf8 COLLATE=utf8_unicode_ci;

-- --------------------------------------------------------

--
-- Структура таблицы `b_checklist`
--

CREATE TABLE `b_checklist` (
  `ID` int(11) NOT NULL,
  `DATE_CREATE` varchar(255) COLLATE utf8_unicode_ci DEFAULT NULL,
  `TESTER` varchar(255) COLLATE utf8_unicode_ci DEFAULT NULL,
  `COMPANY_NAME` varchar(255) COLLATE utf8_unicode_ci DEFAULT NULL,
  `PICTURE` int(11) DEFAULT NULL,
  `TOTAL` int(11) DEFAULT NULL,
  `SUCCESS` int(11) DEFAULT NULL,
  `FAILED` int(11) DEFAULT NULL,
  `PENDING` int(11) DEFAULT NULL,
  `SKIP` int(11) DEFAULT NULL,
  `STATE` longtext COLLATE utf8_unicode_ci,
  `REPORT_COMMENT` text COLLATE utf8_unicode_ci,
  `REPORT` char(1) COLLATE utf8_unicode_ci DEFAULT 'Y',
  `EMAIL` varchar(50) COLLATE utf8_unicode_ci DEFAULT NULL,
  `PHONE` varchar(50) COLLATE utf8_unicode_ci DEFAULT NULL,
  `SENDED_TO_BITRIX` char(1) COLLATE utf8_unicode_ci DEFAULT 'N',
  `HIDDEN` char(1) COLLATE utf8_unicode_ci DEFAULT 'N'
) ENGINE=InnoDB DEFAULT CHARSET=utf8 COLLATE=utf8_unicode_ci;

-- --------------------------------------------------------

--
-- Структура таблицы `b_clouds_copy_queue`
--

CREATE TABLE `b_clouds_copy_queue` (
  `ID` int(32) NOT NULL,
  `TIMESTAMP_X` timestamp NOT NULL DEFAULT CURRENT_TIMESTAMP ON UPDATE CURRENT_TIMESTAMP,
  `OP` char(1) COLLATE utf8_unicode_ci NOT NULL,
  `SOURCE_BUCKET_ID` int(11) NOT NULL,
  `SOURCE_FILE_PATH` varchar(500) COLLATE utf8_unicode_ci NOT NULL,
  `TARGET_BUCKET_ID` int(11) NOT NULL,
  `TARGET_FILE_PATH` varchar(500) COLLATE utf8_unicode_ci NOT NULL,
  `FILE_SIZE` int(11) NOT NULL DEFAULT '-1',
  `FILE_POS` int(11) NOT NULL DEFAULT '0',
  `FAIL_COUNTER` int(11) NOT NULL DEFAULT '0',
  `STATUS` char(1) COLLATE utf8_unicode_ci NOT NULL DEFAULT 'Y',
  `ERROR_MESSAGE` varchar(500) COLLATE utf8_unicode_ci DEFAULT NULL
) ENGINE=InnoDB DEFAULT CHARSET=utf8 COLLATE=utf8_unicode_ci;

-- --------------------------------------------------------

--
-- Структура таблицы `b_clouds_delete_queue`
--

CREATE TABLE `b_clouds_delete_queue` (
  `ID` int(32) NOT NULL,
  `TIMESTAMP_X` timestamp NOT NULL DEFAULT CURRENT_TIMESTAMP ON UPDATE CURRENT_TIMESTAMP,
  `BUCKET_ID` int(11) NOT NULL,
  `FILE_PATH` varchar(500) COLLATE utf8_unicode_ci NOT NULL
) ENGINE=InnoDB DEFAULT CHARSET=utf8 COLLATE=utf8_unicode_ci;

-- --------------------------------------------------------

--
-- Структура таблицы `b_component_params`
--

CREATE TABLE `b_component_params` (
  `ID` int(11) NOT NULL,
  `SITE_ID` char(2) COLLATE utf8_unicode_ci NOT NULL,
  `COMPONENT_NAME` varchar(255) COLLATE utf8_unicode_ci NOT NULL,
  `TEMPLATE_NAME` varchar(255) COLLATE utf8_unicode_ci DEFAULT NULL,
  `REAL_PATH` varchar(255) COLLATE utf8_unicode_ci NOT NULL,
  `SEF_MODE` char(1) COLLATE utf8_unicode_ci NOT NULL DEFAULT 'Y',
  `SEF_FOLDER` varchar(255) COLLATE utf8_unicode_ci DEFAULT NULL,
  `START_CHAR` int(11) NOT NULL,
  `END_CHAR` int(11) NOT NULL,
  `PARAMETERS` text COLLATE utf8_unicode_ci
) ENGINE=InnoDB DEFAULT CHARSET=utf8 COLLATE=utf8_unicode_ci;

--
-- Дамп данных таблицы `b_component_params`
--

INSERT INTO `b_component_params` (`ID`, `SITE_ID`, `COMPONENT_NAME`, `TEMPLATE_NAME`, `REAL_PATH`, `SEF_MODE`, `SEF_FOLDER`, `START_CHAR`, `END_CHAR`, `PARAMETERS`) VALUES
(1, 's1', 'bitrix:menu', 'catalog_horizontal', '/bitrix/templates/geometria/header.php', 'N', NULL, 1194, 1652, 'a:12:{s:18:\"ALLOW_MULTI_SELECT\";s:1:\"N\";s:15:\"CHILD_MENU_TYPE\";s:10:\"pod_uslugi\";s:5:\"DELAY\";s:1:\"N\";s:9:\"MAX_LEVEL\";s:1:\"2\";s:19:\"MENU_CACHE_GET_VARS\";N;s:15:\"MENU_CACHE_TIME\";s:4:\"3600\";s:15:\"MENU_CACHE_TYPE\";s:1:\"N\";s:21:\"MENU_CACHE_USE_GROUPS\";s:1:\"Y\";s:14:\"ROOT_MENU_TYPE\";s:5:\"top_F\";s:7:\"USE_EXT\";s:1:\"N\";s:18:\"COMPONENT_TEMPLATE\";s:18:\"catalog_horizontal\";s:10:\"MENU_THEME\";s:4:\"site\";}'),
(66, 's1', 'bitrix:news.detail', '.default', '/partners/index.php', 'N', NULL, 5050, 6528, 'a:47:{s:18:\"ACTIVE_DATE_FORMAT\";s:5:\"d.m.Y\";s:17:\"ADD_ELEMENT_CHAIN\";s:1:\"N\";s:18:\"ADD_SECTIONS_CHAIN\";s:1:\"N\";s:9:\"AJAX_MODE\";s:1:\"N\";s:22:\"AJAX_OPTION_ADDITIONAL\";s:0:\"\";s:19:\"AJAX_OPTION_HISTORY\";s:1:\"N\";s:16:\"AJAX_OPTION_JUMP\";s:1:\"N\";s:17:\"AJAX_OPTION_STYLE\";s:1:\"Y\";s:13:\"BROWSER_TITLE\";s:1:\"-\";s:12:\"CACHE_GROUPS\";s:1:\"Y\";s:10:\"CACHE_TIME\";s:8:\"36000000\";s:10:\"CACHE_TYPE\";s:1:\"A\";s:11:\"CHECK_DATES\";s:1:\"Y\";s:10:\"DETAIL_URL\";s:0:\"\";s:20:\"DISPLAY_BOTTOM_PAGER\";s:1:\"Y\";s:12:\"DISPLAY_DATE\";s:1:\"N\";s:12:\"DISPLAY_NAME\";s:1:\"N\";s:15:\"DISPLAY_PICTURE\";s:1:\"N\";s:20:\"DISPLAY_PREVIEW_TEXT\";s:1:\"Y\";s:17:\"DISPLAY_TOP_PAGER\";s:1:\"N\";s:12:\"ELEMENT_CODE\";s:0:\"\";s:10:\"ELEMENT_ID\";s:3:\"519\";s:10:\"FIELD_CODE\";a:2:{i:0;s:0:\"\";i:1;s:0:\"\";}s:9:\"IBLOCK_ID\";s:1:\"4\";s:11:\"IBLOCK_TYPE\";s:7:\"catalog\";s:10:\"IBLOCK_URL\";s:0:\"\";s:25:\"INCLUDE_IBLOCK_INTO_CHAIN\";s:1:\"N\";s:11:\"MESSAGE_404\";s:0:\"\";s:16:\"META_DESCRIPTION\";s:1:\"-\";s:13:\"META_KEYWORDS\";s:1:\"-\";s:22:\"PAGER_BASE_LINK_ENABLE\";s:1:\"N\";s:14:\"PAGER_SHOW_ALL\";s:1:\"N\";s:14:\"PAGER_TEMPLATE\";s:8:\".default\";s:11:\"PAGER_TITLE\";s:16:\"Страница\";s:13:\"PROPERTY_CODE\";a:2:{i:0;s:0:\"\";i:1;s:0:\"\";}s:17:\"SET_BROWSER_TITLE\";s:1:\"N\";s:17:\"SET_CANONICAL_URL\";s:1:\"N\";s:17:\"SET_LAST_MODIFIED\";s:1:\"N\";s:20:\"SET_META_DESCRIPTION\";s:1:\"Y\";s:17:\"SET_META_KEYWORDS\";s:1:\"N\";s:14:\"SET_STATUS_404\";s:1:\"N\";s:9:\"SET_TITLE\";s:1:\"N\";s:8:\"SHOW_404\";s:1:\"N\";s:20:\"STRICT_SECTION_CHECK\";s:1:\"N\";s:15:\"USE_PERMISSIONS\";s:1:\"N\";s:9:\"USE_SHARE\";s:1:\"N\";s:18:\"COMPONENT_TEMPLATE\";s:8:\".default\";}'),
(67, 's1', 'bitrix:news.detail', '.default', '/partners/index.php', 'N', NULL, 6982, 8460, 'a:47:{s:18:\"ACTIVE_DATE_FORMAT\";s:5:\"d.m.Y\";s:17:\"ADD_ELEMENT_CHAIN\";s:1:\"N\";s:18:\"ADD_SECTIONS_CHAIN\";s:1:\"N\";s:9:\"AJAX_MODE\";s:1:\"N\";s:22:\"AJAX_OPTION_ADDITIONAL\";s:0:\"\";s:19:\"AJAX_OPTION_HISTORY\";s:1:\"N\";s:16:\"AJAX_OPTION_JUMP\";s:1:\"N\";s:17:\"AJAX_OPTION_STYLE\";s:1:\"Y\";s:13:\"BROWSER_TITLE\";s:1:\"-\";s:12:\"CACHE_GROUPS\";s:1:\"Y\";s:10:\"CACHE_TIME\";s:8:\"36000000\";s:10:\"CACHE_TYPE\";s:1:\"A\";s:11:\"CHECK_DATES\";s:1:\"Y\";s:10:\"DETAIL_URL\";s:0:\"\";s:20:\"DISPLAY_BOTTOM_PAGER\";s:1:\"Y\";s:12:\"DISPLAY_DATE\";s:1:\"N\";s:12:\"DISPLAY_NAME\";s:1:\"N\";s:15:\"DISPLAY_PICTURE\";s:1:\"N\";s:20:\"DISPLAY_PREVIEW_TEXT\";s:1:\"Y\";s:17:\"DISPLAY_TOP_PAGER\";s:1:\"N\";s:12:\"ELEMENT_CODE\";s:0:\"\";s:10:\"ELEMENT_ID\";s:3:\"520\";s:10:\"FIELD_CODE\";a:2:{i:0;s:0:\"\";i:1;s:0:\"\";}s:9:\"IBLOCK_ID\";s:1:\"4\";s:11:\"IBLOCK_TYPE\";s:7:\"catalog\";s:10:\"IBLOCK_URL\";s:0:\"\";s:25:\"INCLUDE_IBLOCK_INTO_CHAIN\";s:1:\"N\";s:11:\"MESSAGE_404\";s:0:\"\";s:16:\"META_DESCRIPTION\";s:1:\"-\";s:13:\"META_KEYWORDS\";s:1:\"-\";s:22:\"PAGER_BASE_LINK_ENABLE\";s:1:\"N\";s:14:\"PAGER_SHOW_ALL\";s:1:\"N\";s:14:\"PAGER_TEMPLATE\";s:8:\".default\";s:11:\"PAGER_TITLE\";s:16:\"Страница\";s:13:\"PROPERTY_CODE\";a:2:{i:0;s:0:\"\";i:1;s:0:\"\";}s:17:\"SET_BROWSER_TITLE\";s:1:\"N\";s:17:\"SET_CANONICAL_URL\";s:1:\"N\";s:17:\"SET_LAST_MODIFIED\";s:1:\"N\";s:20:\"SET_META_DESCRIPTION\";s:1:\"Y\";s:17:\"SET_META_KEYWORDS\";s:1:\"N\";s:14:\"SET_STATUS_404\";s:1:\"N\";s:9:\"SET_TITLE\";s:1:\"N\";s:8:\"SHOW_404\";s:1:\"N\";s:20:\"STRICT_SECTION_CHECK\";s:1:\"N\";s:15:\"USE_PERMISSIONS\";s:1:\"N\";s:9:\"USE_SHARE\";s:1:\"N\";s:18:\"COMPONENT_TEMPLATE\";s:8:\".default\";}'),
(68, 's1', 'bitrix:news.detail', '.default', '/partners/index.php', 'N', NULL, 8926, 10404, 'a:47:{s:18:\"ACTIVE_DATE_FORMAT\";s:5:\"d.m.Y\";s:17:\"ADD_ELEMENT_CHAIN\";s:1:\"N\";s:18:\"ADD_SECTIONS_CHAIN\";s:1:\"N\";s:9:\"AJAX_MODE\";s:1:\"N\";s:22:\"AJAX_OPTION_ADDITIONAL\";s:0:\"\";s:19:\"AJAX_OPTION_HISTORY\";s:1:\"N\";s:16:\"AJAX_OPTION_JUMP\";s:1:\"N\";s:17:\"AJAX_OPTION_STYLE\";s:1:\"Y\";s:13:\"BROWSER_TITLE\";s:1:\"-\";s:12:\"CACHE_GROUPS\";s:1:\"Y\";s:10:\"CACHE_TIME\";s:8:\"36000000\";s:10:\"CACHE_TYPE\";s:1:\"A\";s:11:\"CHECK_DATES\";s:1:\"Y\";s:10:\"DETAIL_URL\";s:0:\"\";s:20:\"DISPLAY_BOTTOM_PAGER\";s:1:\"Y\";s:12:\"DISPLAY_DATE\";s:1:\"N\";s:12:\"DISPLAY_NAME\";s:1:\"N\";s:15:\"DISPLAY_PICTURE\";s:1:\"N\";s:20:\"DISPLAY_PREVIEW_TEXT\";s:1:\"Y\";s:17:\"DISPLAY_TOP_PAGER\";s:1:\"N\";s:12:\"ELEMENT_CODE\";s:0:\"\";s:10:\"ELEMENT_ID\";s:3:\"521\";s:10:\"FIELD_CODE\";a:2:{i:0;s:0:\"\";i:1;s:0:\"\";}s:9:\"IBLOCK_ID\";s:1:\"4\";s:11:\"IBLOCK_TYPE\";s:7:\"catalog\";s:10:\"IBLOCK_URL\";s:0:\"\";s:25:\"INCLUDE_IBLOCK_INTO_CHAIN\";s:1:\"N\";s:11:\"MESSAGE_404\";s:0:\"\";s:16:\"META_DESCRIPTION\";s:1:\"-\";s:13:\"META_KEYWORDS\";s:1:\"-\";s:22:\"PAGER_BASE_LINK_ENABLE\";s:1:\"N\";s:14:\"PAGER_SHOW_ALL\";s:1:\"N\";s:14:\"PAGER_TEMPLATE\";s:8:\".default\";s:11:\"PAGER_TITLE\";s:16:\"Страница\";s:13:\"PROPERTY_CODE\";a:2:{i:0;s:0:\"\";i:1;s:0:\"\";}s:17:\"SET_BROWSER_TITLE\";s:1:\"N\";s:17:\"SET_CANONICAL_URL\";s:1:\"N\";s:17:\"SET_LAST_MODIFIED\";s:1:\"N\";s:20:\"SET_META_DESCRIPTION\";s:1:\"Y\";s:17:\"SET_META_KEYWORDS\";s:1:\"N\";s:14:\"SET_STATUS_404\";s:1:\"N\";s:9:\"SET_TITLE\";s:1:\"N\";s:8:\"SHOW_404\";s:1:\"N\";s:20:\"STRICT_SECTION_CHECK\";s:1:\"N\";s:15:\"USE_PERMISSIONS\";s:1:\"N\";s:9:\"USE_SHARE\";s:1:\"N\";s:18:\"COMPONENT_TEMPLATE\";s:8:\".default\";}'),
(69, 's1', 'bitrix:news.detail', '.default', '/partners/index.php', 'N', NULL, 10866, 12344, 'a:47:{s:18:\"ACTIVE_DATE_FORMAT\";s:5:\"d.m.Y\";s:17:\"ADD_ELEMENT_CHAIN\";s:1:\"N\";s:18:\"ADD_SECTIONS_CHAIN\";s:1:\"N\";s:9:\"AJAX_MODE\";s:1:\"N\";s:22:\"AJAX_OPTION_ADDITIONAL\";s:0:\"\";s:19:\"AJAX_OPTION_HISTORY\";s:1:\"N\";s:16:\"AJAX_OPTION_JUMP\";s:1:\"N\";s:17:\"AJAX_OPTION_STYLE\";s:1:\"Y\";s:13:\"BROWSER_TITLE\";s:1:\"-\";s:12:\"CACHE_GROUPS\";s:1:\"Y\";s:10:\"CACHE_TIME\";s:8:\"36000000\";s:10:\"CACHE_TYPE\";s:1:\"A\";s:11:\"CHECK_DATES\";s:1:\"Y\";s:10:\"DETAIL_URL\";s:0:\"\";s:20:\"DISPLAY_BOTTOM_PAGER\";s:1:\"Y\";s:12:\"DISPLAY_DATE\";s:1:\"N\";s:12:\"DISPLAY_NAME\";s:1:\"N\";s:15:\"DISPLAY_PICTURE\";s:1:\"N\";s:20:\"DISPLAY_PREVIEW_TEXT\";s:1:\"Y\";s:17:\"DISPLAY_TOP_PAGER\";s:1:\"N\";s:12:\"ELEMENT_CODE\";s:0:\"\";s:10:\"ELEMENT_ID\";s:3:\"522\";s:10:\"FIELD_CODE\";a:2:{i:0;s:0:\"\";i:1;s:0:\"\";}s:9:\"IBLOCK_ID\";s:1:\"4\";s:11:\"IBLOCK_TYPE\";s:7:\"catalog\";s:10:\"IBLOCK_URL\";s:0:\"\";s:25:\"INCLUDE_IBLOCK_INTO_CHAIN\";s:1:\"N\";s:11:\"MESSAGE_404\";s:0:\"\";s:16:\"META_DESCRIPTION\";s:1:\"-\";s:13:\"META_KEYWORDS\";s:1:\"-\";s:22:\"PAGER_BASE_LINK_ENABLE\";s:1:\"N\";s:14:\"PAGER_SHOW_ALL\";s:1:\"N\";s:14:\"PAGER_TEMPLATE\";s:8:\".default\";s:11:\"PAGER_TITLE\";s:16:\"Страница\";s:13:\"PROPERTY_CODE\";a:2:{i:0;s:0:\"\";i:1;s:0:\"\";}s:17:\"SET_BROWSER_TITLE\";s:1:\"N\";s:17:\"SET_CANONICAL_URL\";s:1:\"N\";s:17:\"SET_LAST_MODIFIED\";s:1:\"N\";s:20:\"SET_META_DESCRIPTION\";s:1:\"Y\";s:17:\"SET_META_KEYWORDS\";s:1:\"N\";s:14:\"SET_STATUS_404\";s:1:\"N\";s:9:\"SET_TITLE\";s:1:\"N\";s:8:\"SHOW_404\";s:1:\"N\";s:20:\"STRICT_SECTION_CHECK\";s:1:\"N\";s:15:\"USE_PERMISSIONS\";s:1:\"N\";s:9:\"USE_SHARE\";s:1:\"N\";s:18:\"COMPONENT_TEMPLATE\";s:8:\".default\";}'),
(71, 's1', 'bitrix:catalog', '.default', '/test.php', 'N', NULL, 142, 5867, 'a:149:{s:15:\"ACTION_VARIABLE\";s:6:\"action\";s:17:\"ADD_ELEMENT_CHAIN\";s:1:\"N\";s:13:\"ADD_PICT_PROP\";s:10:\"CML2_PHOTO\";s:24:\"ADD_PROPERTIES_TO_BASKET\";s:1:\"Y\";s:18:\"ADD_SECTIONS_CHAIN\";s:1:\"Y\";s:9:\"AJAX_MODE\";s:1:\"N\";s:22:\"AJAX_OPTION_ADDITIONAL\";s:0:\"\";s:19:\"AJAX_OPTION_HISTORY\";s:1:\"N\";s:16:\"AJAX_OPTION_JUMP\";s:1:\"N\";s:17:\"AJAX_OPTION_STYLE\";s:1:\"Y\";s:10:\"BASKET_URL\";s:20:\"/personal/basket.php\";s:12:\"CACHE_FILTER\";s:1:\"N\";s:12:\"CACHE_GROUPS\";s:1:\"Y\";s:10:\"CACHE_TIME\";s:8:\"36000000\";s:10:\"CACHE_TYPE\";s:1:\"A\";s:15:\"COMPATIBLE_MODE\";s:1:\"Y\";s:27:\"DETAIL_ADD_DETAIL_TO_SLIDER\";s:1:\"N\";s:23:\"DETAIL_BACKGROUND_IMAGE\";s:1:\"-\";s:16:\"DETAIL_BRAND_USE\";s:1:\"N\";s:20:\"DETAIL_BROWSER_TITLE\";s:1:\"-\";s:32:\"DETAIL_CHECK_SECTION_ID_VARIABLE\";s:1:\"Y\";s:26:\"DETAIL_DETAIL_PICTURE_MODE\";a:1:{i:0;s:9:\"MAGNIFIER\";}s:19:\"DETAIL_DISPLAY_NAME\";s:1:\"Y\";s:32:\"DETAIL_DISPLAY_PREVIEW_TEXT_MODE\";s:1:\"E\";s:23:\"DETAIL_IMAGE_RESOLUTION\";s:5:\"16by9\";s:31:\"DETAIL_MAIN_BLOCK_PROPERTY_CODE\";N;s:23:\"DETAIL_META_DESCRIPTION\";s:1:\"-\";s:20:\"DETAIL_META_KEYWORDS\";s:1:\"-\";s:31:\"DETAIL_PRODUCT_INFO_BLOCK_ORDER\";s:9:\"sku,props\";s:30:\"DETAIL_PRODUCT_PAY_BLOCK_ORDER\";s:55:\"rating,price,priceRanges,quantityLimit,quantity,buttons\";s:24:\"DETAIL_SET_CANONICAL_URL\";s:1:\"N\";s:19:\"DETAIL_SHOW_POPULAR\";s:1:\"Y\";s:18:\"DETAIL_SHOW_SLIDER\";s:1:\"N\";s:18:\"DETAIL_SHOW_VIEWED\";s:1:\"Y\";s:27:\"DETAIL_STRICT_SECTION_CHECK\";s:1:\"N\";s:19:\"DETAIL_USE_COMMENTS\";s:1:\"N\";s:22:\"DETAIL_USE_VOTE_RATING\";s:1:\"N\";s:28:\"DISABLE_INIT_JS_IN_COMPONENT\";s:1:\"N\";s:20:\"DISPLAY_BOTTOM_PAGER\";s:1:\"Y\";s:17:\"DISPLAY_TOP_PAGER\";s:1:\"N\";s:18:\"ELEMENT_SORT_FIELD\";s:4:\"sort\";s:19:\"ELEMENT_SORT_FIELD2\";s:2:\"id\";s:18:\"ELEMENT_SORT_ORDER\";s:3:\"asc\";s:19:\"ELEMENT_SORT_ORDER2\";s:4:\"desc\";s:21:\"FILTER_HIDE_ON_MOBILE\";s:1:\"N\";s:16:\"FILTER_VIEW_MODE\";s:10:\"HORIZONTAL\";s:9:\"IBLOCK_ID\";s:1:\"2\";s:11:\"IBLOCK_TYPE\";s:7:\"catalog\";s:19:\"INCLUDE_SUBSECTIONS\";s:1:\"Y\";s:14:\"INSTANT_RELOAD\";s:1:\"N\";s:10:\"LABEL_PROP\";N;s:17:\"LABEL_PROP_MOBILE\";s:0:\"\";s:19:\"LABEL_PROP_POSITION\";s:8:\"top-left\";s:9:\"LAZY_LOAD\";s:1:\"N\";s:18:\"LINE_ELEMENT_COUNT\";s:1:\"3\";s:17:\"LINK_ELEMENTS_URL\";s:39:\"link.php?PARENT_ELEMENT_ID=#ELEMENT_ID#\";s:14:\"LINK_IBLOCK_ID\";s:0:\"\";s:16:\"LINK_IBLOCK_TYPE\";s:0:\"\";s:17:\"LINK_PROPERTY_SID\";s:0:\"\";s:18:\"LIST_BROWSER_TITLE\";s:1:\"-\";s:20:\"LIST_ENLARGE_PRODUCT\";s:6:\"STRICT\";s:21:\"LIST_META_DESCRIPTION\";s:1:\"-\";s:18:\"LIST_META_KEYWORDS\";s:1:\"-\";s:25:\"LIST_PRODUCT_BLOCKS_ORDER\";s:46:\"price,props,sku,quantityLimit,quantity,buttons\";s:25:\"LIST_PRODUCT_ROW_VARIANTS\";s:166:\"[{\'VARIANT\':\'3\',\'BIG_DATA\':false},{\'VARIANT\':\'3\',\'BIG_DATA\':false},{\'VARIANT\':\'3\',\'BIG_DATA\':false},{\'VARIANT\':\'3\',\'BIG_DATA\':false},{\'VARIANT\':\'3\',\'BIG_DATA\':false}]\";s:25:\"LIST_PROPERTY_CODE_MOBILE\";N;s:16:\"LIST_SHOW_SLIDER\";s:1:\"Y\";s:20:\"LIST_SLIDER_INTERVAL\";s:4:\"3000\";s:20:\"LIST_SLIDER_PROGRESS\";s:1:\"N\";s:14:\"LOAD_ON_SCROLL\";s:1:\"N\";s:11:\"MESSAGE_404\";s:0:\"\";s:22:\"MESS_BTN_ADD_TO_BASKET\";s:17:\"В корзину\";s:12:\"MESS_BTN_BUY\";s:12:\"Купить\";s:16:\"MESS_BTN_COMPARE\";s:18:\"Сравнение\";s:15:\"MESS_BTN_DETAIL\";s:18:\"Подробнее\";s:18:\"MESS_BTN_SUBSCRIBE\";s:22:\"Подписаться\";s:18:\"MESS_NOT_AVAILABLE\";s:0:\"\";s:22:\"PAGER_BASE_LINK_ENABLE\";s:1:\"N\";s:20:\"PAGER_DESC_NUMBERING\";s:1:\"N\";s:31:\"PAGER_DESC_NUMBERING_CACHE_TIME\";s:5:\"36000\";s:14:\"PAGER_SHOW_ALL\";s:1:\"N\";s:17:\"PAGER_SHOW_ALWAYS\";s:1:\"N\";s:14:\"PAGER_TEMPLATE\";s:8:\".default\";s:11:\"PAGER_TITLE\";s:12:\"Товары\";s:18:\"PAGE_ELEMENT_COUNT\";s:2:\"20\";s:26:\"PARTIAL_PRODUCT_PROPERTIES\";s:1:\"N\";s:10:\"PRICE_CODE\";N;s:17:\"PRICE_VAT_INCLUDE\";s:1:\"Y\";s:20:\"PRICE_VAT_SHOW_VALUE\";s:1:\"N\";s:19:\"PRODUCT_ID_VARIABLE\";s:2:\"id\";s:22:\"PRODUCT_PROPS_VARIABLE\";s:4:\"prop\";s:25:\"PRODUCT_QUANTITY_VARIABLE\";s:8:\"quantity\";s:18:\"SEARCH_CHECK_DATES\";s:1:\"Y\";s:20:\"SEARCH_NO_WORD_LOGIC\";s:1:\"Y\";s:24:\"SEARCH_PAGE_RESULT_COUNT\";s:2:\"50\";s:14:\"SEARCH_RESTART\";s:1:\"N\";s:25:\"SEARCH_USE_LANGUAGE_GUESS\";s:1:\"Y\";s:26:\"SECTIONS_HIDE_SECTION_NAME\";s:1:\"N\";s:25:\"SECTIONS_SHOW_PARENT_NAME\";s:1:\"Y\";s:18:\"SECTIONS_VIEW_MODE\";s:4:\"TILE\";s:24:\"SECTION_BACKGROUND_IMAGE\";s:1:\"-\";s:22:\"SECTION_COUNT_ELEMENTS\";s:1:\"Y\";s:19:\"SECTION_ID_VARIABLE\";s:10:\"SECTION_ID\";s:17:\"SECTION_TOP_DEPTH\";s:1:\"2\";s:8:\"SEF_MODE\";s:1:\"N\";s:17:\"SET_LAST_MODIFIED\";s:1:\"N\";s:14:\"SET_STATUS_404\";s:1:\"N\";s:9:\"SET_TITLE\";s:1:\"Y\";s:8:\"SHOW_404\";s:1:\"N\";s:16:\"SHOW_DEACTIVATED\";s:1:\"N\";s:16:\"SHOW_PRICE_COUNT\";s:1:\"1\";s:17:\"SHOW_TOP_ELEMENTS\";s:1:\"Y\";s:23:\"SIDEBAR_DETAIL_POSITION\";s:5:\"right\";s:19:\"SIDEBAR_DETAIL_SHOW\";s:1:\"N\";s:12:\"SIDEBAR_PATH\";s:0:\"\";s:24:\"SIDEBAR_SECTION_POSITION\";s:5:\"right\";s:20:\"SIDEBAR_SECTION_SHOW\";s:1:\"N\";s:14:\"TEMPLATE_THEME\";s:4:\"blue\";s:17:\"TOP_ELEMENT_COUNT\";s:2:\"20\";s:22:\"TOP_ELEMENT_SORT_FIELD\";s:4:\"sort\";s:23:\"TOP_ELEMENT_SORT_FIELD2\";s:2:\"id\";s:22:\"TOP_ELEMENT_SORT_ORDER\";s:3:\"asc\";s:23:\"TOP_ELEMENT_SORT_ORDER2\";s:4:\"desc\";s:19:\"TOP_ENLARGE_PRODUCT\";s:6:\"STRICT\";s:22:\"TOP_LINE_ELEMENT_COUNT\";s:1:\"3\";s:24:\"TOP_PRODUCT_BLOCKS_ORDER\";s:46:\"price,props,sku,quantityLimit,quantity,buttons\";s:24:\"TOP_PRODUCT_ROW_VARIANTS\";s:166:\"[{\'VARIANT\':\'3\',\'BIG_DATA\':false},{\'VARIANT\':\'3\',\'BIG_DATA\':false},{\'VARIANT\':\'3\',\'BIG_DATA\':false},{\'VARIANT\':\'3\',\'BIG_DATA\':false},{\'VARIANT\':\'3\',\'BIG_DATA\':false}]\";s:15:\"TOP_SHOW_SLIDER\";s:1:\"Y\";s:19:\"TOP_SLIDER_INTERVAL\";s:4:\"3000\";s:19:\"TOP_SLIDER_PROGRESS\";s:1:\"N\";s:13:\"TOP_VIEW_MODE\";s:7:\"SECTION\";s:12:\"USER_CONSENT\";s:1:\"N\";s:15:\"USER_CONSENT_ID\";s:1:\"0\";s:23:\"USER_CONSENT_IS_CHECKED\";s:1:\"Y\";s:22:\"USER_CONSENT_IS_LOADED\";s:1:\"N\";s:11:\"USE_COMPARE\";s:1:\"N\";s:19:\"USE_ELEMENT_COUNTER\";s:1:\"Y\";s:22:\"USE_ENHANCED_ECOMMERCE\";s:1:\"N\";s:10:\"USE_FILTER\";s:1:\"Y\";s:24:\"USE_MAIN_ELEMENT_SECTION\";s:1:\"N\";s:15:\"USE_PRICE_COUNT\";s:1:\"N\";s:20:\"USE_PRODUCT_QUANTITY\";s:1:\"N\";s:9:\"USE_STORE\";s:1:\"N\";s:18:\"COMPONENT_TEMPLATE\";s:8:\".default\";s:11:\"FILTER_NAME\";s:0:\"\";s:17:\"FILTER_FIELD_CODE\";a:2:{i:0;s:0:\"\";i:1;s:0:\"\";}s:20:\"FILTER_PROPERTY_CODE\";a:3:{i:0;s:11:\"CML2_RAZMER\";i:1;s:8:\"CML2_RRC\";i:2;s:0:\"\";}s:17:\"FILTER_PRICE_CODE\";N;s:16:\"VARIABLE_ALIASES\";a:2:{s:10:\"ELEMENT_ID\";s:10:\"ELEMENT_ID\";s:10:\"SECTION_ID\";s:10:\"SECTION_ID\";}}'),
(80, 's1', 'bitrix:catalog.section.list', '.default', '/katalog-tekhniki/moyki/index.php', 'N', NULL, 5858, 6559, 'a:19:{s:18:\"ADD_SECTIONS_CHAIN\";s:1:\"Y\";s:12:\"CACHE_FILTER\";s:1:\"N\";s:12:\"CACHE_GROUPS\";s:1:\"Y\";s:10:\"CACHE_TIME\";s:8:\"36000000\";s:10:\"CACHE_TYPE\";s:1:\"A\";s:14:\"COUNT_ELEMENTS\";s:1:\"Y\";s:11:\"FILTER_NAME\";s:14:\"sectionsFilter\";s:17:\"HIDE_SECTION_NAME\";s:1:\"N\";s:9:\"IBLOCK_ID\";s:1:\"2\";s:11:\"IBLOCK_TYPE\";s:7:\"catalog\";s:12:\"SECTION_CODE\";s:0:\"\";s:14:\"SECTION_FIELDS\";a:2:{i:0;s:0:\"\";i:1;s:0:\"\";}s:10:\"SECTION_ID\";s:2:\"32\";s:11:\"SECTION_URL\";s:16:\"?SECTION_ID=#ID#\";s:19:\"SECTION_USER_FIELDS\";a:2:{i:0;s:0:\"\";i:1;s:0:\"\";}s:16:\"SHOW_PARENT_NAME\";s:1:\"Y\";s:9:\"TOP_DEPTH\";s:1:\"2\";s:9:\"VIEW_MODE\";s:4:\"TILE\";s:18:\"COMPONENT_TEMPLATE\";s:8:\".default\";}'),
(81, 's1', 'bitrix:catalog.section', '.default', '/katalog-tekhniki/moyki/index.php', 'N', NULL, 6564, 9823, 'a:88:{s:15:\"ACTION_VARIABLE\";s:6:\"action\";s:13:\"ADD_PICT_PROP\";s:10:\"CML2_PHOTO\";s:24:\"ADD_PROPERTIES_TO_BASKET\";s:1:\"Y\";s:18:\"ADD_SECTIONS_CHAIN\";s:1:\"N\";s:9:\"AJAX_MODE\";s:1:\"N\";s:22:\"AJAX_OPTION_ADDITIONAL\";s:0:\"\";s:19:\"AJAX_OPTION_HISTORY\";s:1:\"N\";s:16:\"AJAX_OPTION_JUMP\";s:1:\"N\";s:17:\"AJAX_OPTION_STYLE\";s:1:\"Y\";s:16:\"BACKGROUND_IMAGE\";s:1:\"-\";s:10:\"BASKET_URL\";s:20:\"/personal/basket.php\";s:13:\"BROWSER_TITLE\";s:1:\"-\";s:12:\"CACHE_FILTER\";s:1:\"N\";s:12:\"CACHE_GROUPS\";s:1:\"Y\";s:10:\"CACHE_TIME\";s:8:\"36000000\";s:10:\"CACHE_TYPE\";s:1:\"A\";s:15:\"COMPATIBLE_MODE\";s:1:\"Y\";s:10:\"DETAIL_URL\";s:24:\"#SECTION_ID##ELEMENT_ID#\";s:28:\"DISABLE_INIT_JS_IN_COMPONENT\";s:1:\"N\";s:20:\"DISPLAY_BOTTOM_PAGER\";s:1:\"Y\";s:15:\"DISPLAY_COMPARE\";s:1:\"N\";s:17:\"DISPLAY_TOP_PAGER\";s:1:\"N\";s:18:\"ELEMENT_SORT_FIELD\";s:4:\"sort\";s:19:\"ELEMENT_SORT_FIELD2\";s:2:\"id\";s:18:\"ELEMENT_SORT_ORDER\";s:3:\"asc\";s:19:\"ELEMENT_SORT_ORDER2\";s:4:\"desc\";s:15:\"ENLARGE_PRODUCT\";s:6:\"STRICT\";s:11:\"FILTER_NAME\";s:9:\"arrFilter\";s:9:\"IBLOCK_ID\";s:1:\"2\";s:11:\"IBLOCK_TYPE\";s:7:\"catalog\";s:19:\"INCLUDE_SUBSECTIONS\";s:1:\"Y\";s:10:\"LABEL_PROP\";N;s:9:\"LAZY_LOAD\";s:1:\"N\";s:18:\"LINE_ELEMENT_COUNT\";s:1:\"3\";s:14:\"LOAD_ON_SCROLL\";s:1:\"N\";s:11:\"MESSAGE_404\";s:0:\"\";s:22:\"MESS_BTN_ADD_TO_BASKET\";s:17:\"В корзину\";s:12:\"MESS_BTN_BUY\";s:12:\"Купить\";s:15:\"MESS_BTN_DETAIL\";s:18:\"Подробнее\";s:18:\"MESS_BTN_SUBSCRIBE\";s:22:\"Подписаться\";s:18:\"MESS_NOT_AVAILABLE\";s:24:\"Нет в наличии\";s:16:\"META_DESCRIPTION\";s:1:\"-\";s:13:\"META_KEYWORDS\";s:1:\"-\";s:12:\"OFFERS_LIMIT\";s:1:\"5\";s:22:\"PAGER_BASE_LINK_ENABLE\";s:1:\"N\";s:20:\"PAGER_DESC_NUMBERING\";s:1:\"N\";s:31:\"PAGER_DESC_NUMBERING_CACHE_TIME\";s:5:\"36000\";s:14:\"PAGER_SHOW_ALL\";s:1:\"N\";s:17:\"PAGER_SHOW_ALWAYS\";s:1:\"N\";s:14:\"PAGER_TEMPLATE\";s:8:\".default\";s:11:\"PAGER_TITLE\";s:12:\"Товары\";s:18:\"PAGE_ELEMENT_COUNT\";s:2:\"36\";s:26:\"PARTIAL_PRODUCT_PROPERTIES\";s:1:\"N\";s:10:\"PRICE_CODE\";N;s:17:\"PRICE_VAT_INCLUDE\";s:1:\"Y\";s:20:\"PRODUCT_BLOCKS_ORDER\";s:46:\"price,props,sku,quantityLimit,quantity,buttons\";s:19:\"PRODUCT_ID_VARIABLE\";s:2:\"id\";s:22:\"PRODUCT_PROPS_VARIABLE\";s:4:\"prop\";s:25:\"PRODUCT_QUANTITY_VARIABLE\";s:8:\"quantity\";s:20:\"PRODUCT_ROW_VARIANTS\";s:298:\"[{\'VARIANT\':\'3\',\'BIG_DATA\':false},{\'VARIANT\':\'3\',\'BIG_DATA\':false},{\'VARIANT\':\'3\',\'BIG_DATA\':false},{\'VARIANT\':\'3\',\'BIG_DATA\':false},{\'VARIANT\':\'3\',\'BIG_DATA\':false},{\'VARIANT\':\'3\',\'BIG_DATA\':false},{\'VARIANT\':\'3\',\'BIG_DATA\':false},{\'VARIANT\':\'3\',\'BIG_DATA\':false},{\'VARIANT\':\'3\',\'BIG_DATA\':false}]\";s:20:\"PROPERTY_CODE_MOBILE\";N;s:11:\"RCM_PROD_ID\";s:26:\"={$_REQUEST[\"PRODUCT_ID\"]}\";s:8:\"RCM_TYPE\";s:8:\"personal\";s:12:\"SECTION_CODE\";s:0:\"\";s:10:\"SECTION_ID\";s:26:\"={$_REQUEST[\"SECTION_ID\"]}\";s:19:\"SECTION_ID_VARIABLE\";s:10:\"SECTION_ID\";s:11:\"SECTION_URL\";s:0:\"\";s:19:\"SECTION_USER_FIELDS\";a:2:{i:0;s:0:\"\";i:1;s:0:\"\";}s:8:\"SEF_MODE\";s:1:\"N\";s:17:\"SET_BROWSER_TITLE\";s:1:\"Y\";s:17:\"SET_LAST_MODIFIED\";s:1:\"N\";s:20:\"SET_META_DESCRIPTION\";s:1:\"Y\";s:17:\"SET_META_KEYWORDS\";s:1:\"Y\";s:14:\"SET_STATUS_404\";s:1:\"N\";s:9:\"SET_TITLE\";s:1:\"Y\";s:8:\"SHOW_404\";s:1:\"N\";s:19:\"SHOW_ALL_WO_SECTION\";s:1:\"N\";s:17:\"SHOW_FROM_SECTION\";s:1:\"N\";s:16:\"SHOW_PRICE_COUNT\";s:1:\"1\";s:11:\"SHOW_SLIDER\";s:1:\"Y\";s:15:\"SLIDER_INTERVAL\";s:4:\"3000\";s:15:\"SLIDER_PROGRESS\";s:1:\"N\";s:14:\"TEMPLATE_THEME\";s:4:\"blue\";s:22:\"USE_ENHANCED_ECOMMERCE\";s:1:\"N\";s:24:\"USE_MAIN_ELEMENT_SECTION\";s:1:\"N\";s:15:\"USE_PRICE_COUNT\";s:1:\"N\";s:20:\"USE_PRODUCT_QUANTITY\";s:1:\"N\";s:18:\"COMPONENT_TEMPLATE\";s:8:\".default\";}');

-- --------------------------------------------------------

--
-- Структура таблицы `b_composite_log`
--

CREATE TABLE `b_composite_log` (
  `ID` int(18) NOT NULL,
  `HOST` varchar(100) COLLATE utf8_unicode_ci NOT NULL,
  `URI` varchar(2000) COLLATE utf8_unicode_ci NOT NULL,
  `TITLE` varchar(250) COLLATE utf8_unicode_ci DEFAULT NULL,
  `CREATED` datetime NOT NULL,
  `TYPE` varchar(50) COLLATE utf8_unicode_ci NOT NULL,
  `MESSAGE` longtext COLLATE utf8_unicode_ci,
  `AJAX` char(1) COLLATE utf8_unicode_ci NOT NULL DEFAULT 'N',
  `USER_ID` int(18) NOT NULL DEFAULT '0',
  `PAGE_ID` int(18) NOT NULL DEFAULT '0'
) ENGINE=InnoDB DEFAULT CHARSET=utf8 COLLATE=utf8_unicode_ci;

-- --------------------------------------------------------

--
-- Структура таблицы `b_composite_page`
--

CREATE TABLE `b_composite_page` (
  `ID` int(18) NOT NULL,
  `CACHE_KEY` varchar(2000) COLLATE utf8_unicode_ci NOT NULL,
  `HOST` varchar(100) COLLATE utf8_unicode_ci NOT NULL,
  `URI` varchar(2000) COLLATE utf8_unicode_ci NOT NULL,
  `TITLE` varchar(250) COLLATE utf8_unicode_ci DEFAULT NULL,
  `CREATED` datetime NOT NULL,
  `CHANGED` datetime NOT NULL,
  `LAST_VIEWED` datetime NOT NULL,
  `VIEWS` int(18) NOT NULL DEFAULT '0',
  `REWRITES` int(18) NOT NULL DEFAULT '0',
  `SIZE` int(18) NOT NULL DEFAULT '0'
) ENGINE=InnoDB DEFAULT CHARSET=utf8 COLLATE=utf8_unicode_ci;

-- --------------------------------------------------------

--
-- Структура таблицы `b_consent_agreement`
--

CREATE TABLE `b_consent_agreement` (
  `ID` int(18) NOT NULL,
  `CODE` varchar(45) COLLATE utf8_unicode_ci DEFAULT NULL,
  `DATE_INSERT` datetime NOT NULL,
  `ACTIVE` char(1) COLLATE utf8_unicode_ci NOT NULL DEFAULT 'Y',
  `NAME` varchar(255) COLLATE utf8_unicode_ci NOT NULL,
  `TYPE` char(1) COLLATE utf8_unicode_ci DEFAULT NULL,
  `LANGUAGE_ID` char(2) COLLATE utf8_unicode_ci DEFAULT NULL,
  `DATA_PROVIDER` varchar(45) COLLATE utf8_unicode_ci DEFAULT NULL,
  `AGREEMENT_TEXT` longtext COLLATE utf8_unicode_ci,
  `LABEL_TEXT` varchar(4000) COLLATE utf8_unicode_ci DEFAULT NULL,
  `SECURITY_CODE` varchar(32) COLLATE utf8_unicode_ci DEFAULT NULL
) ENGINE=InnoDB DEFAULT CHARSET=utf8 COLLATE=utf8_unicode_ci;

-- --------------------------------------------------------

--
-- Структура таблицы `b_consent_field`
--

CREATE TABLE `b_consent_field` (
  `ID` int(18) NOT NULL,
  `AGREEMENT_ID` int(18) NOT NULL,
  `CODE` varchar(100) COLLATE utf8_unicode_ci DEFAULT NULL,
  `VALUE` text COLLATE utf8_unicode_ci NOT NULL
) ENGINE=InnoDB DEFAULT CHARSET=utf8 COLLATE=utf8_unicode_ci;

-- --------------------------------------------------------

--
-- Структура таблицы `b_consent_user_consent`
--

CREATE TABLE `b_consent_user_consent` (
  `ID` int(18) NOT NULL,
  `DATE_INSERT` datetime NOT NULL,
  `AGREEMENT_ID` int(18) NOT NULL,
  `USER_ID` int(18) DEFAULT NULL,
  `IP` varchar(15) COLLATE utf8_unicode_ci NOT NULL,
  `URL` varchar(4000) COLLATE utf8_unicode_ci DEFAULT NULL,
  `ORIGIN_ID` varchar(30) COLLATE utf8_unicode_ci DEFAULT NULL,
  `ORIGINATOR_ID` varchar(30) COLLATE utf8_unicode_ci DEFAULT NULL
) ENGINE=InnoDB DEFAULT CHARSET=utf8 COLLATE=utf8_unicode_ci;

-- --------------------------------------------------------

--
-- Структура таблицы `b_counter_data`
--

CREATE TABLE `b_counter_data` (
  `ID` varchar(16) COLLATE utf8_unicode_ci NOT NULL,
  `TYPE` varchar(30) COLLATE utf8_unicode_ci NOT NULL,
  `DATA` text COLLATE utf8_unicode_ci NOT NULL
) ENGINE=InnoDB DEFAULT CHARSET=utf8 COLLATE=utf8_unicode_ci;

-- --------------------------------------------------------

--
-- Структура таблицы `b_culture`
--

CREATE TABLE `b_culture` (
  `ID` int(11) NOT NULL,
  `CODE` varchar(50) COLLATE utf8_unicode_ci DEFAULT NULL,
  `NAME` varchar(255) COLLATE utf8_unicode_ci DEFAULT NULL,
  `FORMAT_DATE` varchar(50) COLLATE utf8_unicode_ci DEFAULT NULL,
  `FORMAT_DATETIME` varchar(50) COLLATE utf8_unicode_ci DEFAULT NULL,
  `FORMAT_NAME` varchar(50) COLLATE utf8_unicode_ci DEFAULT NULL,
  `WEEK_START` int(1) DEFAULT '1',
  `CHARSET` varchar(50) COLLATE utf8_unicode_ci DEFAULT NULL,
  `DIRECTION` char(1) COLLATE utf8_unicode_ci DEFAULT 'Y',
  `SHORT_DATE_FORMAT` varchar(50) COLLATE utf8_unicode_ci DEFAULT 'n/j/Y',
  `MEDIUM_DATE_FORMAT` varchar(50) COLLATE utf8_unicode_ci DEFAULT 'M j, Y',
  `LONG_DATE_FORMAT` varchar(50) COLLATE utf8_unicode_ci DEFAULT 'F j, Y',
  `FULL_DATE_FORMAT` varchar(50) COLLATE utf8_unicode_ci DEFAULT 'l, F j, Y',
  `DAY_MONTH_FORMAT` varchar(50) COLLATE utf8_unicode_ci DEFAULT 'M j',
  `SHORT_TIME_FORMAT` varchar(50) COLLATE utf8_unicode_ci DEFAULT 'g:i a',
  `LONG_TIME_FORMAT` varchar(50) COLLATE utf8_unicode_ci DEFAULT 'g:i:s a',
  `AM_VALUE` varchar(20) COLLATE utf8_unicode_ci DEFAULT 'am',
  `PM_VALUE` varchar(20) COLLATE utf8_unicode_ci DEFAULT 'pm',
  `NUMBER_THOUSANDS_SEPARATOR` varchar(10) COLLATE utf8_unicode_ci DEFAULT ',',
  `NUMBER_DECIMAL_SEPARATOR` varchar(10) COLLATE utf8_unicode_ci DEFAULT '.',
  `NUMBER_DECIMALS` tinyint(4) DEFAULT '2'
) ENGINE=InnoDB DEFAULT CHARSET=utf8 COLLATE=utf8_unicode_ci;

--
-- Дамп данных таблицы `b_culture`
--

INSERT INTO `b_culture` (`ID`, `CODE`, `NAME`, `FORMAT_DATE`, `FORMAT_DATETIME`, `FORMAT_NAME`, `WEEK_START`, `CHARSET`, `DIRECTION`, `SHORT_DATE_FORMAT`, `MEDIUM_DATE_FORMAT`, `LONG_DATE_FORMAT`, `FULL_DATE_FORMAT`, `DAY_MONTH_FORMAT`, `SHORT_TIME_FORMAT`, `LONG_TIME_FORMAT`, `AM_VALUE`, `PM_VALUE`, `NUMBER_THOUSANDS_SEPARATOR`, `NUMBER_DECIMAL_SEPARATOR`, `NUMBER_DECIMALS`) VALUES
(1, 'ru', 'ru', 'DD.MM.YYYY', 'DD.MM.YYYY HH:MI:SS', '#NAME# #LAST_NAME#', 1, 'UTF-8', 'Y', 'd.m.Y', 'j M Y', 'j F Y', 'l, j F  Y', 'j F', 'H:i', 'H:i:s', 'am', 'pm', ' ', ',', 2),
(2, 'en', 'en', 'MM/DD/YYYY', 'MM/DD/YYYY H:MI:SS T', '#NAME# #LAST_NAME#', 0, 'UTF-8', 'Y', 'n/j/Y', 'M j, Y', 'F j, Y', 'l, F j, Y', 'F j', 'g:i a', 'g:i:s a', 'am', 'pm', ',', '.', 2);

-- --------------------------------------------------------

--
-- Структура таблицы `b_event`
--

CREATE TABLE `b_event` (
  `ID` int(18) NOT NULL,
  `EVENT_NAME` varchar(255) COLLATE utf8_unicode_ci NOT NULL,
  `MESSAGE_ID` int(18) DEFAULT NULL,
  `LID` varchar(255) COLLATE utf8_unicode_ci NOT NULL,
  `C_FIELDS` longtext COLLATE utf8_unicode_ci,
  `DATE_INSERT` datetime DEFAULT NULL,
  `DATE_EXEC` datetime DEFAULT NULL,
  `SUCCESS_EXEC` char(1) COLLATE utf8_unicode_ci NOT NULL DEFAULT 'N',
  `DUPLICATE` char(1) COLLATE utf8_unicode_ci NOT NULL DEFAULT 'Y',
  `LANGUAGE_ID` char(2) COLLATE utf8_unicode_ci DEFAULT NULL
) ENGINE=InnoDB DEFAULT CHARSET=utf8 COLLATE=utf8_unicode_ci;

-- --------------------------------------------------------

--
-- Структура таблицы `b_event_attachment`
--

CREATE TABLE `b_event_attachment` (
  `EVENT_ID` int(18) NOT NULL,
  `FILE_ID` int(18) NOT NULL,
  `IS_FILE_COPIED` char(1) COLLATE utf8_unicode_ci NOT NULL DEFAULT 'Y'
) ENGINE=InnoDB DEFAULT CHARSET=utf8 COLLATE=utf8_unicode_ci;

-- --------------------------------------------------------

--
-- Структура таблицы `b_event_log`
--

CREATE TABLE `b_event_log` (
  `ID` int(18) NOT NULL,
  `TIMESTAMP_X` timestamp NOT NULL DEFAULT CURRENT_TIMESTAMP ON UPDATE CURRENT_TIMESTAMP,
  `SEVERITY` varchar(50) COLLATE utf8_unicode_ci NOT NULL,
  `AUDIT_TYPE_ID` varchar(50) COLLATE utf8_unicode_ci NOT NULL,
  `MODULE_ID` varchar(50) COLLATE utf8_unicode_ci NOT NULL,
  `ITEM_ID` varchar(255) COLLATE utf8_unicode_ci NOT NULL,
  `REMOTE_ADDR` varchar(40) COLLATE utf8_unicode_ci DEFAULT NULL,
  `USER_AGENT` text COLLATE utf8_unicode_ci,
  `REQUEST_URI` text COLLATE utf8_unicode_ci,
  `SITE_ID` char(2) COLLATE utf8_unicode_ci DEFAULT NULL,
  `USER_ID` int(18) DEFAULT NULL,
  `GUEST_ID` int(18) DEFAULT NULL,
  `DESCRIPTION` mediumtext COLLATE utf8_unicode_ci
) ENGINE=InnoDB DEFAULT CHARSET=utf8 COLLATE=utf8_unicode_ci;

--
-- Дамп данных таблицы `b_event_log`
--

INSERT INTO `b_event_log` (`ID`, `TIMESTAMP_X`, `SEVERITY`, `AUDIT_TYPE_ID`, `MODULE_ID`, `ITEM_ID`, `REMOTE_ADDR`, `USER_AGENT`, `REQUEST_URI`, `SITE_ID`, `USER_ID`, `GUEST_ID`, `DESCRIPTION`) VALUES
(513, '2024-08-06 05:17:37', 'WARNING', 'SITE_CHECKER_ERROR', 'main', 'CSiteCheckerTest::CommonTest();', '-', '-', '/', 's1', NULL, NULL, ''),
(514, '2024-08-06 06:33:20', 'UNKNOWN', 'PAGE_EDIT', 'main', 'UNKNOWN', '127.0.0.1', 'Mozilla/5.0 (Windows NT 6.1; WOW64) AppleWebKit/537.36 (KHTML, like Gecko) Chrome/109.0.0.0 Safari/537.36 OPR/95.0.0.0', '/bitrix/admin/public_file_edit_src.php?bxsender=core_window_cdialog&lang=ru&site=ru&back_url=%2F%3Fbitrix_include_areas%3DY&path=%2Fbitrix%2Ftemplates%2F.default%2Fcomponents%2Fbitrix%2Fnews.list%2Fslider%2Ftemplate.php', 's1', 1, NULL, 'a:1:{s:4:\"path\";s:73:\"bitrix/templates/.default/components/bitrix/news.list/slider/template.php\";}'),
(515, '2024-08-06 06:37:37', 'UNKNOWN', 'PAGE_EDIT', 'main', 'UNKNOWN', '127.0.0.1', 'Mozilla/5.0 (Windows NT 6.1; WOW64) AppleWebKit/537.36 (KHTML, like Gecko) Chrome/109.0.0.0 Safari/537.36 OPR/95.0.0.0', '/bitrix/admin/public_file_edit_src.php?bxsender=core_window_cdialog&lang=ru&site=ru&back_url=%2F%3Fbitrix_include_areas%3DY%26clear_cache%3DY&path=%2Fbitrix%2Ftemplates%2Fgeometria%2Fcomponents%2Fbitrix%2Fnews.list%2Fslide%2Ftemplate.php', 's1', 1, NULL, 'a:1:{s:4:\"path\";s:73:\"bitrix/templates/geometria/components/bitrix/news.list/slide/template.php\";}'),
(516, '2024-08-07 15:42:09', 'WARNING', 'SITE_CHECKER_ERROR', 'main', 'CSiteCheckerTest::CommonTest();', '-', '-', '/?bitrix_include_areas=N&clear_cache=Y', 's1', NULL, NULL, '');

-- --------------------------------------------------------

--
-- Структура таблицы `b_event_message`
--

CREATE TABLE `b_event_message` (
  `ID` int(18) NOT NULL,
  `TIMESTAMP_X` timestamp NOT NULL DEFAULT CURRENT_TIMESTAMP ON UPDATE CURRENT_TIMESTAMP,
  `EVENT_NAME` varchar(255) COLLATE utf8_unicode_ci NOT NULL,
  `LID` char(2) COLLATE utf8_unicode_ci DEFAULT NULL,
  `ACTIVE` char(1) COLLATE utf8_unicode_ci NOT NULL DEFAULT 'Y',
  `EMAIL_FROM` varchar(255) COLLATE utf8_unicode_ci NOT NULL DEFAULT '#EMAIL_FROM#',
  `EMAIL_TO` varchar(255) COLLATE utf8_unicode_ci NOT NULL DEFAULT '#EMAIL_TO#',
  `SUBJECT` varchar(255) COLLATE utf8_unicode_ci DEFAULT NULL,
  `MESSAGE` longtext COLLATE utf8_unicode_ci,
  `MESSAGE_PHP` longtext COLLATE utf8_unicode_ci,
  `BODY_TYPE` varchar(4) COLLATE utf8_unicode_ci NOT NULL DEFAULT 'text',
  `BCC` text COLLATE utf8_unicode_ci,
  `REPLY_TO` varchar(255) COLLATE utf8_unicode_ci DEFAULT NULL,
  `CC` varchar(255) COLLATE utf8_unicode_ci DEFAULT NULL,
  `IN_REPLY_TO` varchar(255) COLLATE utf8_unicode_ci DEFAULT NULL,
  `PRIORITY` varchar(50) COLLATE utf8_unicode_ci DEFAULT NULL,
  `FIELD1_NAME` varchar(50) COLLATE utf8_unicode_ci DEFAULT NULL,
  `FIELD1_VALUE` varchar(255) COLLATE utf8_unicode_ci DEFAULT NULL,
  `FIELD2_NAME` varchar(50) COLLATE utf8_unicode_ci DEFAULT NULL,
  `FIELD2_VALUE` varchar(255) COLLATE utf8_unicode_ci DEFAULT NULL,
  `SITE_TEMPLATE_ID` varchar(255) COLLATE utf8_unicode_ci DEFAULT NULL,
  `ADDITIONAL_FIELD` text COLLATE utf8_unicode_ci,
  `LANGUAGE_ID` char(2) COLLATE utf8_unicode_ci DEFAULT NULL
) ENGINE=InnoDB DEFAULT CHARSET=utf8 COLLATE=utf8_unicode_ci;

--
-- Дамп данных таблицы `b_event_message`
--

INSERT INTO `b_event_message` (`ID`, `TIMESTAMP_X`, `EVENT_NAME`, `LID`, `ACTIVE`, `EMAIL_FROM`, `EMAIL_TO`, `SUBJECT`, `MESSAGE`, `MESSAGE_PHP`, `BODY_TYPE`, `BCC`, `REPLY_TO`, `CC`, `IN_REPLY_TO`, `PRIORITY`, `FIELD1_NAME`, `FIELD1_VALUE`, `FIELD2_NAME`, `FIELD2_VALUE`, `SITE_TEMPLATE_ID`, `ADDITIONAL_FIELD`, `LANGUAGE_ID`) VALUES
(1, '2019-04-22 12:42:03', 'NEW_USER', 's1', 'Y', '#DEFAULT_EMAIL_FROM#', '#DEFAULT_EMAIL_FROM#', '#SITE_NAME#: Зарегистрировался новый пользователь', 'Информационное сообщение сайта #SITE_NAME#\n------------------------------------------\n\nНа сайте #SERVER_NAME# успешно зарегистрирован новый пользователь.\n\nДанные пользователя:\nID пользователя: #USER_ID#\n\nИмя: #NAME#\nФамилия: #LAST_NAME#\nE-Mail: #EMAIL#\n\nLogin: #LOGIN#\n\nПисьмо сгенерировано автоматически.', 'Информационное сообщение сайта <?=$arParams[\"SITE_NAME\"];?>\n\n------------------------------------------\n\nНа сайте <?=$arParams[\"SERVER_NAME\"];?> успешно зарегистрирован новый пользователь.\n\nДанные пользователя:\nID пользователя: <?=$arParams[\"USER_ID\"];?>\n\n\nИмя: <?=$arParams[\"NAME\"];?>\n\nФамилия: <?=$arParams[\"LAST_NAME\"];?>\n\nE-Mail: <?=$arParams[\"EMAIL\"];?>\n\n\nLogin: <?=$arParams[\"LOGIN\"];?>\n\n\nПисьмо сгенерировано автоматически.', 'text', NULL, NULL, NULL, NULL, NULL, NULL, NULL, NULL, NULL, NULL, NULL, 'ru'),
(2, '2019-04-22 12:42:03', 'USER_INFO', 's1', 'Y', '#DEFAULT_EMAIL_FROM#', '#EMAIL#', '#SITE_NAME#: Регистрационная информация', 'Информационное сообщение сайта #SITE_NAME#\n------------------------------------------\n#NAME# #LAST_NAME#,\n\n#MESSAGE#\n\nВаша регистрационная информация:\n\nID пользователя: #USER_ID#\nСтатус профиля: #STATUS#\nLogin: #LOGIN#\n\nВы можете изменить пароль, перейдя по следующей ссылке:\nhttp://#SERVER_NAME#/auth/index.php?change_password=yes&lang=ru&USER_CHECKWORD=#CHECKWORD#&USER_LOGIN=#URL_LOGIN#\n\nСообщение сгенерировано автоматически.', 'Информационное сообщение сайта <?=$arParams[\"SITE_NAME\"];?>\n\n------------------------------------------\n<?=$arParams[\"NAME\"];?> <?=$arParams[\"LAST_NAME\"];?>,\n\n<?=$arParams[\"MESSAGE\"];?>\n\n\nВаша регистрационная информация:\n\nID пользователя: <?=$arParams[\"USER_ID\"];?>\n\nСтатус профиля: <?=$arParams[\"STATUS\"];?>\n\nLogin: <?=$arParams[\"LOGIN\"];?>\n\n\nВы можете изменить пароль, перейдя по следующей ссылке:\nhttp://<?=$arParams[\"SERVER_NAME\"];?>/auth/index.php?change_password=yes&lang=ru&USER_CHECKWORD=<?=$arParams[\"CHECKWORD\"];?>&USER_LOGIN=<?=$arParams[\"URL_LOGIN\"];?>\n\n\nСообщение сгенерировано автоматически.', 'text', NULL, NULL, NULL, NULL, NULL, NULL, NULL, NULL, NULL, NULL, NULL, 'ru'),
(3, '2019-04-22 12:42:03', 'USER_PASS_REQUEST', 's1', 'Y', '#DEFAULT_EMAIL_FROM#', '#EMAIL#', '#SITE_NAME#: Запрос на смену пароля', 'Информационное сообщение сайта #SITE_NAME#\n------------------------------------------\n#NAME# #LAST_NAME#,\n\n#MESSAGE#\n\nДля смены пароля перейдите по следующей ссылке:\nhttp://#SERVER_NAME#/auth/index.php?change_password=yes&lang=ru&USER_CHECKWORD=#CHECKWORD#&USER_LOGIN=#URL_LOGIN#\n\nВаша регистрационная информация:\n\nID пользователя: #USER_ID#\nСтатус профиля: #STATUS#\nLogin: #LOGIN#\n\nСообщение сгенерировано автоматически.', 'Информационное сообщение сайта <?=$arParams[\"SITE_NAME\"];?>\n\n------------------------------------------\n<?=$arParams[\"NAME\"];?> <?=$arParams[\"LAST_NAME\"];?>,\n\n<?=$arParams[\"MESSAGE\"];?>\n\n\nДля смены пароля перейдите по следующей ссылке:\nhttp://<?=$arParams[\"SERVER_NAME\"];?>/auth/index.php?change_password=yes&lang=ru&USER_CHECKWORD=<?=$arParams[\"CHECKWORD\"];?>&USER_LOGIN=<?=$arParams[\"URL_LOGIN\"];?>\n\n\nВаша регистрационная информация:\n\nID пользователя: <?=$arParams[\"USER_ID\"];?>\n\nСтатус профиля: <?=$arParams[\"STATUS\"];?>\n\nLogin: <?=$arParams[\"LOGIN\"];?>\n\n\nСообщение сгенерировано автоматически.', 'text', NULL, NULL, NULL, NULL, NULL, NULL, NULL, NULL, NULL, NULL, NULL, 'ru'),
(4, '2019-04-22 12:42:03', 'USER_PASS_CHANGED', 's1', 'Y', '#DEFAULT_EMAIL_FROM#', '#EMAIL#', '#SITE_NAME#: Подтверждение смены пароля', 'Информационное сообщение сайта #SITE_NAME#\n------------------------------------------\n#NAME# #LAST_NAME#,\n\n#MESSAGE#\n\nВаша регистрационная информация:\n\nID пользователя: #USER_ID#\nСтатус профиля: #STATUS#\nLogin: #LOGIN#\n\nСообщение сгенерировано автоматически.', 'Информационное сообщение сайта <?=$arParams[\"SITE_NAME\"];?>\n\n------------------------------------------\n<?=$arParams[\"NAME\"];?> <?=$arParams[\"LAST_NAME\"];?>,\n\n<?=$arParams[\"MESSAGE\"];?>\n\n\nВаша регистрационная информация:\n\nID пользователя: <?=$arParams[\"USER_ID\"];?>\n\nСтатус профиля: <?=$arParams[\"STATUS\"];?>\n\nLogin: <?=$arParams[\"LOGIN\"];?>\n\n\nСообщение сгенерировано автоматически.', 'text', NULL, NULL, NULL, NULL, NULL, NULL, NULL, NULL, NULL, NULL, NULL, 'ru'),
(5, '2019-04-22 12:42:03', 'NEW_USER_CONFIRM', 's1', 'Y', '#DEFAULT_EMAIL_FROM#', '#EMAIL#', '#SITE_NAME#: Подтверждение регистрации нового пользователя', 'Информационное сообщение сайта #SITE_NAME#\n------------------------------------------\n\nЗдравствуйте,\n\nВы получили это сообщение, так как ваш адрес был использован при регистрации нового пользователя на сервере #SERVER_NAME#.\n\nВаш код для подтверждения регистрации: #CONFIRM_CODE#\n\nДля подтверждения регистрации перейдите по следующей ссылке:\nhttp://#SERVER_NAME#/auth/index.php?confirm_registration=yes&confirm_user_id=#USER_ID#&confirm_code=#CONFIRM_CODE#\n\nВы также можете ввести код для подтверждения регистрации на странице:\nhttp://#SERVER_NAME#/auth/index.php?confirm_registration=yes&confirm_user_id=#USER_ID#\n\nВнимание! Ваш профиль не будет активным, пока вы не подтвердите свою регистрацию.\n\n---------------------------------------------------------------------\n\nСообщение сгенерировано автоматически.', 'Информационное сообщение сайта <?=$arParams[\"SITE_NAME\"];?>\n\n------------------------------------------\n\nЗдравствуйте,\n\nВы получили это сообщение, так как ваш адрес был использован при регистрации нового пользователя на сервере <?=$arParams[\"SERVER_NAME\"];?>.\n\nВаш код для подтверждения регистрации: <?=$arParams[\"CONFIRM_CODE\"];?>\n\n\nДля подтверждения регистрации перейдите по следующей ссылке:\nhttp://<?=$arParams[\"SERVER_NAME\"];?>/auth/index.php?confirm_registration=yes&confirm_user_id=<?=$arParams[\"USER_ID\"];?>&confirm_code=<?=$arParams[\"CONFIRM_CODE\"];?>\n\n\nВы также можете ввести код для подтверждения регистрации на странице:\nhttp://<?=$arParams[\"SERVER_NAME\"];?>/auth/index.php?confirm_registration=yes&confirm_user_id=<?=$arParams[\"USER_ID\"];?>\n\n\nВнимание! Ваш профиль не будет активным, пока вы не подтвердите свою регистрацию.\n\n---------------------------------------------------------------------\n\nСообщение сгенерировано автоматически.', 'text', NULL, NULL, NULL, NULL, NULL, NULL, NULL, NULL, NULL, NULL, NULL, 'ru'),
(6, '2019-04-22 12:42:03', 'USER_INVITE', 's1', 'Y', '#DEFAULT_EMAIL_FROM#', '#EMAIL#', '#SITE_NAME#: Приглашение на сайт', 'Информационное сообщение сайта #SITE_NAME#\n------------------------------------------\nЗдравствуйте, #NAME# #LAST_NAME#!\n\nАдминистратором сайта вы добавлены в число зарегистрированных пользователей.\n\nПриглашаем Вас на наш сайт.\n\nВаша регистрационная информация:\n\nID пользователя: #ID#\nLogin: #LOGIN#\n\nРекомендуем вам сменить установленный автоматически пароль.\n\nДля смены пароля перейдите по следующей ссылке:\nhttp://#SERVER_NAME#/auth.php?change_password=yes&USER_LOGIN=#URL_LOGIN#&USER_CHECKWORD=#CHECKWORD#\n', 'Информационное сообщение сайта <?=$arParams[\"SITE_NAME\"];?>\n\n------------------------------------------\nЗдравствуйте, <?=$arParams[\"NAME\"];?> <?=$arParams[\"LAST_NAME\"];?>!\n\nАдминистратором сайта вы добавлены в число зарегистрированных пользователей.\n\nПриглашаем Вас на наш сайт.\n\nВаша регистрационная информация:\n\nID пользователя: <?=$arParams[\"ID\"];?>\n\nLogin: <?=$arParams[\"LOGIN\"];?>\n\n\nРекомендуем вам сменить установленный автоматически пароль.\n\nДля смены пароля перейдите по следующей ссылке:\nhttp://<?=$arParams[\"SERVER_NAME\"];?>/auth.php?change_password=yes&USER_LOGIN=<?=$arParams[\"URL_LOGIN\"];?>&USER_CHECKWORD=<?=$arParams[\"CHECKWORD\"];?>\n\n', 'text', NULL, NULL, NULL, NULL, NULL, NULL, NULL, NULL, NULL, NULL, NULL, 'ru'),
(7, '2019-04-22 12:42:03', 'FEEDBACK_FORM', 's1', 'Y', '#DEFAULT_EMAIL_FROM#', '#EMAIL_TO#', '#SITE_NAME#: Сообщение из формы обратной связи', 'Информационное сообщение сайта #SITE_NAME#\n------------------------------------------\n\nВам было отправлено сообщение через форму обратной связи\n\nАвтор: #AUTHOR#\nE-mail автора: #AUTHOR_EMAIL#\n\nТекст сообщения:\n#TEXT#\n\nСообщение сгенерировано автоматически.', 'Информационное сообщение сайта <?=$arParams[\"SITE_NAME\"];?>\n\n------------------------------------------\n\nВам было отправлено сообщение через форму обратной связи\n\nАвтор: <?=$arParams[\"AUTHOR\"];?>\n\nE-mail автора: <?=$arParams[\"AUTHOR_EMAIL\"];?>\n\n\nТекст сообщения:\n<?=$arParams[\"TEXT\"];?>\n\n\nСообщение сгенерировано автоматически.', 'text', NULL, NULL, NULL, NULL, NULL, NULL, NULL, NULL, NULL, NULL, NULL, 'ru'),
(8, '2019-04-22 12:42:03', 'MAIN_MAIL_CONFIRM_CODE', 's1', 'Y', '#DEFAULT_EMAIL_FROM#', '#EMAIL_TO#', '#MESSAGE_SUBJECT#', '<? EventMessageThemeCompiler::includeComponent(\'bitrix:main.mail.confirm\', \'\', $arParams); ?>', '<? EventMessageThemeCompiler::includeComponent(\'bitrix:main.mail.confirm\', \'\', $arParams); ?>', 'html', NULL, NULL, NULL, NULL, NULL, NULL, NULL, NULL, NULL, 'mail_join', NULL, NULL);

-- --------------------------------------------------------

--
-- Структура таблицы `b_event_message_attachment`
--

CREATE TABLE `b_event_message_attachment` (
  `EVENT_MESSAGE_ID` int(18) NOT NULL,
  `FILE_ID` int(18) NOT NULL
) ENGINE=InnoDB DEFAULT CHARSET=utf8 COLLATE=utf8_unicode_ci;

-- --------------------------------------------------------

--
-- Структура таблицы `b_event_message_site`
--

CREATE TABLE `b_event_message_site` (
  `EVENT_MESSAGE_ID` int(11) NOT NULL,
  `SITE_ID` char(2) COLLATE utf8_unicode_ci NOT NULL
) ENGINE=InnoDB DEFAULT CHARSET=utf8 COLLATE=utf8_unicode_ci;

--
-- Дамп данных таблицы `b_event_message_site`
--

INSERT INTO `b_event_message_site` (`EVENT_MESSAGE_ID`, `SITE_ID`) VALUES
(1, 's1'),
(2, 's1'),
(3, 's1'),
(4, 's1'),
(5, 's1'),
(6, 's1'),
(7, 's1'),
(8, 's1');

-- --------------------------------------------------------

--
-- Структура таблицы `b_event_type`
--

CREATE TABLE `b_event_type` (
  `ID` int(18) NOT NULL,
  `LID` char(2) COLLATE utf8_unicode_ci NOT NULL,
  `EVENT_NAME` varchar(255) COLLATE utf8_unicode_ci NOT NULL,
  `NAME` varchar(100) COLLATE utf8_unicode_ci DEFAULT NULL,
  `DESCRIPTION` text COLLATE utf8_unicode_ci,
  `SORT` int(18) NOT NULL DEFAULT '150',
  `EVENT_TYPE` varchar(10) COLLATE utf8_unicode_ci NOT NULL DEFAULT 'email'
) ENGINE=InnoDB DEFAULT CHARSET=utf8 COLLATE=utf8_unicode_ci;

--
-- Дамп данных таблицы `b_event_type`
--

INSERT INTO `b_event_type` (`ID`, `LID`, `EVENT_NAME`, `NAME`, `DESCRIPTION`, `SORT`, `EVENT_TYPE`) VALUES
(1, 'ru', 'NEW_USER', 'Зарегистрировался новый пользователь', '\n\n#USER_ID# - ID пользователя\n#LOGIN# - Логин\n#EMAIL# - EMail\n#NAME# - Имя\n#LAST_NAME# - Фамилия\n#USER_IP# - IP пользователя\n#USER_HOST# - Хост пользователя\n', 1, 'email'),
(2, 'ru', 'USER_INFO', 'Информация о пользователе', '\n\n#USER_ID# - ID пользователя\n#STATUS# - Статус логина\n#MESSAGE# - Сообщение пользователю\n#LOGIN# - Логин\n#URL_LOGIN# - Логин, закодированный для использования в URL\n#CHECKWORD# - Контрольная строка для смены пароля\n#NAME# - Имя\n#LAST_NAME# - Фамилия\n#EMAIL# - E-Mail пользователя\n', 2, 'email'),
(3, 'ru', 'NEW_USER_CONFIRM', 'Подтверждение регистрации нового пользователя', '\n\n\n#USER_ID# - ID пользователя\n#LOGIN# - Логин\n#EMAIL# - EMail\n#NAME# - Имя\n#LAST_NAME# - Фамилия\n#USER_IP# - IP пользователя\n#USER_HOST# - Хост пользователя\n#CONFIRM_CODE# - Код подтверждения\n', 3, 'email'),
(4, 'ru', 'USER_PASS_REQUEST', 'Запрос на смену пароля', '\n\n#USER_ID# - ID пользователя\n#STATUS# - Статус логина\n#MESSAGE# - Сообщение пользователю\n#LOGIN# - Логин\n#URL_LOGIN# - Логин, закодированный для использования в URL\n#CHECKWORD# - Контрольная строка для смены пароля\n#NAME# - Имя\n#LAST_NAME# - Фамилия\n#EMAIL# - E-Mail пользователя\n', 4, 'email'),
(5, 'ru', 'USER_PASS_CHANGED', 'Подтверждение смены пароля', '\n\n#USER_ID# - ID пользователя\n#STATUS# - Статус логина\n#MESSAGE# - Сообщение пользователю\n#LOGIN# - Логин\n#URL_LOGIN# - Логин, закодированный для использования в URL\n#CHECKWORD# - Контрольная строка для смены пароля\n#NAME# - Имя\n#LAST_NAME# - Фамилия\n#EMAIL# - E-Mail пользователя\n', 5, 'email'),
(6, 'ru', 'USER_INVITE', 'Приглашение на сайт нового пользователя', '#ID# - ID пользователя\n#LOGIN# - Логин\n#URL_LOGIN# - Логин, закодированный для использования в URL\n#EMAIL# - EMail\n#NAME# - Имя\n#LAST_NAME# - Фамилия\n#PASSWORD# - пароль пользователя \n#CHECKWORD# - Контрольная строка для смены пароля\n#XML_ID# - ID пользователя для связи с внешними источниками\n', 6, 'email'),
(7, 'ru', 'FEEDBACK_FORM', 'Отправка сообщения через форму обратной связи', '#AUTHOR# - Автор сообщения\n#AUTHOR_EMAIL# - Email автора сообщения\n#TEXT# - Текст сообщения\n#EMAIL_FROM# - Email отправителя письма\n#EMAIL_TO# - Email получателя письма', 7, 'email'),
(8, 'ru', 'MAIN_MAIL_CONFIRM_CODE', 'Подтверждение email-адреса отправителя', '\n\n#EMAIL_TO# - Email-адрес для подтверждения\n#MESSAGE_SUBJECT# - Тема сообщения\n#CONFIRM_CODE# - Код подтверждения', 8, 'email'),
(9, 'en', 'NEW_USER', 'New user was registered', '\n\n#USER_ID# - User ID\n#LOGIN# - Login\n#EMAIL# - EMail\n#NAME# - Name\n#LAST_NAME# - Last Name\n#USER_IP# - User IP\n#USER_HOST# - User Host\n', 1, 'email'),
(10, 'en', 'USER_INFO', 'Account Information', '\n\n#USER_ID# - User ID\n#STATUS# - Account status\n#MESSAGE# - Message for user\n#LOGIN# - Login\n#URL_LOGIN# - Encoded login for use in URL\n#CHECKWORD# - Check string for password change\n#NAME# - Name\n#LAST_NAME# - Last Name\n#EMAIL# - User E-Mail\n', 2, 'email'),
(11, 'en', 'NEW_USER_CONFIRM', 'New user registration confirmation', '\n\n#USER_ID# - User ID\n#LOGIN# - Login\n#EMAIL# - E-mail\n#NAME# - First name\n#LAST_NAME# - Last name\n#USER_IP# - User IP\n#USER_HOST# - User host\n#CONFIRM_CODE# - Confirmation code\n', 3, 'email'),
(12, 'en', 'USER_PASS_REQUEST', 'Password Change Request', '\n\n#USER_ID# - User ID\n#STATUS# - Account status\n#MESSAGE# - Message for user\n#LOGIN# - Login\n#URL_LOGIN# - Encoded login for use in URL\n#CHECKWORD# - Check string for password change\n#NAME# - Name\n#LAST_NAME# - Last Name\n#EMAIL# - User E-Mail\n', 4, 'email'),
(13, 'en', 'USER_PASS_CHANGED', 'Password Change Confirmation', '\n\n#USER_ID# - User ID\n#STATUS# - Account status\n#MESSAGE# - Message for user\n#LOGIN# - Login\n#URL_LOGIN# - Encoded login for use in URL\n#CHECKWORD# - Check string for password change\n#NAME# - Name\n#LAST_NAME# - Last Name\n#EMAIL# - User E-Mail\n', 5, 'email'),
(14, 'en', 'USER_INVITE', 'Invitation of a new site user', '#ID# - User ID\n#LOGIN# - Login\n#URL_LOGIN# - Encoded login for use in URL\n#EMAIL# - EMail\n#NAME# - Name\n#LAST_NAME# - Last Name\n#PASSWORD# - User password \n#CHECKWORD# - Password check string\n#XML_ID# - User ID to link with external data sources\n\n', 6, 'email'),
(15, 'en', 'FEEDBACK_FORM', 'Sending a message using a feedback form', '#AUTHOR# - Message author\n#AUTHOR_EMAIL# - Author\'s e-mail address\n#TEXT# - Message text\n#EMAIL_FROM# - Sender\'s e-mail address\n#EMAIL_TO# - Recipient\'s e-mail address', 7, 'email'),
(16, 'en', 'MAIN_MAIL_CONFIRM_CODE', 'Confirm sender\'s email address', '\n\n#EMAIL_TO# - confirmation email address\n#MESSAGE_SUBJECT# - Message subject\n#CONFIRM_CODE# - Confirmation code', 8, 'email'),
(17, 'ru', 'SMS_USER_CONFIRM_NUMBER', 'Подтверждение номера телефона по СМС', '#USER_PHONE# - номер телефона\r\n#CODE# - код подтверждения\r\n', 150, 'sms'),
(18, 'en', 'SMS_USER_CONFIRM_NUMBER', 'Verify phone number using SMS', '#USER_PHONE# - phone number\n#CODE# - confirmation code', 150, 'sms'),
(19, 'ru', 'SMS_USER_RESTORE_PASSWORD', 'Восстановление пароля через СМС', '#USER_PHONE# - номер телефона\r\n#CODE# - код для восстановления\r\n', 150, 'sms'),
(20, 'en', 'SMS_USER_RESTORE_PASSWORD', 'Recover password using SMS', '#USER_PHONE# - phone number\n#CODE# - recovery confirmation code', 150, 'sms');

-- --------------------------------------------------------

--
-- Структура таблицы `b_favorite`
--

CREATE TABLE `b_favorite` (
  `ID` int(18) NOT NULL,
  `TIMESTAMP_X` datetime DEFAULT NULL,
  `DATE_CREATE` datetime DEFAULT NULL,
  `C_SORT` int(18) NOT NULL DEFAULT '100',
  `MODIFIED_BY` int(18) DEFAULT NULL,
  `CREATED_BY` int(18) DEFAULT NULL,
  `MODULE_ID` varchar(50) COLLATE utf8_unicode_ci DEFAULT NULL,
  `NAME` varchar(255) COLLATE utf8_unicode_ci DEFAULT NULL,
  `URL` text COLLATE utf8_unicode_ci,
  `COMMENTS` text COLLATE utf8_unicode_ci,
  `LANGUAGE_ID` char(2) COLLATE utf8_unicode_ci DEFAULT NULL,
  `USER_ID` int(11) DEFAULT NULL,
  `CODE_ID` int(18) DEFAULT NULL,
  `COMMON` char(1) COLLATE utf8_unicode_ci NOT NULL DEFAULT 'Y',
  `MENU_ID` varchar(255) COLLATE utf8_unicode_ci DEFAULT NULL
) ENGINE=InnoDB DEFAULT CHARSET=utf8 COLLATE=utf8_unicode_ci;

-- --------------------------------------------------------

--
-- Структура таблицы `b_file`
--

CREATE TABLE `b_file` (
  `ID` int(18) NOT NULL,
  `TIMESTAMP_X` timestamp NOT NULL DEFAULT CURRENT_TIMESTAMP ON UPDATE CURRENT_TIMESTAMP,
  `MODULE_ID` varchar(50) COLLATE utf8_unicode_ci DEFAULT NULL,
  `HEIGHT` int(18) DEFAULT NULL,
  `WIDTH` int(18) DEFAULT NULL,
  `FILE_SIZE` bigint(20) DEFAULT NULL,
  `CONTENT_TYPE` varchar(255) COLLATE utf8_unicode_ci DEFAULT 'IMAGE',
  `SUBDIR` varchar(255) COLLATE utf8_unicode_ci DEFAULT NULL,
  `FILE_NAME` varchar(255) COLLATE utf8_unicode_ci NOT NULL,
  `ORIGINAL_NAME` varchar(255) COLLATE utf8_unicode_ci DEFAULT NULL,
  `DESCRIPTION` varchar(255) COLLATE utf8_unicode_ci DEFAULT NULL,
  `HANDLER_ID` varchar(50) COLLATE utf8_unicode_ci DEFAULT NULL,
  `EXTERNAL_ID` varchar(50) COLLATE utf8_unicode_ci DEFAULT NULL
) ENGINE=InnoDB DEFAULT CHARSET=utf8 COLLATE=utf8_unicode_ci;

--
-- Дамп данных таблицы `b_file`
--

INSERT INTO `b_file` (`ID`, `TIMESTAMP_X`, `MODULE_ID`, `HEIGHT`, `WIDTH`, `FILE_SIZE`, `CONTENT_TYPE`, `SUBDIR`, `FILE_NAME`, `ORIGINAL_NAME`, `DESCRIPTION`, `HANDLER_ID`, `EXTERNAL_ID`) VALUES
(1527, '2024-08-06 06:23:13', 'iblock', 100, 100, 16391, 'image/png', 'iblock/b9d', 'b9d2fb5d40b6804e4b4b149801c77975.png', 'kirill.png', '', NULL, '5c63d8c428c2ed31fbe5bcb972f148ca'),
(1528, '2024-08-06 06:27:08', 'iblock', 193, 192, 44326, 'image/png', 'iblock/cab', 'cabcc44e9a763e7f09e0a7056cef3861.png', 'guido_horing.png', '', NULL, '18c1d3c166587da0a0237abe0f272779'),
(1529, '2024-08-06 06:27:22', 'iblock', 100, 100, 18329, 'image/png', 'iblock/3e2', '3e2abb4d6efde11f9675047963474001.png', 'alina.png', '', NULL, '668a31b90a6e43ca133b53806f98f3e6');

-- --------------------------------------------------------

--
-- Структура таблицы `b_file_preview`
--

CREATE TABLE `b_file_preview` (
  `ID` int(18) NOT NULL,
  `FILE_ID` int(18) NOT NULL,
  `PREVIEW_ID` int(18) DEFAULT NULL,
  `PREVIEW_IMAGE_ID` int(18) DEFAULT NULL,
  `CREATED_AT` datetime NOT NULL,
  `TOUCHED_AT` datetime DEFAULT NULL
) ENGINE=InnoDB DEFAULT CHARSET=utf8 COLLATE=utf8_unicode_ci;

-- --------------------------------------------------------

--
-- Структура таблицы `b_file_search`
--

CREATE TABLE `b_file_search` (
  `ID` int(11) NOT NULL,
  `SESS_ID` varchar(255) COLLATE utf8_unicode_ci NOT NULL,
  `TIMESTAMP_X` timestamp NOT NULL DEFAULT CURRENT_TIMESTAMP ON UPDATE CURRENT_TIMESTAMP,
  `F_PATH` varchar(255) COLLATE utf8_unicode_ci DEFAULT NULL,
  `B_DIR` int(11) NOT NULL DEFAULT '0',
  `F_SIZE` int(11) NOT NULL DEFAULT '0',
  `F_TIME` int(11) NOT NULL DEFAULT '0'
) ENGINE=InnoDB DEFAULT CHARSET=utf8 COLLATE=utf8_unicode_ci;

-- --------------------------------------------------------

--
-- Структура таблицы `b_filters`
--

CREATE TABLE `b_filters` (
  `ID` int(18) NOT NULL,
  `USER_ID` int(18) DEFAULT NULL,
  `FILTER_ID` varchar(255) COLLATE utf8_unicode_ci NOT NULL,
  `NAME` varchar(255) COLLATE utf8_unicode_ci NOT NULL,
  `FIELDS` text COLLATE utf8_unicode_ci NOT NULL,
  `COMMON` char(1) COLLATE utf8_unicode_ci DEFAULT NULL,
  `PRESET` char(1) COLLATE utf8_unicode_ci DEFAULT NULL,
  `LANGUAGE_ID` char(2) COLLATE utf8_unicode_ci DEFAULT NULL,
  `PRESET_ID` varchar(255) COLLATE utf8_unicode_ci DEFAULT NULL,
  `SORT` int(18) DEFAULT NULL,
  `SORT_FIELD` varchar(255) COLLATE utf8_unicode_ci DEFAULT NULL
) ENGINE=InnoDB DEFAULT CHARSET=utf8 COLLATE=utf8_unicode_ci;

-- --------------------------------------------------------

--
-- Структура таблицы `b_finder_dest`
--

CREATE TABLE `b_finder_dest` (
  `USER_ID` int(11) NOT NULL,
  `CODE` varchar(30) COLLATE utf8_unicode_ci NOT NULL,
  `CODE_USER_ID` int(11) DEFAULT NULL,
  `CODE_TYPE` varchar(10) COLLATE utf8_unicode_ci DEFAULT NULL,
  `CONTEXT` varchar(50) COLLATE utf8_unicode_ci NOT NULL,
  `LAST_USE_DATE` datetime DEFAULT NULL
) ENGINE=InnoDB DEFAULT CHARSET=utf8 COLLATE=utf8_unicode_ci;

-- --------------------------------------------------------

--
-- Структура таблицы `b_geoip_handlers`
--

CREATE TABLE `b_geoip_handlers` (
  `ID` int(11) NOT NULL,
  `SORT` int(10) NOT NULL DEFAULT '100',
  `ACTIVE` char(1) COLLATE utf8_unicode_ci NOT NULL DEFAULT 'Y',
  `CLASS_NAME` varchar(255) COLLATE utf8_unicode_ci NOT NULL,
  `CONFIG` text COLLATE utf8_unicode_ci
) ENGINE=InnoDB DEFAULT CHARSET=utf8 COLLATE=utf8_unicode_ci;

--
-- Дамп данных таблицы `b_geoip_handlers`
--

INSERT INTO `b_geoip_handlers` (`ID`, `SORT`, `ACTIVE`, `CLASS_NAME`, `CONFIG`) VALUES
(1, 90, 'Y', '\\Bitrix\\Main\\Service\\GeoIp\\Extension', NULL),
(2, 100, 'N', '\\Bitrix\\Main\\Service\\GeoIp\\MaxMind', NULL),
(3, 110, 'Y', '\\Bitrix\\Main\\Service\\GeoIp\\SypexGeo', NULL);

-- --------------------------------------------------------

--
-- Структура таблицы `b_group`
--

CREATE TABLE `b_group` (
  `ID` int(18) NOT NULL,
  `TIMESTAMP_X` timestamp NOT NULL DEFAULT CURRENT_TIMESTAMP ON UPDATE CURRENT_TIMESTAMP,
  `ACTIVE` char(1) COLLATE utf8_unicode_ci NOT NULL DEFAULT 'Y',
  `C_SORT` int(18) NOT NULL DEFAULT '100',
  `ANONYMOUS` char(1) COLLATE utf8_unicode_ci NOT NULL DEFAULT 'N',
  `IS_SYSTEM` char(1) COLLATE utf8_unicode_ci NOT NULL DEFAULT 'Y',
  `NAME` varchar(255) COLLATE utf8_unicode_ci NOT NULL,
  `DESCRIPTION` varchar(255) COLLATE utf8_unicode_ci DEFAULT NULL,
  `SECURITY_POLICY` text COLLATE utf8_unicode_ci,
  `STRING_ID` varchar(255) COLLATE utf8_unicode_ci DEFAULT NULL
) ENGINE=InnoDB DEFAULT CHARSET=utf8 COLLATE=utf8_unicode_ci;

--
-- Дамп данных таблицы `b_group`
--

INSERT INTO `b_group` (`ID`, `TIMESTAMP_X`, `ACTIVE`, `C_SORT`, `ANONYMOUS`, `IS_SYSTEM`, `NAME`, `DESCRIPTION`, `SECURITY_POLICY`, `STRING_ID`) VALUES
(1, '2019-04-22 12:42:03', 'Y', 1, 'N', 'Y', 'Администраторы', 'Полный доступ к управлению сайтом.', NULL, NULL),
(2, '2019-04-22 12:42:03', 'Y', 2, 'Y', 'Y', 'Все пользователи (в том числе неавторизованные)', 'Все пользователи, включая неавторизованных.', NULL, NULL),
(3, '2019-04-22 12:42:03', 'Y', 3, 'N', 'Y', 'Пользователи, имеющие право голосовать за рейтинг', 'В эту группу пользователи добавляются автоматически.', NULL, 'RATING_VOTE'),
(4, '2019-04-22 12:42:03', 'Y', 4, 'N', 'Y', 'Пользователи имеющие право голосовать за авторитет', 'В эту группу пользователи добавляются автоматически.', NULL, 'RATING_VOTE_AUTHORITY'),
(5, '2019-04-22 12:45:05', 'Y', 300, 'N', 'Y', 'Контент-редакторы', NULL, NULL, 'content_editor');

-- --------------------------------------------------------

--
-- Структура таблицы `b_group_collection_task`
--

CREATE TABLE `b_group_collection_task` (
  `GROUP_ID` int(11) NOT NULL,
  `TASK_ID` int(11) NOT NULL,
  `COLLECTION_ID` int(11) NOT NULL
) ENGINE=InnoDB DEFAULT CHARSET=utf8 COLLATE=utf8_unicode_ci;

-- --------------------------------------------------------

--
-- Структура таблицы `b_group_subordinate`
--

CREATE TABLE `b_group_subordinate` (
  `ID` int(18) NOT NULL,
  `AR_SUBGROUP_ID` text COLLATE utf8_unicode_ci NOT NULL
) ENGINE=InnoDB DEFAULT CHARSET=utf8 COLLATE=utf8_unicode_ci;

-- --------------------------------------------------------

--
-- Структура таблицы `b_group_task`
--

CREATE TABLE `b_group_task` (
  `GROUP_ID` int(18) NOT NULL,
  `TASK_ID` int(18) NOT NULL,
  `EXTERNAL_ID` varchar(50) COLLATE utf8_unicode_ci DEFAULT ''
) ENGINE=InnoDB DEFAULT CHARSET=utf8 COLLATE=utf8_unicode_ci;

--
-- Дамп данных таблицы `b_group_task`
--

INSERT INTO `b_group_task` (`GROUP_ID`, `TASK_ID`, `EXTERNAL_ID`) VALUES
(5, 44, '');

-- --------------------------------------------------------

--
-- Структура таблицы `b_hot_keys`
--

CREATE TABLE `b_hot_keys` (
  `ID` int(18) NOT NULL,
  `KEYS_STRING` varchar(20) COLLATE utf8_unicode_ci NOT NULL,
  `CODE_ID` int(18) NOT NULL,
  `USER_ID` int(18) NOT NULL
) ENGINE=InnoDB DEFAULT CHARSET=utf8 COLLATE=utf8_unicode_ci;

--
-- Дамп данных таблицы `b_hot_keys`
--

INSERT INTO `b_hot_keys` (`ID`, `KEYS_STRING`, `CODE_ID`, `USER_ID`) VALUES
(1, 'Ctrl+Alt+85', 139, 0),
(2, 'Ctrl+Alt+80', 17, 0),
(3, 'Ctrl+Alt+70', 120, 0),
(4, 'Ctrl+Alt+68', 117, 0),
(5, 'Ctrl+Alt+81', 3, 0),
(6, 'Ctrl+Alt+75', 106, 0),
(7, 'Ctrl+Alt+79', 133, 0),
(8, 'Ctrl+Alt+70', 121, 0),
(9, 'Ctrl+Alt+69', 118, 0),
(10, 'Ctrl+Shift+83', 87, 0),
(11, 'Ctrl+Shift+88', 88, 0),
(12, 'Ctrl+Shift+76', 89, 0),
(13, 'Ctrl+Alt+85', 139, 1),
(14, 'Ctrl+Alt+80', 17, 1),
(15, 'Ctrl+Alt+70', 120, 1),
(16, 'Ctrl+Alt+68', 117, 1),
(17, 'Ctrl+Alt+81', 3, 1),
(18, 'Ctrl+Alt+75', 106, 1),
(19, 'Ctrl+Alt+79', 133, 1),
(20, 'Ctrl+Alt+70', 121, 1),
(21, 'Ctrl+Alt+69', 118, 1),
(22, 'Ctrl+Shift+83', 87, 1),
(23, 'Ctrl+Shift+88', 88, 1),
(24, 'Ctrl+Shift+76', 89, 1);

-- --------------------------------------------------------

--
-- Структура таблицы `b_hot_keys_code`
--

CREATE TABLE `b_hot_keys_code` (
  `ID` int(18) NOT NULL,
  `CLASS_NAME` varchar(50) COLLATE utf8_unicode_ci DEFAULT NULL,
  `CODE` varchar(255) COLLATE utf8_unicode_ci DEFAULT NULL,
  `NAME` varchar(255) COLLATE utf8_unicode_ci DEFAULT NULL,
  `COMMENTS` varchar(255) COLLATE utf8_unicode_ci DEFAULT NULL,
  `TITLE_OBJ` varchar(50) COLLATE utf8_unicode_ci DEFAULT NULL,
  `URL` varchar(255) COLLATE utf8_unicode_ci DEFAULT NULL,
  `IS_CUSTOM` tinyint(1) NOT NULL DEFAULT '1'
) ENGINE=InnoDB DEFAULT CHARSET=utf8 COLLATE=utf8_unicode_ci;

--
-- Дамп данных таблицы `b_hot_keys_code`
--

INSERT INTO `b_hot_keys_code` (`ID`, `CLASS_NAME`, `CODE`, `NAME`, `COMMENTS`, `TITLE_OBJ`, `URL`, `IS_CUSTOM`) VALUES
(3, 'CAdminTabControl', 'NextTab();', 'HK_DB_CADMINTC', 'HK_DB_CADMINTC_C', 'tab-container', '', 0),
(5, 'btn_new', 'var d=BX (\'btn_new\'); if (d) location.href = d.href;', 'HK_DB_BUT_ADD', 'HK_DB_BUT_ADD_C', 'btn_new', '', 0),
(6, 'btn_excel', 'var d=BX(\'btn_excel\'); if (d) location.href = d.href;', 'HK_DB_BUT_EXL', 'HK_DB_BUT_EXL_C', 'btn_excel', '', 0),
(7, 'btn_settings', 'var d=BX(\'btn_settings\'); if (d) location.href = d.href;', 'HK_DB_BUT_OPT', 'HK_DB_BUT_OPT_C', 'btn_settings', '', 0),
(8, 'btn_list', 'var d=BX(\'btn_list\'); if (d) location.href = d.href;', 'HK_DB_BUT_LST', 'HK_DB_BUT_LST_C', 'btn_list', '', 0),
(9, 'Edit_Save_Button', 'var d=BX .findChild(document, {attribute: {\'name\': \'save\'}}, true );  if (d) d.click();', 'HK_DB_BUT_SAVE', 'HK_DB_BUT_SAVE_C', 'Edit_Save_Button', '', 0),
(10, 'btn_delete', 'var d=BX(\'btn_delete\'); if (d) location.href = d.href;', 'HK_DB_BUT_DEL', 'HK_DB_BUT_DEL_C', 'btn_delete', '', 0),
(12, 'CAdminFilter', 'var d=BX .findChild(document, {attribute: {\'name\': \'find\'}}, true ); if (d) d.focus();', 'HK_DB_FLT_FND', 'HK_DB_FLT_FND_C', 'find', '', 0),
(13, 'CAdminFilter', 'var d=BX .findChild(document, {attribute: {\'name\': \'set_filter\'}}, true );  if (d) d.click();', 'HK_DB_FLT_BUT_F', 'HK_DB_FLT_BUT_F_C', 'set_filter', '', 0),
(14, 'CAdminFilter', 'var d=BX .findChild(document, {attribute: {\'name\': \'del_filter\'}}, true );  if (d) d.click();', 'HK_DB_FLT_BUT_CNL', 'HK_DB_FLT_BUT_CNL_C', 'del_filter', '', 0),
(15, 'bx-panel-admin-button-help-icon-id', 'var d=BX(\'bx-panel-admin-button-help-icon-id\'); if (d) location.href = d.href;', 'HK_DB_BUT_HLP', 'HK_DB_BUT_HLP_C', 'bx-panel-admin-button-help-icon-id', '', 0),
(17, 'Global', 'BXHotKeys.ShowSettings();', 'HK_DB_SHW_L', 'HK_DB_SHW_L_C', 'bx-panel-hotkeys', '', 0),
(19, 'Edit_Apply_Button', 'var d=BX .findChild(document, {attribute: {\'name\': \'apply\'}}, true );  if (d) d.click();', 'HK_DB_BUT_APPL', 'HK_DB_BUT_APPL_C', 'Edit_Apply_Button', '', 0),
(20, 'Edit_Cancel_Button', 'var d=BX .findChild(document, {attribute: {\'name\': \'cancel\'}}, true );  if (d) d.click();', 'HK_DB_BUT_CANCEL', 'HK_DB_BUT_CANCEL_C', 'Edit_Cancel_Button', '', 0),
(54, 'top_panel_org_fav', '', '-=AUTONAME=-', NULL, 'top_panel_org_fav', NULL, 0),
(55, 'top_panel_module_settings', '', '-=AUTONAME=-', NULL, 'top_panel_module_settings', '', 0),
(56, 'top_panel_interface_settings', '', '-=AUTONAME=-', NULL, 'top_panel_interface_settings', '', 0),
(57, 'top_panel_help', '', '-=AUTONAME=-', NULL, 'top_panel_help', '', 0),
(58, 'top_panel_bizproc_tasks', '', '-=AUTONAME=-', NULL, 'top_panel_bizproc_tasks', '', 0),
(59, 'top_panel_add_fav', '', '-=AUTONAME=-', NULL, 'top_panel_add_fav', NULL, 0),
(60, 'top_panel_create_page', '', '-=AUTONAME=-', NULL, 'top_panel_create_page', '', 0),
(62, 'top_panel_create_folder', '', '-=AUTONAME=-', NULL, 'top_panel_create_folder', '', 0),
(63, 'top_panel_edit_page', '', '-=AUTONAME=-', NULL, 'top_panel_edit_page', '', 0),
(64, 'top_panel_page_prop', '', '-=AUTONAME=-', NULL, 'top_panel_page_prop', '', 0),
(65, 'top_panel_edit_page_html', '', '-=AUTONAME=-', NULL, 'top_panel_edit_page_html', '', 0),
(67, 'top_panel_edit_page_php', '', '-=AUTONAME=-', NULL, 'top_panel_edit_page_php', '', 0),
(68, 'top_panel_del_page', '', '-=AUTONAME=-', NULL, 'top_panel_del_page', '', 0),
(69, 'top_panel_folder_prop', '', '-=AUTONAME=-', NULL, 'top_panel_folder_prop', '', 0),
(70, 'top_panel_access_folder_new', '', '-=AUTONAME=-', NULL, 'top_panel_access_folder_new', '', 0),
(71, 'main_top_panel_struct_panel', '', '-=AUTONAME=-', NULL, 'main_top_panel_struct_panel', '', 0),
(72, 'top_panel_cache_page', '', '-=AUTONAME=-', NULL, 'top_panel_cache_page', '', 0),
(73, 'top_panel_cache_comp', '', '-=AUTONAME=-', NULL, 'top_panel_cache_comp', '', 0),
(74, 'top_panel_cache_not', '', '-=AUTONAME=-', NULL, 'top_panel_cache_not', '', 0),
(75, 'top_panel_edit_mode', '', '-=AUTONAME=-', NULL, 'top_panel_edit_mode', '', 0),
(76, 'top_panel_templ_site_css', '', '-=AUTONAME=-', NULL, 'top_panel_templ_site_css', '', 0),
(77, 'top_panel_templ_templ_css', '', '-=AUTONAME=-', NULL, 'top_panel_templ_templ_css', '', 0),
(78, 'top_panel_templ_site', '', '-=AUTONAME=-', NULL, 'top_panel_templ_site', '', 0),
(81, 'top_panel_debug_time', '', '-=AUTONAME=-', NULL, 'top_panel_debug_time', '', 0),
(82, 'top_panel_debug_incl', '', '-=AUTONAME=-', NULL, 'top_panel_debug_incl', '', 0),
(83, 'top_panel_debug_sql', '', '-=AUTONAME=-', NULL, 'top_panel_debug_sql', NULL, 0),
(84, 'top_panel_debug_compr', '', '-=AUTONAME=-', NULL, 'top_panel_debug_compr', '', 0),
(85, 'MTP_SHORT_URI1', '', '-=AUTONAME=-', NULL, 'MTP_SHORT_URI1', '', 0),
(86, 'MTP_SHORT_URI_LIST', '', '-=AUTONAME=-', NULL, 'MTP_SHORT_URI_LIST', '', 0),
(87, 'FMST_PANEL_STICKER_ADD', '', '-=AUTONAME=-', NULL, 'FMST_PANEL_STICKER_ADD', '', 0),
(88, 'FMST_PANEL_STICKERS_SHOW', '', '-=AUTONAME=-', NULL, 'FMST_PANEL_STICKERS_SHOW', '', 0),
(89, 'FMST_PANEL_CUR_STICKER_LIST', '', '-=AUTONAME=-', NULL, 'FMST_PANEL_CUR_STICKER_LIST', '', 0),
(90, 'FMST_PANEL_ALL_STICKER_LIST', '', '-=AUTONAME=-', NULL, 'FMST_PANEL_ALL_STICKER_LIST', '', 0),
(91, 'top_panel_menu', 'var d=BX(\"bx-panel-menu\"); if (d) d.click();', '-=AUTONAME=-', NULL, 'bx-panel-menu', '', 0),
(92, 'top_panel_admin', 'var d=BX(\'bx-panel-admin-tab\'); if (d) location.href = d.href;', '-=AUTONAME=-', NULL, 'bx-panel-admin-tab', '', 0),
(93, 'admin_panel_site', 'var d=BX(\'bx-panel-view-tab\'); if (d) location.href = d.href;', '-=AUTONAME=-', NULL, 'bx-panel-view-tab', '', 0),
(94, 'admin_panel_admin', 'var d=BX(\'bx-panel-admin-tab\'); if (d) location.href = d.href;', '-=AUTONAME=-', NULL, 'bx-panel-admin-tab', '', 0),
(96, 'top_panel_folder_prop_new', '', '-=AUTONAME=-', NULL, 'top_panel_folder_prop_new', '', 0),
(97, 'main_top_panel_structure', '', '-=AUTONAME=-', NULL, 'main_top_panel_structure', '', 0),
(98, 'top_panel_clear_cache', '', '-=AUTONAME=-', NULL, 'top_panel_clear_cache', '', 0),
(99, 'top_panel_templ', '', '-=AUTONAME=-', NULL, 'top_panel_templ', '', 0),
(100, 'top_panel_debug', '', '-=AUTONAME=-', NULL, 'top_panel_debug', '', 0),
(101, 'MTP_SHORT_URI', '', '-=AUTONAME=-', NULL, 'MTP_SHORT_URI', '', 0),
(102, 'FMST_PANEL_STICKERS', '', '-=AUTONAME=-', NULL, 'FMST_PANEL_STICKERS', '', 0),
(103, 'top_panel_settings', '', '-=AUTONAME=-', NULL, 'top_panel_settings', '', 0),
(104, 'top_panel_fav', '', '-=AUTONAME=-', NULL, 'top_panel_fav', '', 0),
(106, 'Global', 'location.href=\'/bitrix/admin/hot_keys_list.php?lang=ru\';', 'HK_DB_SHW_HK', '', '', '', 0),
(107, 'top_panel_edit_new', '', '-=AUTONAME=-', NULL, 'top_panel_edit_new', '', 0),
(108, 'FLOW_PANEL_CREATE_WITH_WF', '', '-=AUTONAME=-', NULL, 'FLOW_PANEL_CREATE_WITH_WF', '', 0),
(109, 'FLOW_PANEL_EDIT_WITH_WF', '', '-=AUTONAME=-', NULL, 'FLOW_PANEL_EDIT_WITH_WF', '', 0),
(110, 'FLOW_PANEL_HISTORY', '', '-=AUTONAME=-', NULL, 'FLOW_PANEL_HISTORY', '', 0),
(111, 'top_panel_create_new', '', '-=AUTONAME=-', NULL, 'top_panel_create_new', '', 0),
(112, 'top_panel_create_folder_new', '', '-=AUTONAME=-', NULL, 'top_panel_create_folder_new', '', 0),
(116, 'bx-panel-toggle', '', '-=AUTONAME=-', NULL, 'bx-panel-toggle', '', 0),
(117, 'bx-panel-small-toggle', '', '-=AUTONAME=-', NULL, 'bx-panel-small-toggle', '', 0),
(118, 'bx-panel-expander', 'var d=BX(\'bx-panel-expander\'); if (d) BX.fireEvent(d, \'click\');', '-=AUTONAME=-', NULL, 'bx-panel-expander', '', 0),
(119, 'bx-panel-hider', 'var d=BX(\'bx-panel-hider\'); if (d) d.click();', '-=AUTONAME=-', NULL, 'bx-panel-hider', '', 0),
(120, 'search-textbox-input', 'var d=BX(\'search-textbox-input\'); if (d) { d.click(); d.focus();}', '-=AUTONAME=-', '', 'search', '', 0),
(121, 'bx-search-input', 'var d=BX(\'bx-search-input\'); if (d) { d.click(); d.focus(); }', '-=AUTONAME=-', '', 'bx-search-input', '', 0),
(133, 'bx-panel-logout', 'var d=BX(\'bx-panel-logout\'); if (d) location.href = d.href;', '-=AUTONAME=-', '', 'bx-panel-logout', '', 0),
(135, 'CDialog', 'var d=BX(\'cancel\'); if (d) d.click();', 'HK_DB_D_CANCEL', '', 'cancel', '', 0),
(136, 'CDialog', 'var d=BX(\'close\'); if (d) d.click();', 'HK_DB_D_CLOSE', '', 'close', '', 0),
(137, 'CDialog', 'var d=BX(\'savebtn\'); if (d) d.click();', 'HK_DB_D_SAVE', '', 'savebtn', '', 0),
(138, 'CDialog', 'var d=BX(\'btn_popup_save\'); if (d) d.click();', 'HK_DB_D_EDIT_SAVE', '', 'btn_popup_save', '', 0),
(139, 'Global', 'location.href=\'/bitrix/admin/user_admin.php?lang=\'+phpVars.LANGUAGE_ID;', 'HK_DB_SHW_U', '', '', '', 0);

-- --------------------------------------------------------

--
-- Структура таблицы `b_iblock`
--

CREATE TABLE `b_iblock` (
  `ID` int(11) NOT NULL,
  `TIMESTAMP_X` timestamp NOT NULL DEFAULT CURRENT_TIMESTAMP ON UPDATE CURRENT_TIMESTAMP,
  `IBLOCK_TYPE_ID` varchar(50) COLLATE utf8_unicode_ci NOT NULL,
  `LID` char(2) COLLATE utf8_unicode_ci NOT NULL,
  `CODE` varchar(50) COLLATE utf8_unicode_ci DEFAULT NULL,
  `NAME` varchar(255) COLLATE utf8_unicode_ci NOT NULL,
  `ACTIVE` char(1) COLLATE utf8_unicode_ci NOT NULL DEFAULT 'Y',
  `SORT` int(11) NOT NULL DEFAULT '500',
  `LIST_PAGE_URL` varchar(255) COLLATE utf8_unicode_ci DEFAULT NULL,
  `DETAIL_PAGE_URL` varchar(255) COLLATE utf8_unicode_ci DEFAULT NULL,
  `SECTION_PAGE_URL` varchar(255) COLLATE utf8_unicode_ci DEFAULT NULL,
  `CANONICAL_PAGE_URL` varchar(255) COLLATE utf8_unicode_ci DEFAULT NULL,
  `PICTURE` int(18) DEFAULT NULL,
  `DESCRIPTION` text COLLATE utf8_unicode_ci,
  `DESCRIPTION_TYPE` char(4) COLLATE utf8_unicode_ci NOT NULL DEFAULT 'text',
  `RSS_TTL` int(11) NOT NULL DEFAULT '24',
  `RSS_ACTIVE` char(1) COLLATE utf8_unicode_ci NOT NULL DEFAULT 'Y',
  `RSS_FILE_ACTIVE` char(1) COLLATE utf8_unicode_ci NOT NULL DEFAULT 'N',
  `RSS_FILE_LIMIT` int(11) DEFAULT NULL,
  `RSS_FILE_DAYS` int(11) DEFAULT NULL,
  `RSS_YANDEX_ACTIVE` char(1) COLLATE utf8_unicode_ci NOT NULL DEFAULT 'N',
  `XML_ID` varchar(255) COLLATE utf8_unicode_ci DEFAULT NULL,
  `TMP_ID` varchar(40) COLLATE utf8_unicode_ci DEFAULT NULL,
  `INDEX_ELEMENT` char(1) COLLATE utf8_unicode_ci NOT NULL DEFAULT 'Y',
  `INDEX_SECTION` char(1) COLLATE utf8_unicode_ci NOT NULL DEFAULT 'N',
  `WORKFLOW` char(1) COLLATE utf8_unicode_ci NOT NULL DEFAULT 'Y',
  `BIZPROC` char(1) COLLATE utf8_unicode_ci NOT NULL DEFAULT 'N',
  `SECTION_CHOOSER` char(1) COLLATE utf8_unicode_ci DEFAULT NULL,
  `LIST_MODE` char(1) COLLATE utf8_unicode_ci DEFAULT NULL,
  `RIGHTS_MODE` char(1) COLLATE utf8_unicode_ci DEFAULT NULL,
  `SECTION_PROPERTY` char(1) COLLATE utf8_unicode_ci DEFAULT NULL,
  `PROPERTY_INDEX` char(1) COLLATE utf8_unicode_ci DEFAULT NULL,
  `VERSION` int(11) NOT NULL DEFAULT '1',
  `LAST_CONV_ELEMENT` int(11) NOT NULL DEFAULT '0',
  `SOCNET_GROUP_ID` int(18) DEFAULT NULL,
  `EDIT_FILE_BEFORE` varchar(255) COLLATE utf8_unicode_ci DEFAULT NULL,
  `EDIT_FILE_AFTER` varchar(255) COLLATE utf8_unicode_ci DEFAULT NULL,
  `SECTIONS_NAME` varchar(100) COLLATE utf8_unicode_ci DEFAULT NULL,
  `SECTION_NAME` varchar(100) COLLATE utf8_unicode_ci DEFAULT NULL,
  `ELEMENTS_NAME` varchar(100) COLLATE utf8_unicode_ci DEFAULT NULL,
  `ELEMENT_NAME` varchar(100) COLLATE utf8_unicode_ci DEFAULT NULL
) ENGINE=InnoDB DEFAULT CHARSET=utf8 COLLATE=utf8_unicode_ci;

--
-- Дамп данных таблицы `b_iblock`
--

INSERT INTO `b_iblock` (`ID`, `TIMESTAMP_X`, `IBLOCK_TYPE_ID`, `LID`, `CODE`, `NAME`, `ACTIVE`, `SORT`, `LIST_PAGE_URL`, `DETAIL_PAGE_URL`, `SECTION_PAGE_URL`, `CANONICAL_PAGE_URL`, `PICTURE`, `DESCRIPTION`, `DESCRIPTION_TYPE`, `RSS_TTL`, `RSS_ACTIVE`, `RSS_FILE_ACTIVE`, `RSS_FILE_LIMIT`, `RSS_FILE_DAYS`, `RSS_YANDEX_ACTIVE`, `XML_ID`, `TMP_ID`, `INDEX_ELEMENT`, `INDEX_SECTION`, `WORKFLOW`, `BIZPROC`, `SECTION_CHOOSER`, `LIST_MODE`, `RIGHTS_MODE`, `SECTION_PROPERTY`, `PROPERTY_INDEX`, `VERSION`, `LAST_CONV_ELEMENT`, `SOCNET_GROUP_ID`, `EDIT_FILE_BEFORE`, `EDIT_FILE_AFTER`, `SECTIONS_NAME`, `SECTION_NAME`, `ELEMENTS_NAME`, `ELEMENT_NAME`) VALUES
(5, '2024-08-06 06:09:41', 'services', 's1', 'slider', 'Слайдер', 'Y', 500, '#SITE_DIR#/services/index.php?ID=#IBLOCK_ID#', '#SITE_DIR#/services/detail.php?ID=#ELEMENT_ID#', '#SITE_DIR#/services/list.php?SECTION_ID=#SECTION_ID#', '', NULL, '', 'text', 24, 'Y', 'N', NULL, NULL, 'N', NULL, NULL, 'Y', 'Y', 'N', 'N', 'L', '', 'S', NULL, NULL, 1, 0, NULL, '', '', 'Слайдеры', 'Раздел', 'Слайд', 'Элемент');

-- --------------------------------------------------------

--
-- Структура таблицы `b_iblock_cache`
--

CREATE TABLE `b_iblock_cache` (
  `CACHE_KEY` varchar(35) COLLATE utf8_unicode_ci NOT NULL,
  `CACHE` longtext COLLATE utf8_unicode_ci NOT NULL,
  `CACHE_DATE` datetime NOT NULL
) ENGINE=InnoDB DEFAULT CHARSET=utf8 COLLATE=utf8_unicode_ci;

-- --------------------------------------------------------

--
-- Структура таблицы `b_iblock_element`
--

CREATE TABLE `b_iblock_element` (
  `ID` int(11) NOT NULL,
  `TIMESTAMP_X` datetime DEFAULT NULL,
  `MODIFIED_BY` int(18) DEFAULT NULL,
  `DATE_CREATE` datetime DEFAULT NULL,
  `CREATED_BY` int(18) DEFAULT NULL,
  `IBLOCK_ID` int(11) NOT NULL DEFAULT '0',
  `IBLOCK_SECTION_ID` int(11) DEFAULT NULL,
  `ACTIVE` char(1) COLLATE utf8_unicode_ci NOT NULL DEFAULT 'Y',
  `ACTIVE_FROM` datetime DEFAULT NULL,
  `ACTIVE_TO` datetime DEFAULT NULL,
  `SORT` int(11) NOT NULL DEFAULT '500',
  `NAME` varchar(255) COLLATE utf8_unicode_ci NOT NULL,
  `PREVIEW_PICTURE` int(18) DEFAULT NULL,
  `PREVIEW_TEXT` text COLLATE utf8_unicode_ci,
  `PREVIEW_TEXT_TYPE` varchar(4) COLLATE utf8_unicode_ci NOT NULL DEFAULT 'text',
  `DETAIL_PICTURE` int(18) DEFAULT NULL,
  `DETAIL_TEXT` longtext COLLATE utf8_unicode_ci,
  `DETAIL_TEXT_TYPE` varchar(4) COLLATE utf8_unicode_ci NOT NULL DEFAULT 'text',
  `SEARCHABLE_CONTENT` text COLLATE utf8_unicode_ci,
  `WF_STATUS_ID` int(18) DEFAULT '1',
  `WF_PARENT_ELEMENT_ID` int(11) DEFAULT NULL,
  `WF_NEW` char(1) COLLATE utf8_unicode_ci DEFAULT NULL,
  `WF_LOCKED_BY` int(18) DEFAULT NULL,
  `WF_DATE_LOCK` datetime DEFAULT NULL,
  `WF_COMMENTS` text COLLATE utf8_unicode_ci,
  `IN_SECTIONS` char(1) COLLATE utf8_unicode_ci NOT NULL DEFAULT 'N',
  `XML_ID` varchar(255) COLLATE utf8_unicode_ci DEFAULT NULL,
  `CODE` varchar(255) COLLATE utf8_unicode_ci DEFAULT NULL,
  `TAGS` varchar(255) COLLATE utf8_unicode_ci DEFAULT NULL,
  `TMP_ID` varchar(40) COLLATE utf8_unicode_ci DEFAULT NULL,
  `WF_LAST_HISTORY_ID` int(11) DEFAULT NULL,
  `SHOW_COUNTER` int(18) DEFAULT NULL,
  `SHOW_COUNTER_START` datetime DEFAULT NULL
) ENGINE=InnoDB DEFAULT CHARSET=utf8 COLLATE=utf8_unicode_ci;

--
-- Дамп данных таблицы `b_iblock_element`
--

INSERT INTO `b_iblock_element` (`ID`, `TIMESTAMP_X`, `MODIFIED_BY`, `DATE_CREATE`, `CREATED_BY`, `IBLOCK_ID`, `IBLOCK_SECTION_ID`, `ACTIVE`, `ACTIVE_FROM`, `ACTIVE_TO`, `SORT`, `NAME`, `PREVIEW_PICTURE`, `PREVIEW_TEXT`, `PREVIEW_TEXT_TYPE`, `DETAIL_PICTURE`, `DETAIL_TEXT`, `DETAIL_TEXT_TYPE`, `SEARCHABLE_CONTENT`, `WF_STATUS_ID`, `WF_PARENT_ELEMENT_ID`, `WF_NEW`, `WF_LOCKED_BY`, `WF_DATE_LOCK`, `WF_COMMENTS`, `IN_SECTIONS`, `XML_ID`, `CODE`, `TAGS`, `TMP_ID`, `WF_LAST_HISTORY_ID`, `SHOW_COUNTER`, `SHOW_COUNTER_START`) VALUES
(1972, '2024-08-06 09:23:13', 1, '2024-08-06 09:19:10', 1, 5, NULL, 'Y', NULL, NULL, 1, 'Our income from partnering with iSpring has been increasing every year!', 1527, 'Besides iSpring’s transparent discount system for partners, the software often becomes a door opener to selling learning management systems, which brings lern.link new business opportunities.', 'text', NULL, '', 'text', 'OUR INCOME FROM PARTNERING WITH ISPRING HAS BEEN INCREASING EVERY YEAR!\r\nBESIDES ISPRING', 1, NULL, NULL, NULL, NULL, NULL, 'N', '1972', '', '', '0', NULL, NULL, NULL),
(1973, '2024-08-06 09:27:08', 1, '2024-08-06 09:24:35', 1, 5, NULL, 'Y', NULL, NULL, 2, 'Our income from partnering with iSpring has been increasing every year!', 1528, 'Besides iSpring’s transparent discount system for partners, the software often becomes a door opener to selling learning management systems, which brings lern.link new business opportunities.', 'text', NULL, '', 'text', 'OUR INCOME FROM PARTNERING WITH ISPRING HAS BEEN INCREASING EVERY YEAR!\r\nBESIDES ISPRING', 1, NULL, NULL, NULL, NULL, NULL, 'N', '1973', '', '', '0', NULL, NULL, NULL),
(1974, '2024-08-06 09:27:22', 1, '2024-08-06 09:25:46', 1, 5, NULL, 'Y', NULL, NULL, 3, 'Our income from partnering with iSpring has been increasing every year!', 1529, 'Besides iSpring’s transparent discount system for partners, the software often becomes a door opener to selling learning management systems, which brings lrn.link new business opportunities.', 'text', NULL, '', 'text', 'OUR INCOME FROM PARTNERING WITH ISPRING HAS BEEN INCREASING EVERY YEAR!\r\nBESIDES ISPRING', 1, NULL, NULL, NULL, NULL, NULL, 'N', '1974', '', '', '0', NULL, NULL, NULL);

-- --------------------------------------------------------

--
-- Структура таблицы `b_iblock_element_iprop`
--

CREATE TABLE `b_iblock_element_iprop` (
  `IBLOCK_ID` int(11) NOT NULL,
  `SECTION_ID` int(11) NOT NULL,
  `ELEMENT_ID` int(11) NOT NULL,
  `IPROP_ID` int(11) NOT NULL,
  `VALUE` text COLLATE utf8_unicode_ci NOT NULL
) ENGINE=InnoDB DEFAULT CHARSET=utf8 COLLATE=utf8_unicode_ci;

-- --------------------------------------------------------

--
-- Структура таблицы `b_iblock_element_lock`
--

CREATE TABLE `b_iblock_element_lock` (
  `IBLOCK_ELEMENT_ID` int(11) NOT NULL,
  `DATE_LOCK` datetime DEFAULT NULL,
  `LOCKED_BY` varchar(32) COLLATE utf8_unicode_ci DEFAULT NULL
) ENGINE=InnoDB DEFAULT CHARSET=utf8 COLLATE=utf8_unicode_ci;

-- --------------------------------------------------------

--
-- Структура таблицы `b_iblock_element_property`
--

CREATE TABLE `b_iblock_element_property` (
  `ID` int(11) NOT NULL,
  `IBLOCK_PROPERTY_ID` int(11) NOT NULL,
  `IBLOCK_ELEMENT_ID` int(11) NOT NULL,
  `VALUE` text COLLATE utf8_unicode_ci NOT NULL,
  `VALUE_TYPE` char(4) COLLATE utf8_unicode_ci NOT NULL DEFAULT 'text',
  `VALUE_ENUM` int(11) DEFAULT NULL,
  `VALUE_NUM` decimal(18,4) DEFAULT NULL,
  `DESCRIPTION` varchar(255) COLLATE utf8_unicode_ci DEFAULT NULL
) ENGINE=InnoDB DEFAULT CHARSET=utf8 COLLATE=utf8_unicode_ci;

--
-- Дамп данных таблицы `b_iblock_element_property`
--

INSERT INTO `b_iblock_element_property` (`ID`, `IBLOCK_PROPERTY_ID`, `IBLOCK_ELEMENT_ID`, `VALUE`, `VALUE_TYPE`, `VALUE_ENUM`, `VALUE_NUM`, `DESCRIPTION`) VALUES
(9525, 11, 1972, 'Kirill Timofeev', 'text', NULL, '0.0000', ''),
(9526, 12, 1972, 'Founder and director of lern.link', 'text', NULL, '0.0000', ''),
(9527, 11, 1973, 'Guido Hornig', 'text', NULL, '0.0000', ''),
(9528, 12, 1973, 'Founder and director of lern.link', 'text', NULL, '0.0000', ''),
(9529, 11, 1974, 'Alina Bogdanova', 'text', NULL, '0.0000', ''),
(9530, 12, 1974, 'Founder and director of lern.link', 'text', NULL, '0.0000', '');

-- --------------------------------------------------------

--
-- Структура таблицы `b_iblock_element_right`
--

CREATE TABLE `b_iblock_element_right` (
  `IBLOCK_ID` int(11) NOT NULL,
  `SECTION_ID` int(11) NOT NULL,
  `ELEMENT_ID` int(11) NOT NULL,
  `RIGHT_ID` int(11) NOT NULL,
  `IS_INHERITED` char(1) COLLATE utf8_unicode_ci NOT NULL
) ENGINE=InnoDB DEFAULT CHARSET=utf8 COLLATE=utf8_unicode_ci;

-- --------------------------------------------------------

--
-- Структура таблицы `b_iblock_fields`
--

CREATE TABLE `b_iblock_fields` (
  `IBLOCK_ID` int(18) NOT NULL,
  `FIELD_ID` varchar(50) COLLATE utf8_unicode_ci NOT NULL,
  `IS_REQUIRED` char(1) COLLATE utf8_unicode_ci DEFAULT NULL,
  `DEFAULT_VALUE` longtext COLLATE utf8_unicode_ci
) ENGINE=InnoDB DEFAULT CHARSET=utf8 COLLATE=utf8_unicode_ci;

--
-- Дамп данных таблицы `b_iblock_fields`
--

INSERT INTO `b_iblock_fields` (`IBLOCK_ID`, `FIELD_ID`, `IS_REQUIRED`, `DEFAULT_VALUE`) VALUES
(5, 'ACTIVE', 'Y', 'Y'),
(5, 'ACTIVE_FROM', 'N', ''),
(5, 'ACTIVE_TO', 'N', ''),
(5, 'CODE', 'N', 'a:8:{s:6:\"UNIQUE\";s:1:\"N\";s:15:\"TRANSLITERATION\";s:1:\"N\";s:9:\"TRANS_LEN\";i:100;s:10:\"TRANS_CASE\";s:1:\"L\";s:11:\"TRANS_SPACE\";s:1:\"-\";s:11:\"TRANS_OTHER\";s:1:\"-\";s:9:\"TRANS_EAT\";s:1:\"Y\";s:10:\"USE_GOOGLE\";s:1:\"N\";}'),
(5, 'DETAIL_PICTURE', 'N', 'a:17:{s:5:\"SCALE\";s:1:\"N\";s:5:\"WIDTH\";s:0:\"\";s:6:\"HEIGHT\";s:0:\"\";s:13:\"IGNORE_ERRORS\";s:1:\"N\";s:6:\"METHOD\";s:8:\"resample\";s:11:\"COMPRESSION\";i:95;s:18:\"USE_WATERMARK_TEXT\";s:1:\"N\";s:14:\"WATERMARK_TEXT\";s:0:\"\";s:19:\"WATERMARK_TEXT_FONT\";s:0:\"\";s:20:\"WATERMARK_TEXT_COLOR\";s:0:\"\";s:19:\"WATERMARK_TEXT_SIZE\";s:0:\"\";s:23:\"WATERMARK_TEXT_POSITION\";s:2:\"tl\";s:18:\"USE_WATERMARK_FILE\";s:1:\"N\";s:14:\"WATERMARK_FILE\";s:0:\"\";s:20:\"WATERMARK_FILE_ALPHA\";s:0:\"\";s:23:\"WATERMARK_FILE_POSITION\";s:2:\"tl\";s:20:\"WATERMARK_FILE_ORDER\";N;}'),
(5, 'DETAIL_TEXT', 'N', ''),
(5, 'DETAIL_TEXT_TYPE', 'Y', 'text'),
(5, 'DETAIL_TEXT_TYPE_ALLOW_CHANGE', 'N', 'Y'),
(5, 'IBLOCK_SECTION', 'N', 'a:1:{s:22:\"KEEP_IBLOCK_SECTION_ID\";s:1:\"N\";}'),
(5, 'LOG_ELEMENT_ADD', 'N', NULL),
(5, 'LOG_ELEMENT_DELETE', 'N', NULL),
(5, 'LOG_ELEMENT_EDIT', 'N', NULL),
(5, 'LOG_SECTION_ADD', 'N', NULL),
(5, 'LOG_SECTION_DELETE', 'N', NULL),
(5, 'LOG_SECTION_EDIT', 'N', NULL),
(5, 'NAME', 'Y', ''),
(5, 'PREVIEW_PICTURE', 'N', 'a:20:{s:11:\"FROM_DETAIL\";s:1:\"N\";s:5:\"SCALE\";s:1:\"N\";s:5:\"WIDTH\";s:0:\"\";s:6:\"HEIGHT\";s:0:\"\";s:13:\"IGNORE_ERRORS\";s:1:\"N\";s:6:\"METHOD\";s:8:\"resample\";s:11:\"COMPRESSION\";i:95;s:18:\"DELETE_WITH_DETAIL\";s:1:\"N\";s:18:\"UPDATE_WITH_DETAIL\";s:1:\"N\";s:18:\"USE_WATERMARK_TEXT\";s:1:\"N\";s:14:\"WATERMARK_TEXT\";s:0:\"\";s:19:\"WATERMARK_TEXT_FONT\";s:0:\"\";s:20:\"WATERMARK_TEXT_COLOR\";s:0:\"\";s:19:\"WATERMARK_TEXT_SIZE\";s:0:\"\";s:23:\"WATERMARK_TEXT_POSITION\";s:2:\"tl\";s:18:\"USE_WATERMARK_FILE\";s:1:\"N\";s:14:\"WATERMARK_FILE\";s:0:\"\";s:20:\"WATERMARK_FILE_ALPHA\";s:0:\"\";s:23:\"WATERMARK_FILE_POSITION\";s:2:\"tl\";s:20:\"WATERMARK_FILE_ORDER\";N;}'),
(5, 'PREVIEW_TEXT', 'N', ''),
(5, 'PREVIEW_TEXT_TYPE', 'Y', 'text'),
(5, 'PREVIEW_TEXT_TYPE_ALLOW_CHANGE', 'N', 'Y'),
(5, 'SECTION_CODE', 'N', 'a:8:{s:6:\"UNIQUE\";s:1:\"N\";s:15:\"TRANSLITERATION\";s:1:\"N\";s:9:\"TRANS_LEN\";i:100;s:10:\"TRANS_CASE\";s:1:\"L\";s:11:\"TRANS_SPACE\";s:1:\"-\";s:11:\"TRANS_OTHER\";s:1:\"-\";s:9:\"TRANS_EAT\";s:1:\"Y\";s:10:\"USE_GOOGLE\";s:1:\"N\";}'),
(5, 'SECTION_DESCRIPTION', 'N', ''),
(5, 'SECTION_DESCRIPTION_TYPE', 'Y', 'text'),
(5, 'SECTION_DESCRIPTION_TYPE_ALLOW_CHANGE', 'N', 'Y'),
(5, 'SECTION_DETAIL_PICTURE', 'N', 'a:17:{s:5:\"SCALE\";s:1:\"N\";s:5:\"WIDTH\";s:0:\"\";s:6:\"HEIGHT\";s:0:\"\";s:13:\"IGNORE_ERRORS\";s:1:\"N\";s:6:\"METHOD\";s:8:\"resample\";s:11:\"COMPRESSION\";i:95;s:18:\"USE_WATERMARK_TEXT\";s:1:\"N\";s:14:\"WATERMARK_TEXT\";s:0:\"\";s:19:\"WATERMARK_TEXT_FONT\";s:0:\"\";s:20:\"WATERMARK_TEXT_COLOR\";s:0:\"\";s:19:\"WATERMARK_TEXT_SIZE\";s:0:\"\";s:23:\"WATERMARK_TEXT_POSITION\";s:2:\"tl\";s:18:\"USE_WATERMARK_FILE\";s:1:\"N\";s:14:\"WATERMARK_FILE\";s:0:\"\";s:20:\"WATERMARK_FILE_ALPHA\";s:0:\"\";s:23:\"WATERMARK_FILE_POSITION\";s:2:\"tl\";s:20:\"WATERMARK_FILE_ORDER\";N;}'),
(5, 'SECTION_NAME', 'Y', ''),
(5, 'SECTION_PICTURE', 'N', 'a:20:{s:11:\"FROM_DETAIL\";s:1:\"N\";s:5:\"SCALE\";s:1:\"N\";s:5:\"WIDTH\";s:0:\"\";s:6:\"HEIGHT\";s:0:\"\";s:13:\"IGNORE_ERRORS\";s:1:\"N\";s:6:\"METHOD\";s:8:\"resample\";s:11:\"COMPRESSION\";i:95;s:18:\"DELETE_WITH_DETAIL\";s:1:\"N\";s:18:\"UPDATE_WITH_DETAIL\";s:1:\"N\";s:18:\"USE_WATERMARK_TEXT\";s:1:\"N\";s:14:\"WATERMARK_TEXT\";s:0:\"\";s:19:\"WATERMARK_TEXT_FONT\";s:0:\"\";s:20:\"WATERMARK_TEXT_COLOR\";s:0:\"\";s:19:\"WATERMARK_TEXT_SIZE\";s:0:\"\";s:23:\"WATERMARK_TEXT_POSITION\";s:2:\"tl\";s:18:\"USE_WATERMARK_FILE\";s:1:\"N\";s:14:\"WATERMARK_FILE\";s:0:\"\";s:20:\"WATERMARK_FILE_ALPHA\";s:0:\"\";s:23:\"WATERMARK_FILE_POSITION\";s:2:\"tl\";s:20:\"WATERMARK_FILE_ORDER\";N;}'),
(5, 'SECTION_XML_ID', 'N', ''),
(5, 'SORT', 'N', '0'),
(5, 'TAGS', 'N', ''),
(5, 'XML_ID', 'Y', ''),
(5, 'XML_IMPORT_START_TIME', 'N', NULL);

-- --------------------------------------------------------

--
-- Структура таблицы `b_iblock_group`
--

CREATE TABLE `b_iblock_group` (
  `IBLOCK_ID` int(11) NOT NULL,
  `GROUP_ID` int(11) NOT NULL,
  `PERMISSION` char(1) COLLATE utf8_unicode_ci NOT NULL
) ENGINE=InnoDB DEFAULT CHARSET=utf8 COLLATE=utf8_unicode_ci;

--
-- Дамп данных таблицы `b_iblock_group`
--

INSERT INTO `b_iblock_group` (`IBLOCK_ID`, `GROUP_ID`, `PERMISSION`) VALUES
(5, 1, 'X'),
(5, 2, 'R');

-- --------------------------------------------------------

--
-- Структура таблицы `b_iblock_iblock_iprop`
--

CREATE TABLE `b_iblock_iblock_iprop` (
  `IBLOCK_ID` int(11) NOT NULL,
  `IPROP_ID` int(11) NOT NULL,
  `VALUE` text COLLATE utf8_unicode_ci NOT NULL
) ENGINE=InnoDB DEFAULT CHARSET=utf8 COLLATE=utf8_unicode_ci;

-- --------------------------------------------------------

--
-- Структура таблицы `b_iblock_iproperty`
--

CREATE TABLE `b_iblock_iproperty` (
  `ID` int(11) NOT NULL,
  `IBLOCK_ID` int(11) NOT NULL,
  `CODE` varchar(50) COLLATE utf8_unicode_ci NOT NULL,
  `ENTITY_TYPE` char(1) COLLATE utf8_unicode_ci NOT NULL,
  `ENTITY_ID` int(11) NOT NULL,
  `TEMPLATE` text COLLATE utf8_unicode_ci NOT NULL
) ENGINE=InnoDB DEFAULT CHARSET=utf8 COLLATE=utf8_unicode_ci;

-- --------------------------------------------------------

--
-- Структура таблицы `b_iblock_messages`
--

CREATE TABLE `b_iblock_messages` (
  `IBLOCK_ID` int(18) NOT NULL,
  `MESSAGE_ID` varchar(50) COLLATE utf8_unicode_ci NOT NULL,
  `MESSAGE_TEXT` varchar(255) COLLATE utf8_unicode_ci DEFAULT NULL
) ENGINE=InnoDB DEFAULT CHARSET=utf8 COLLATE=utf8_unicode_ci;

--
-- Дамп данных таблицы `b_iblock_messages`
--

INSERT INTO `b_iblock_messages` (`IBLOCK_ID`, `MESSAGE_ID`, `MESSAGE_TEXT`) VALUES
(5, 'ELEMENT_ADD', 'Добавить элемент'),
(5, 'ELEMENT_DELETE', 'Удалить элемент'),
(5, 'ELEMENT_EDIT', 'Изменить элемент'),
(5, 'ELEMENT_NAME', 'Элемент'),
(5, 'ELEMENTS_NAME', 'Слайд'),
(5, 'SECTION_ADD', 'Добавить раздел'),
(5, 'SECTION_DELETE', 'Удалить раздел'),
(5, 'SECTION_EDIT', 'Изменить раздел'),
(5, 'SECTION_NAME', 'Раздел'),
(5, 'SECTIONS_NAME', 'Слайдеры');

-- --------------------------------------------------------

--
-- Структура таблицы `b_iblock_offers_tmp`
--

CREATE TABLE `b_iblock_offers_tmp` (
  `ID` int(11) UNSIGNED NOT NULL,
  `PRODUCT_IBLOCK_ID` int(11) UNSIGNED NOT NULL,
  `OFFERS_IBLOCK_ID` int(11) UNSIGNED NOT NULL,
  `TIMESTAMP_X` timestamp NOT NULL DEFAULT CURRENT_TIMESTAMP ON UPDATE CURRENT_TIMESTAMP
) ENGINE=InnoDB DEFAULT CHARSET=utf8 COLLATE=utf8_unicode_ci;

-- --------------------------------------------------------

--
-- Структура таблицы `b_iblock_property`
--

CREATE TABLE `b_iblock_property` (
  `ID` int(11) NOT NULL,
  `TIMESTAMP_X` timestamp NOT NULL DEFAULT CURRENT_TIMESTAMP ON UPDATE CURRENT_TIMESTAMP,
  `IBLOCK_ID` int(11) NOT NULL,
  `NAME` varchar(255) COLLATE utf8_unicode_ci NOT NULL,
  `ACTIVE` char(1) COLLATE utf8_unicode_ci NOT NULL DEFAULT 'Y',
  `SORT` int(11) NOT NULL DEFAULT '500',
  `CODE` varchar(50) COLLATE utf8_unicode_ci DEFAULT NULL,
  `DEFAULT_VALUE` text COLLATE utf8_unicode_ci,
  `PROPERTY_TYPE` char(1) COLLATE utf8_unicode_ci NOT NULL DEFAULT 'S',
  `ROW_COUNT` int(11) NOT NULL DEFAULT '1',
  `COL_COUNT` int(11) NOT NULL DEFAULT '30',
  `LIST_TYPE` char(1) COLLATE utf8_unicode_ci NOT NULL DEFAULT 'L',
  `MULTIPLE` char(1) COLLATE utf8_unicode_ci NOT NULL DEFAULT 'N',
  `XML_ID` varchar(100) COLLATE utf8_unicode_ci DEFAULT NULL,
  `FILE_TYPE` varchar(200) COLLATE utf8_unicode_ci DEFAULT NULL,
  `MULTIPLE_CNT` int(11) DEFAULT NULL,
  `TMP_ID` varchar(40) COLLATE utf8_unicode_ci DEFAULT NULL,
  `LINK_IBLOCK_ID` int(18) DEFAULT NULL,
  `WITH_DESCRIPTION` char(1) COLLATE utf8_unicode_ci DEFAULT NULL,
  `SEARCHABLE` char(1) COLLATE utf8_unicode_ci NOT NULL DEFAULT 'N',
  `FILTRABLE` char(1) COLLATE utf8_unicode_ci NOT NULL DEFAULT 'N',
  `IS_REQUIRED` char(1) COLLATE utf8_unicode_ci DEFAULT NULL,
  `VERSION` int(11) NOT NULL DEFAULT '1',
  `USER_TYPE` varchar(255) COLLATE utf8_unicode_ci DEFAULT NULL,
  `USER_TYPE_SETTINGS` text COLLATE utf8_unicode_ci,
  `HINT` varchar(255) COLLATE utf8_unicode_ci DEFAULT NULL
) ENGINE=InnoDB DEFAULT CHARSET=utf8 COLLATE=utf8_unicode_ci;

--
-- Дамп данных таблицы `b_iblock_property`
--

INSERT INTO `b_iblock_property` (`ID`, `TIMESTAMP_X`, `IBLOCK_ID`, `NAME`, `ACTIVE`, `SORT`, `CODE`, `DEFAULT_VALUE`, `PROPERTY_TYPE`, `ROW_COUNT`, `COL_COUNT`, `LIST_TYPE`, `MULTIPLE`, `XML_ID`, `FILE_TYPE`, `MULTIPLE_CNT`, `TMP_ID`, `LINK_IBLOCK_ID`, `WITH_DESCRIPTION`, `SEARCHABLE`, `FILTRABLE`, `IS_REQUIRED`, `VERSION`, `USER_TYPE`, `USER_TYPE_SETTINGS`, `HINT`) VALUES
(11, '2024-08-06 06:08:42', 5, 'ФИО', 'Y', 500, 'FIO', '', 'S', 1, 30, 'L', 'N', NULL, '', 5, NULL, 0, 'N', 'N', 'N', 'N', 1, NULL, NULL, ''),
(12, '2024-08-06 06:08:42', 5, 'Должность', 'Y', 500, 'TITLE', '', 'S', 1, 30, 'L', 'N', NULL, '', 5, NULL, 0, 'N', 'N', 'N', 'N', 1, NULL, NULL, '');

-- --------------------------------------------------------

--
-- Структура таблицы `b_iblock_property_enum`
--

CREATE TABLE `b_iblock_property_enum` (
  `ID` int(11) NOT NULL,
  `PROPERTY_ID` int(11) NOT NULL,
  `VALUE` varchar(255) COLLATE utf8_unicode_ci NOT NULL,
  `DEF` char(1) COLLATE utf8_unicode_ci NOT NULL DEFAULT 'N',
  `SORT` int(11) NOT NULL DEFAULT '500',
  `XML_ID` varchar(200) COLLATE utf8_unicode_ci NOT NULL,
  `TMP_ID` varchar(40) COLLATE utf8_unicode_ci DEFAULT NULL
) ENGINE=InnoDB DEFAULT CHARSET=utf8 COLLATE=utf8_unicode_ci;

-- --------------------------------------------------------

--
-- Структура таблицы `b_iblock_property_feature`
--

CREATE TABLE `b_iblock_property_feature` (
  `ID` int(11) NOT NULL,
  `PROPERTY_ID` int(11) NOT NULL,
  `MODULE_ID` varchar(50) COLLATE utf8_unicode_ci NOT NULL,
  `FEATURE_ID` varchar(100) COLLATE utf8_unicode_ci NOT NULL,
  `IS_ENABLED` char(1) COLLATE utf8_unicode_ci NOT NULL DEFAULT 'N'
) ENGINE=InnoDB DEFAULT CHARSET=utf8 COLLATE=utf8_unicode_ci;

--
-- Дамп данных таблицы `b_iblock_property_feature`
--

INSERT INTO `b_iblock_property_feature` (`ID`, `PROPERTY_ID`, `MODULE_ID`, `FEATURE_ID`, `IS_ENABLED`) VALUES
(13, 11, 'iblock', 'LIST_PAGE_SHOW', 'Y'),
(14, 11, 'iblock', 'DETAIL_PAGE_SHOW', 'Y'),
(15, 12, 'iblock', 'LIST_PAGE_SHOW', 'Y'),
(16, 12, 'iblock', 'DETAIL_PAGE_SHOW', 'Y');

-- --------------------------------------------------------

--
-- Структура таблицы `b_iblock_right`
--

CREATE TABLE `b_iblock_right` (
  `ID` int(11) NOT NULL,
  `IBLOCK_ID` int(11) NOT NULL,
  `GROUP_CODE` varchar(50) COLLATE utf8_unicode_ci NOT NULL,
  `ENTITY_TYPE` varchar(32) COLLATE utf8_unicode_ci NOT NULL,
  `ENTITY_ID` int(11) NOT NULL,
  `DO_INHERIT` char(1) COLLATE utf8_unicode_ci NOT NULL,
  `TASK_ID` int(11) NOT NULL,
  `OP_SREAD` char(1) COLLATE utf8_unicode_ci NOT NULL,
  `OP_EREAD` char(1) COLLATE utf8_unicode_ci NOT NULL,
  `XML_ID` varchar(32) COLLATE utf8_unicode_ci DEFAULT NULL
) ENGINE=InnoDB DEFAULT CHARSET=utf8 COLLATE=utf8_unicode_ci;

-- --------------------------------------------------------

--
-- Структура таблицы `b_iblock_rss`
--

CREATE TABLE `b_iblock_rss` (
  `ID` int(11) NOT NULL,
  `IBLOCK_ID` int(11) NOT NULL,
  `NODE` varchar(50) COLLATE utf8_unicode_ci NOT NULL,
  `NODE_VALUE` varchar(250) COLLATE utf8_unicode_ci DEFAULT NULL
) ENGINE=InnoDB DEFAULT CHARSET=utf8 COLLATE=utf8_unicode_ci;

-- --------------------------------------------------------

--
-- Структура таблицы `b_iblock_section`
--

CREATE TABLE `b_iblock_section` (
  `ID` int(11) NOT NULL,
  `TIMESTAMP_X` timestamp NOT NULL DEFAULT CURRENT_TIMESTAMP ON UPDATE CURRENT_TIMESTAMP,
  `MODIFIED_BY` int(18) DEFAULT NULL,
  `DATE_CREATE` datetime DEFAULT NULL,
  `CREATED_BY` int(18) DEFAULT NULL,
  `IBLOCK_ID` int(11) NOT NULL,
  `IBLOCK_SECTION_ID` int(11) DEFAULT NULL,
  `ACTIVE` char(1) COLLATE utf8_unicode_ci NOT NULL DEFAULT 'Y',
  `GLOBAL_ACTIVE` char(1) COLLATE utf8_unicode_ci NOT NULL DEFAULT 'Y',
  `SORT` int(11) NOT NULL DEFAULT '500',
  `NAME` varchar(255) COLLATE utf8_unicode_ci NOT NULL,
  `PICTURE` int(18) DEFAULT NULL,
  `LEFT_MARGIN` int(18) DEFAULT NULL,
  `RIGHT_MARGIN` int(18) DEFAULT NULL,
  `DEPTH_LEVEL` int(18) DEFAULT NULL,
  `DESCRIPTION` text COLLATE utf8_unicode_ci,
  `DESCRIPTION_TYPE` char(4) COLLATE utf8_unicode_ci NOT NULL DEFAULT 'text',
  `SEARCHABLE_CONTENT` text COLLATE utf8_unicode_ci,
  `CODE` varchar(255) COLLATE utf8_unicode_ci DEFAULT NULL,
  `XML_ID` varchar(255) COLLATE utf8_unicode_ci DEFAULT NULL,
  `TMP_ID` varchar(40) COLLATE utf8_unicode_ci DEFAULT NULL,
  `DETAIL_PICTURE` int(18) DEFAULT NULL,
  `SOCNET_GROUP_ID` int(18) DEFAULT NULL
) ENGINE=InnoDB DEFAULT CHARSET=utf8 COLLATE=utf8_unicode_ci;

-- --------------------------------------------------------

--
-- Структура таблицы `b_iblock_section_element`
--

CREATE TABLE `b_iblock_section_element` (
  `IBLOCK_SECTION_ID` int(11) NOT NULL,
  `IBLOCK_ELEMENT_ID` int(11) NOT NULL,
  `ADDITIONAL_PROPERTY_ID` int(18) DEFAULT NULL
) ENGINE=InnoDB DEFAULT CHARSET=utf8 COLLATE=utf8_unicode_ci;

-- --------------------------------------------------------

--
-- Структура таблицы `b_iblock_section_iprop`
--

CREATE TABLE `b_iblock_section_iprop` (
  `IBLOCK_ID` int(11) NOT NULL,
  `SECTION_ID` int(11) NOT NULL,
  `IPROP_ID` int(11) NOT NULL,
  `VALUE` text COLLATE utf8_unicode_ci NOT NULL
) ENGINE=InnoDB DEFAULT CHARSET=utf8 COLLATE=utf8_unicode_ci;

-- --------------------------------------------------------

--
-- Структура таблицы `b_iblock_section_property`
--

CREATE TABLE `b_iblock_section_property` (
  `IBLOCK_ID` int(11) NOT NULL,
  `SECTION_ID` int(11) NOT NULL,
  `PROPERTY_ID` int(11) NOT NULL,
  `SMART_FILTER` char(1) COLLATE utf8_unicode_ci DEFAULT NULL,
  `DISPLAY_TYPE` char(1) COLLATE utf8_unicode_ci DEFAULT NULL,
  `DISPLAY_EXPANDED` char(1) COLLATE utf8_unicode_ci DEFAULT NULL,
  `FILTER_HINT` varchar(255) COLLATE utf8_unicode_ci DEFAULT NULL
) ENGINE=InnoDB DEFAULT CHARSET=utf8 COLLATE=utf8_unicode_ci;

-- --------------------------------------------------------

--
-- Структура таблицы `b_iblock_section_right`
--

CREATE TABLE `b_iblock_section_right` (
  `IBLOCK_ID` int(11) NOT NULL,
  `SECTION_ID` int(11) NOT NULL,
  `RIGHT_ID` int(11) NOT NULL,
  `IS_INHERITED` char(1) COLLATE utf8_unicode_ci NOT NULL
) ENGINE=InnoDB DEFAULT CHARSET=utf8 COLLATE=utf8_unicode_ci;

-- --------------------------------------------------------

--
-- Структура таблицы `b_iblock_sequence`
--

CREATE TABLE `b_iblock_sequence` (
  `IBLOCK_ID` int(18) NOT NULL,
  `CODE` varchar(50) COLLATE utf8_unicode_ci NOT NULL,
  `SEQ_VALUE` int(11) DEFAULT NULL
) ENGINE=InnoDB DEFAULT CHARSET=utf8 COLLATE=utf8_unicode_ci;

-- --------------------------------------------------------

--
-- Структура таблицы `b_iblock_site`
--

CREATE TABLE `b_iblock_site` (
  `IBLOCK_ID` int(18) NOT NULL,
  `SITE_ID` char(2) COLLATE utf8_unicode_ci NOT NULL
) ENGINE=InnoDB DEFAULT CHARSET=utf8 COLLATE=utf8_unicode_ci;

--
-- Дамп данных таблицы `b_iblock_site`
--

INSERT INTO `b_iblock_site` (`IBLOCK_ID`, `SITE_ID`) VALUES
(5, 's1');

-- --------------------------------------------------------

--
-- Структура таблицы `b_iblock_type`
--

CREATE TABLE `b_iblock_type` (
  `ID` varchar(50) COLLATE utf8_unicode_ci NOT NULL,
  `SECTIONS` char(1) COLLATE utf8_unicode_ci NOT NULL DEFAULT 'Y',
  `EDIT_FILE_BEFORE` varchar(255) COLLATE utf8_unicode_ci DEFAULT NULL,
  `EDIT_FILE_AFTER` varchar(255) COLLATE utf8_unicode_ci DEFAULT NULL,
  `IN_RSS` char(1) COLLATE utf8_unicode_ci NOT NULL DEFAULT 'N',
  `SORT` int(18) NOT NULL DEFAULT '500'
) ENGINE=InnoDB DEFAULT CHARSET=utf8 COLLATE=utf8_unicode_ci;

--
-- Дамп данных таблицы `b_iblock_type`
--

INSERT INTO `b_iblock_type` (`ID`, `SECTIONS`, `EDIT_FILE_BEFORE`, `EDIT_FILE_AFTER`, `IN_RSS`, `SORT`) VALUES
('services', 'Y', '', '', 'N', 500);

-- --------------------------------------------------------

--
-- Структура таблицы `b_iblock_type_lang`
--

CREATE TABLE `b_iblock_type_lang` (
  `IBLOCK_TYPE_ID` varchar(50) COLLATE utf8_unicode_ci NOT NULL,
  `LID` char(2) COLLATE utf8_unicode_ci NOT NULL,
  `NAME` varchar(100) COLLATE utf8_unicode_ci NOT NULL,
  `SECTION_NAME` varchar(100) COLLATE utf8_unicode_ci DEFAULT NULL,
  `ELEMENT_NAME` varchar(100) COLLATE utf8_unicode_ci DEFAULT NULL
) ENGINE=InnoDB DEFAULT CHARSET=utf8 COLLATE=utf8_unicode_ci;

--
-- Дамп данных таблицы `b_iblock_type_lang`
--

INSERT INTO `b_iblock_type_lang` (`IBLOCK_TYPE_ID`, `LID`, `NAME`, `SECTION_NAME`, `ELEMENT_NAME`) VALUES
('services', 'ru', 'Сервисы', '', ''),
('services', 'en', 'Services', '', '');

-- --------------------------------------------------------

--
-- Структура таблицы `b_lang`
--

CREATE TABLE `b_lang` (
  `LID` char(2) COLLATE utf8_unicode_ci NOT NULL,
  `SORT` int(18) NOT NULL DEFAULT '100',
  `DEF` char(1) COLLATE utf8_unicode_ci NOT NULL DEFAULT 'N',
  `ACTIVE` char(1) COLLATE utf8_unicode_ci NOT NULL DEFAULT 'Y',
  `NAME` varchar(50) COLLATE utf8_unicode_ci NOT NULL,
  `DIR` varchar(50) COLLATE utf8_unicode_ci NOT NULL,
  `FORMAT_DATE` varchar(50) COLLATE utf8_unicode_ci DEFAULT NULL,
  `FORMAT_DATETIME` varchar(50) COLLATE utf8_unicode_ci DEFAULT NULL,
  `FORMAT_NAME` varchar(255) COLLATE utf8_unicode_ci DEFAULT NULL,
  `WEEK_START` int(11) DEFAULT NULL,
  `CHARSET` varchar(255) COLLATE utf8_unicode_ci DEFAULT NULL,
  `LANGUAGE_ID` char(2) COLLATE utf8_unicode_ci NOT NULL,
  `DOC_ROOT` varchar(255) COLLATE utf8_unicode_ci DEFAULT NULL,
  `DOMAIN_LIMITED` char(1) COLLATE utf8_unicode_ci NOT NULL DEFAULT 'N',
  `SERVER_NAME` varchar(255) COLLATE utf8_unicode_ci DEFAULT NULL,
  `SITE_NAME` varchar(255) COLLATE utf8_unicode_ci DEFAULT NULL,
  `EMAIL` varchar(255) COLLATE utf8_unicode_ci DEFAULT NULL,
  `CULTURE_ID` int(11) DEFAULT NULL
) ENGINE=InnoDB DEFAULT CHARSET=utf8 COLLATE=utf8_unicode_ci;

--
-- Дамп данных таблицы `b_lang`
--

INSERT INTO `b_lang` (`LID`, `SORT`, `DEF`, `ACTIVE`, `NAME`, `DIR`, `FORMAT_DATE`, `FORMAT_DATETIME`, `FORMAT_NAME`, `WEEK_START`, `CHARSET`, `LANGUAGE_ID`, `DOC_ROOT`, `DOMAIN_LIMITED`, `SERVER_NAME`, `SITE_NAME`, `EMAIL`, `CULTURE_ID`) VALUES
('s1', 1, 'Y', 'Y', 'Cайт производства (Сайт по умолчанию)', '/', NULL, NULL, NULL, NULL, NULL, 'ru', '', 'N', '', 'Cайт производства', '', 1);

-- --------------------------------------------------------

--
-- Структура таблицы `b_language`
--

CREATE TABLE `b_language` (
  `LID` char(2) COLLATE utf8_unicode_ci NOT NULL,
  `SORT` int(11) NOT NULL DEFAULT '100',
  `DEF` char(1) COLLATE utf8_unicode_ci NOT NULL DEFAULT 'N',
  `ACTIVE` char(1) COLLATE utf8_unicode_ci NOT NULL DEFAULT 'Y',
  `NAME` varchar(50) COLLATE utf8_unicode_ci NOT NULL,
  `FORMAT_DATE` varchar(50) COLLATE utf8_unicode_ci DEFAULT NULL,
  `FORMAT_DATETIME` varchar(50) COLLATE utf8_unicode_ci DEFAULT NULL,
  `FORMAT_NAME` varchar(255) COLLATE utf8_unicode_ci DEFAULT NULL,
  `WEEK_START` int(11) DEFAULT NULL,
  `CHARSET` varchar(255) COLLATE utf8_unicode_ci DEFAULT NULL,
  `DIRECTION` char(1) COLLATE utf8_unicode_ci DEFAULT NULL,
  `CULTURE_ID` int(11) DEFAULT NULL
) ENGINE=InnoDB DEFAULT CHARSET=utf8 COLLATE=utf8_unicode_ci;

--
-- Дамп данных таблицы `b_language`
--

INSERT INTO `b_language` (`LID`, `SORT`, `DEF`, `ACTIVE`, `NAME`, `FORMAT_DATE`, `FORMAT_DATETIME`, `FORMAT_NAME`, `WEEK_START`, `CHARSET`, `DIRECTION`, `CULTURE_ID`) VALUES
('en', 2, 'N', 'Y', 'English', NULL, NULL, NULL, NULL, NULL, NULL, 2),
('ru', 1, 'Y', 'Y', 'Russian', NULL, NULL, NULL, NULL, NULL, NULL, 1);

-- --------------------------------------------------------

--
-- Структура таблицы `b_lang_domain`
--

CREATE TABLE `b_lang_domain` (
  `LID` char(2) COLLATE utf8_unicode_ci NOT NULL,
  `DOMAIN` varchar(255) COLLATE utf8_unicode_ci NOT NULL
) ENGINE=InnoDB DEFAULT CHARSET=utf8 COLLATE=utf8_unicode_ci;

-- --------------------------------------------------------

--
-- Структура таблицы `b_log_notification`
--

CREATE TABLE `b_log_notification` (
  `ID` int(10) UNSIGNED NOT NULL,
  `ACTIVE` char(1) COLLATE utf8_unicode_ci NOT NULL DEFAULT 'Y',
  `AUDIT_TYPE_ID` varchar(50) COLLATE utf8_unicode_ci NOT NULL,
  `ITEM_ID` varchar(255) COLLATE utf8_unicode_ci DEFAULT NULL,
  `USER_ID` int(11) DEFAULT NULL,
  `REMOTE_ADDR` varchar(40) COLLATE utf8_unicode_ci DEFAULT NULL,
  `USER_AGENT` varchar(1000) COLLATE utf8_unicode_ci DEFAULT NULL,
  `REQUEST_URI` varchar(1000) COLLATE utf8_unicode_ci DEFAULT NULL,
  `CHECK_INTERVAL` int(11) DEFAULT NULL,
  `ALERT_COUNT` int(11) DEFAULT NULL,
  `DATE_CHECKED` datetime DEFAULT NULL,
  `NOTIFY_EMAIL` char(1) COLLATE utf8_unicode_ci NOT NULL DEFAULT 'N',
  `EMAIL` varchar(50) COLLATE utf8_unicode_ci DEFAULT NULL,
  `EMAIL_TEXT` text COLLATE utf8_unicode_ci,
  `NOTIFY_SMS` char(1) COLLATE utf8_unicode_ci NOT NULL DEFAULT 'N',
  `PHONE_NUMBER` varchar(25) COLLATE utf8_unicode_ci DEFAULT NULL,
  `SMS_TEXT` text COLLATE utf8_unicode_ci
) ENGINE=InnoDB DEFAULT CHARSET=utf8 COLLATE=utf8_unicode_ci;

-- --------------------------------------------------------

--
-- Структура таблицы `b_main_mail_blacklist`
--

CREATE TABLE `b_main_mail_blacklist` (
  `ID` int(11) NOT NULL,
  `DATE_INSERT` datetime NOT NULL,
  `CODE` varchar(255) COLLATE utf8_unicode_ci DEFAULT NULL,
  `CATEGORY_ID` tinyint(3) UNSIGNED NOT NULL DEFAULT '0'
) ENGINE=InnoDB DEFAULT CHARSET=utf8 COLLATE=utf8_unicode_ci;

-- --------------------------------------------------------

--
-- Структура таблицы `b_main_mail_sender`
--

CREATE TABLE `b_main_mail_sender` (
  `ID` int(11) NOT NULL,
  `NAME` varchar(255) COLLATE utf8_unicode_ci NOT NULL DEFAULT '',
  `EMAIL` varchar(255) COLLATE utf8_unicode_ci NOT NULL,
  `USER_ID` int(11) NOT NULL,
  `IS_CONFIRMED` tinyint(4) NOT NULL DEFAULT '0',
  `IS_PUBLIC` tinyint(4) NOT NULL DEFAULT '0',
  `OPTIONS` text COLLATE utf8_unicode_ci
) ENGINE=InnoDB DEFAULT CHARSET=utf8 COLLATE=utf8_unicode_ci;

-- --------------------------------------------------------

--
-- Структура таблицы `b_medialib_collection`
--

CREATE TABLE `b_medialib_collection` (
  `ID` int(11) NOT NULL,
  `NAME` varchar(255) COLLATE utf8_unicode_ci NOT NULL,
  `DESCRIPTION` text COLLATE utf8_unicode_ci,
  `ACTIVE` char(1) COLLATE utf8_unicode_ci NOT NULL DEFAULT 'Y',
  `DATE_UPDATE` datetime NOT NULL,
  `OWNER_ID` int(11) DEFAULT NULL,
  `PARENT_ID` int(11) DEFAULT NULL,
  `SITE_ID` char(2) COLLATE utf8_unicode_ci DEFAULT NULL,
  `KEYWORDS` varchar(255) COLLATE utf8_unicode_ci DEFAULT NULL,
  `ITEMS_COUNT` int(11) DEFAULT NULL,
  `ML_TYPE` int(11) NOT NULL DEFAULT '0'
) ENGINE=InnoDB DEFAULT CHARSET=utf8 COLLATE=utf8_unicode_ci;

-- --------------------------------------------------------

--
-- Структура таблицы `b_medialib_collection_item`
--

CREATE TABLE `b_medialib_collection_item` (
  `COLLECTION_ID` int(11) NOT NULL,
  `ITEM_ID` int(11) NOT NULL
) ENGINE=InnoDB DEFAULT CHARSET=utf8 COLLATE=utf8_unicode_ci;

-- --------------------------------------------------------

--
-- Структура таблицы `b_medialib_item`
--

CREATE TABLE `b_medialib_item` (
  `ID` int(11) NOT NULL,
  `NAME` varchar(255) COLLATE utf8_unicode_ci NOT NULL,
  `ITEM_TYPE` char(30) COLLATE utf8_unicode_ci DEFAULT NULL,
  `DESCRIPTION` text COLLATE utf8_unicode_ci,
  `DATE_CREATE` datetime NOT NULL,
  `DATE_UPDATE` datetime NOT NULL,
  `SOURCE_ID` int(11) NOT NULL,
  `KEYWORDS` varchar(255) COLLATE utf8_unicode_ci DEFAULT NULL,
  `SEARCHABLE_CONTENT` text COLLATE utf8_unicode_ci
) ENGINE=InnoDB DEFAULT CHARSET=utf8 COLLATE=utf8_unicode_ci;

-- --------------------------------------------------------

--
-- Структура таблицы `b_medialib_type`
--

CREATE TABLE `b_medialib_type` (
  `ID` int(11) NOT NULL,
  `NAME` varchar(255) COLLATE utf8_unicode_ci DEFAULT NULL,
  `CODE` varchar(255) COLLATE utf8_unicode_ci NOT NULL,
  `EXT` varchar(255) COLLATE utf8_unicode_ci NOT NULL,
  `SYSTEM` char(1) COLLATE utf8_unicode_ci NOT NULL DEFAULT 'N',
  `DESCRIPTION` text COLLATE utf8_unicode_ci
) ENGINE=InnoDB DEFAULT CHARSET=utf8 COLLATE=utf8_unicode_ci;

--
-- Дамп данных таблицы `b_medialib_type`
--

INSERT INTO `b_medialib_type` (`ID`, `NAME`, `CODE`, `EXT`, `SYSTEM`, `DESCRIPTION`) VALUES
(1, 'image_name', 'image', 'jpg,jpeg,gif,png', 'Y', 'image_desc'),
(2, 'video_name', 'video', 'flv,mp4,wmv', 'Y', 'video_desc'),
(3, 'sound_name', 'sound', 'mp3,wma,aac', 'Y', 'sound_desc');

-- --------------------------------------------------------

--
-- Структура таблицы `b_module`
--

CREATE TABLE `b_module` (
  `ID` varchar(50) COLLATE utf8_unicode_ci NOT NULL,
  `DATE_ACTIVE` timestamp NOT NULL DEFAULT CURRENT_TIMESTAMP ON UPDATE CURRENT_TIMESTAMP
) ENGINE=InnoDB DEFAULT CHARSET=utf8 COLLATE=utf8_unicode_ci;

--
-- Дамп данных таблицы `b_module`
--

INSERT INTO `b_module` (`ID`, `DATE_ACTIVE`) VALUES
('bitrix.sitecorporate', '2019-04-22 12:42:07'),
('fileman', '2019-04-22 12:42:08'),
('iblock', '2019-04-22 12:42:10'),
('main', '2019-04-22 12:42:03'),
('perfmon', '2019-04-22 12:42:14'),
('rest', '2019-04-22 12:42:14'),
('ui', '2019-04-22 12:42:17');

-- --------------------------------------------------------

--
-- Структура таблицы `b_module_group`
--

CREATE TABLE `b_module_group` (
  `ID` int(11) NOT NULL,
  `MODULE_ID` varchar(50) COLLATE utf8_unicode_ci NOT NULL,
  `GROUP_ID` int(11) NOT NULL,
  `G_ACCESS` varchar(255) COLLATE utf8_unicode_ci NOT NULL,
  `SITE_ID` char(2) COLLATE utf8_unicode_ci DEFAULT NULL
) ENGINE=InnoDB DEFAULT CHARSET=utf8 COLLATE=utf8_unicode_ci;

--
-- Дамп данных таблицы `b_module_group`
--

INSERT INTO `b_module_group` (`ID`, `MODULE_ID`, `GROUP_ID`, `G_ACCESS`, `SITE_ID`) VALUES
(1, 'main', 5, 'Q', NULL);

-- --------------------------------------------------------

--
-- Структура таблицы `b_module_to_module`
--

CREATE TABLE `b_module_to_module` (
  `ID` int(11) NOT NULL,
  `TIMESTAMP_X` timestamp NOT NULL DEFAULT CURRENT_TIMESTAMP ON UPDATE CURRENT_TIMESTAMP,
  `SORT` int(18) NOT NULL DEFAULT '100',
  `FROM_MODULE_ID` varchar(50) COLLATE utf8_unicode_ci NOT NULL,
  `MESSAGE_ID` varchar(255) COLLATE utf8_unicode_ci NOT NULL,
  `TO_MODULE_ID` varchar(50) COLLATE utf8_unicode_ci NOT NULL,
  `TO_PATH` varchar(255) COLLATE utf8_unicode_ci DEFAULT NULL,
  `TO_CLASS` varchar(255) COLLATE utf8_unicode_ci DEFAULT NULL,
  `TO_METHOD` varchar(255) COLLATE utf8_unicode_ci DEFAULT NULL,
  `TO_METHOD_ARG` varchar(255) COLLATE utf8_unicode_ci DEFAULT NULL,
  `VERSION` int(18) DEFAULT NULL,
  `UNIQUE_ID` varchar(32) COLLATE utf8_unicode_ci NOT NULL
) ENGINE=InnoDB DEFAULT CHARSET=utf8 COLLATE=utf8_unicode_ci;

--
-- Дамп данных таблицы `b_module_to_module`
--

INSERT INTO `b_module_to_module` (`ID`, `TIMESTAMP_X`, `SORT`, `FROM_MODULE_ID`, `MESSAGE_ID`, `TO_MODULE_ID`, `TO_PATH`, `TO_CLASS`, `TO_METHOD`, `TO_METHOD_ARG`, `VERSION`, `UNIQUE_ID`) VALUES
(1, '2019-09-06 06:15:06', 100, 'iblock', 'OnIBlockPropertyBuildList', 'main', '/modules/main/tools/prop_userid.php', 'CIBlockPropertyUserID', 'GetUserTypeDescription', '', 1, '2b30c309bf87645959b9bfbed51b49c6'),
(2, '2019-09-06 06:15:06', 100, 'main', 'OnUserDelete', 'main', '/modules/main/classes/mysql/favorites.php', 'CFavorites', 'OnUserDelete', '', 1, 'f437e170e4daf957766b0b0579f08fb4'),
(3, '2019-09-06 06:15:06', 100, 'main', 'OnLanguageDelete', 'main', '/modules/main/classes/mysql/favorites.php', 'CFavorites', 'OnLanguageDelete', '', 1, '9211999c5cfc3a4d374e4f957d5079f6'),
(4, '2019-09-06 06:15:06', 100, 'main', 'OnUserDelete', 'main', '', 'CUserOptions', 'OnUserDelete', '', 1, '9ef4e969f975b6425c7113444d210a90'),
(5, '2019-09-06 06:15:06', 100, 'main', 'OnChangeFile', 'main', '', 'CMain', 'OnChangeFileComponent', '', 1, '332179402f77c4d41c6c2e524acde4d0'),
(6, '2019-09-06 06:15:06', 100, 'main', 'OnUserTypeRightsCheck', 'main', '', 'CUser', 'UserTypeRightsCheck', '', 1, 'e1aae03ea8eb08e7bbb6d8d42cbc2ebe'),
(7, '2019-09-06 06:15:06', 100, 'main', 'OnUserLogin', 'main', '', 'UpdateTools', 'CheckUpdates', '', 1, 'a2986b9f6e9a99c0351c2ba858dafc85'),
(8, '2019-09-06 06:15:06', 100, 'main', 'OnModuleUpdate', 'main', '', 'UpdateTools', 'SetUpdateResult', '', 1, 'f9b70c6a75b6341063b23bde5d32e582'),
(9, '2019-09-06 06:15:06', 100, 'main', 'OnUpdateCheck', 'main', '', 'UpdateTools', 'SetUpdateError', '', 1, 'a0aecef95a192ec3dd134f71f0f4f175'),
(10, '2019-09-06 06:15:06', 100, 'main', 'OnPanelCreate', 'main', '', 'CUndo', 'CheckNotifyMessage', '', 1, '6476f96ffba6ab2b4a7dbe644f42edf6'),
(11, '2019-09-06 06:15:06', 100, 'main', 'OnAfterAddRating', 'main', '', 'CRatingsComponentsMain', 'OnAfterAddRating', '', 1, '6122bee2ad083f8f72e35655cee48859'),
(12, '2019-09-06 06:15:06', 100, 'main', 'OnAfterUpdateRating', 'main', '', 'CRatingsComponentsMain', 'OnAfterUpdateRating', '', 1, 'f8f806e33dc35737bdbe6b9bc42626a4'),
(13, '2019-09-06 06:15:06', 100, 'main', 'OnSetRatingsConfigs', 'main', '', 'CRatingsComponentsMain', 'OnSetRatingConfigs', '', 1, '9244ca7fd6964757ca191c9407cb1218'),
(14, '2019-09-06 06:15:06', 100, 'main', 'OnGetRatingsConfigs', 'main', '', 'CRatingsComponentsMain', 'OnGetRatingConfigs', '', 1, 'd8ae8e1f8889b1fbb6af276fb14c8411'),
(15, '2019-09-06 06:15:06', 100, 'main', 'OnGetRatingsObjects', 'main', '', 'CRatingsComponentsMain', 'OnGetRatingObject', '', 1, '129315715250c195ee115002b445a156'),
(16, '2019-09-06 06:15:06', 100, 'main', 'OnGetRatingContentOwner', 'main', '', 'CRatingsComponentsMain', 'OnGetRatingContentOwner', '', 1, 'bf1f5deaa1532fe9a28acd6d19d23a80'),
(17, '2019-09-06 06:15:06', 100, 'main', 'OnAfterAddRatingRule', 'main', '', 'CRatingRulesMain', 'OnAfterAddRatingRule', '', 1, '298e763431f7f7d6c3af9798663f410d'),
(18, '2019-09-06 06:15:06', 100, 'main', 'OnAfterUpdateRatingRule', 'main', '', 'CRatingRulesMain', 'OnAfterUpdateRatingRule', '', 1, '4ecdc4a15e24c49f0fa8f44064bf1511'),
(19, '2019-09-06 06:15:06', 100, 'main', 'OnGetRatingRuleObjects', 'main', '', 'CRatingRulesMain', 'OnGetRatingRuleObjects', '', 1, '6ac10928b76183004ba0e88ace0a1b5b'),
(20, '2019-09-06 06:15:06', 100, 'main', 'OnGetRatingRuleConfigs', 'main', '', 'CRatingRulesMain', 'OnGetRatingRuleConfigs', '', 1, '06769c4f6bbba4fad79c1619a874ee97'),
(21, '2019-09-06 06:15:06', 100, 'main', 'OnAfterUserAdd', 'main', '', 'CRatings', 'OnAfterUserRegister', '', 1, 'ecb9ae0476db69da6c95b06bcb3aebbb'),
(22, '2019-09-06 06:15:06', 100, 'main', 'OnUserDelete', 'main', '', 'CRatings', 'OnUserDelete', '', 1, '9fe6984fd29b7ab9508ac02c23690094'),
(23, '2019-09-06 06:15:06', 100, 'main', 'OnUserDelete', 'main', '', 'CAccess', 'OnUserDelete', '', 1, '71909f221d70fa277429e80412f97f41'),
(24, '2019-09-06 06:15:06', 100, 'main', 'OnAfterGroupAdd', 'main', '', 'CGroupAuthProvider', 'OnAfterGroupAdd', '', 1, '02f2fe70b9068a6b307192321fe74430'),
(25, '2019-09-06 06:15:06', 100, 'main', 'OnBeforeGroupUpdate', 'main', '', 'CGroupAuthProvider', 'OnBeforeGroupUpdate', '', 1, 'ef0f2e4d0ae7bbf59d0798e8078143f9'),
(26, '2019-09-06 06:15:06', 100, 'main', 'OnBeforeGroupDelete', 'main', '', 'CGroupAuthProvider', 'OnBeforeGroupDelete', '', 1, 'd3ec9527c0e77709402a05ae4249afca'),
(27, '2019-09-06 06:15:06', 100, 'main', 'OnAfterSetUserGroup', 'main', '', 'CGroupAuthProvider', 'OnAfterSetUserGroup', '', 1, '0de6c5b48e9382f6e857d79f76d95f25'),
(28, '2019-09-06 06:15:06', 100, 'main', 'OnUserLogin', 'main', '', 'CGroupAuthProvider', 'OnUserLogin', '', 1, '954e2c4ca8624f90f1aee6f40183d5fc'),
(29, '2019-09-06 06:15:06', 100, 'main', 'OnEventLogGetAuditTypes', 'main', '', 'CEventMain', 'GetAuditTypes', '', 1, 'ac0b8b7a5e703131a3bd41b4399bc032'),
(30, '2019-09-06 06:15:06', 100, 'main', 'OnEventLogGetAuditHandlers', 'main', '', 'CEventMain', 'MakeMainObject', '', 1, '1ddb38ccf35a8a9da5d3b2bc80591ad6'),
(31, '2019-09-06 06:15:06', 100, 'perfmon', 'OnGetTableSchema', 'main', '', 'CTableSchema', 'OnGetTableSchema', '', 1, 'c1f65f88d449e8b8a3b7af9d54ef3f50'),
(32, '2019-09-06 06:15:06', 100, 'sender', 'OnConnectorList', 'main', '', '\\Bitrix\\Main\\SenderEventHandler', 'onConnectorListUser', '', 1, '8af99568465a1ccdb6a84e868cf5aad8'),
(33, '2019-09-06 06:15:06', 110, 'main', 'OnUserTypeBuildList', 'main', '', 'CUserTypeString', 'GetUserTypeDescription', '', 1, '09f8200652932044934bd3c522e920c5'),
(34, '2019-09-06 06:15:06', 120, 'main', 'OnUserTypeBuildList', 'main', '', 'CUserTypeInteger', 'GetUserTypeDescription', '', 1, '71ef247b3eb3b07e4bd6940791b89497'),
(35, '2019-09-06 06:15:06', 130, 'main', 'OnUserTypeBuildList', 'main', '', 'CUserTypeDouble', 'GetUserTypeDescription', '', 1, '4fe2008255fe567423cc0c2f080ca741'),
(36, '2019-09-06 06:15:06', 140, 'main', 'OnUserTypeBuildList', 'main', '', 'CUserTypeDateTime', 'GetUserTypeDescription', '', 1, '686c0679e60bee52dbcc27f5502277b6'),
(37, '2019-09-06 06:15:06', 145, 'main', 'OnUserTypeBuildList', 'main', '', 'CUserTypeDate', 'GetUserTypeDescription', '', 1, '7e19b5fc5fc48b1cd317a6ac44d84236'),
(38, '2019-09-06 06:15:06', 150, 'main', 'OnUserTypeBuildList', 'main', '', 'CUserTypeBoolean', 'GetUserTypeDescription', '', 1, '4d5e1dd2369089f2db9480549241205f'),
(39, '2019-09-06 06:15:06', 155, 'main', 'OnUserTypeBuildList', 'main', '', 'CUserTypeUrl', 'GetUserTypeDescription', '', 1, '79fcd650625b296abf13216cd5af2428'),
(40, '2019-09-06 06:15:06', 160, 'main', 'OnUserTypeBuildList', 'main', '', 'CUserTypeFile', 'GetUserTypeDescription', '', 1, '67b9a4fbc45240a7887b73e3a246eba0'),
(41, '2019-09-06 06:15:06', 170, 'main', 'OnUserTypeBuildList', 'main', '', 'CUserTypeEnum', 'GetUserTypeDescription', '', 1, 'fbebdb289fe38c1fbfeda4d3d8ee43ef'),
(42, '2019-09-06 06:15:06', 180, 'main', 'OnUserTypeBuildList', 'main', '', 'CUserTypeIBlockSection', 'GetUserTypeDescription', '', 1, '2065f8305645790970bac0b99f127f47'),
(43, '2019-09-06 06:15:06', 190, 'main', 'OnUserTypeBuildList', 'main', '', 'CUserTypeIBlockElement', 'GetUserTypeDescription', '', 1, '65bda5818e3545f1683a3ff5271cc891'),
(44, '2019-09-06 06:15:06', 200, 'main', 'OnUserTypeBuildList', 'main', '', 'CUserTypeStringFormatted', 'GetUserTypeDescription', '', 1, '47e3cf1c280e01dbaed43f9989a6747b'),
(45, '2019-09-06 06:15:06', 210, 'main', 'OnUserTypeBuildList', 'main', '', '\\Bitrix\\Main\\UrlPreview\\UrlPreviewUserType', 'getUserTypeDescription', '', 1, '719d15ee5f60f6348d2bd6a8911aeed1'),
(46, '2019-09-06 06:15:06', 100, 'main', 'OnBeforeEndBufferContent', 'main', '', '\\Bitrix\\Main\\Analytics\\Counter', 'onBeforeEndBufferContent', '', 1, 'ff5eb984fe6ce3e8d769bf3ba646b902'),
(47, '2019-09-06 06:15:06', 100, 'main', 'OnBeforeRestartBuffer', 'main', '', '\\Bitrix\\Main\\Analytics\\Counter', 'onBeforeRestartBuffer', '', 1, '0782f5a6df6dd52d834caea88c3ba3a7'),
(48, '2019-09-06 06:15:06', 100, 'disk', 'onAfterAjaxActionCreateFolderWithSharing', 'main', '', '\\Bitrix\\Main\\FinderDestTable', 'onAfterDiskAjaxAction', '', 1, 'bfd508b9d33aff2527add538ca8ce0da'),
(49, '2019-09-06 06:15:06', 100, 'disk', 'onAfterAjaxActionAppendSharing', 'main', '', '\\Bitrix\\Main\\FinderDestTable', 'onAfterDiskAjaxAction', '', 1, 'a98030c3e6d284d10916eadb1153cb68'),
(50, '2019-09-06 06:15:06', 100, 'disk', 'onAfterAjaxActionChangeSharingAndRights', 'main', '', '\\Bitrix\\Main\\FinderDestTable', 'onAfterDiskAjaxAction', '', 1, '6787372096415bcfe93bd50d8b24f608'),
(51, '2019-09-06 06:15:06', 100, 'socialnetwork', 'OnSocNetLogDelete', 'main', '', 'CUserCounter', 'OnSocNetLogDelete', '', 1, '33e603755a0bc07abd51a1f8ed52966e'),
(52, '2019-09-06 06:15:06', 100, 'socialnetwork', 'OnSocNetLogCommentDelete', 'main', '', 'CUserCounter', 'OnSocNetLogCommentDelete', '', 1, '51ee2214895be904a880046f43e84138'),
(53, '2019-09-06 06:15:06', 100, 'main', 'OnAdminInformerInsertItems', 'main', '', 'CMpNotifications', 'OnAdminInformerInsertItemsHandlerMP', '', 1, 'c89c0e94ac1110c334a24c70e1773daa'),
(54, '2019-09-06 06:15:06', 100, 'rest', 'OnRestServiceBuildDescription', 'main', '', '\\Bitrix\\Main\\Rest\\Handlers', 'onRestServiceBuildDescription', '', 1, 'c0b0c358a21b648d4f9c5d29d17a5ab2'),
(55, '2019-09-06 06:15:06', 100, 'sale', 'OnSaleBasketItemSaved', 'main', '', '\\Bitrix\\Main\\Analytics\\Catalog', 'catchCatalogBasket', '', 2, 'fa4fc3924ff2585e92f8bdabaf287864'),
(56, '2019-09-06 06:15:06', 100, 'sale', 'OnSaleOrderSaved', 'main', '', '\\Bitrix\\Main\\Analytics\\Catalog', 'catchCatalogOrder', '', 2, '6b358bb17b30da91b105fb1451ed9aaa'),
(57, '2019-09-06 06:15:06', 100, 'sale', 'OnSaleOrderPaid', 'main', '', '\\Bitrix\\Main\\Analytics\\Catalog', 'catchCatalogOrderPayment', '', 2, '8f5ca6e1c5136cb4bbf30474f0ff4183'),
(58, '2019-09-06 06:15:06', 1000, 'sale', 'onBuildDiscountConditionInterfaceControls', 'main', '', '\\Bitrix\\Main\\Discount\\UserConditionControl', 'onBuildDiscountConditionInterfaceControls', '', 1, '9f0d91c081704e52b52f540b3acaf52e'),
(59, '2019-09-06 06:15:06', 100, 'main', 'OnBeforePhpMail', 'main', '', '\\Bitrix\\Main\\Mail\\Sender', 'applyCustomSmtp', '', 2, '10fbf5b8dec05a02d8d7010e594f16ec'),
(62, '2019-09-06 06:15:06', 100, 'main', 'OnBeforeProlog', 'bitrix.sitecorporate', '', 'CSiteCorporate', 'ShowPanel', '', 1, 'bc7c322534797a9ed3493c40e1b8fdac'),
(85, '2019-09-06 06:15:06', 100, 'main', 'OnGroupDelete', 'fileman', '', 'CFileman', 'OnGroupDelete', '', 1, 'd10f791d422ba0e7551ab267db50404c'),
(86, '2019-09-06 06:15:06', 100, 'main', 'OnPanelCreate', 'fileman', '', 'CFileman', 'OnPanelCreate', '', 1, 'b00a6174fb1763684c299ccf5e054c65'),
(87, '2019-09-06 06:15:06', 100, 'main', 'OnModuleUpdate', 'fileman', '', 'CFileman', 'OnModuleUpdate', '', 1, '58ae853e2b7c230b5cdb51129efd8a05'),
(88, '2019-09-06 06:15:06', 100, 'main', 'OnModuleInstalled', 'fileman', '', 'CFileman', 'ClearComponentsListCache', '', 1, '7bdbd354eab11f376fa257a998587277'),
(89, '2019-09-06 06:15:06', 100, 'iblock', 'OnIBlockPropertyBuildList', 'fileman', '', 'CIBlockPropertyMapGoogle', 'GetUserTypeDescription', '', 1, 'd9d06fd05f80b33379359ebd8e36e655'),
(90, '2019-09-06 06:15:06', 100, 'iblock', 'OnIBlockPropertyBuildList', 'fileman', '', 'CIBlockPropertyMapYandex', 'GetUserTypeDescription', '', 1, '20ca1d02998884b5abec68b32fdb561d'),
(91, '2019-09-06 06:15:06', 100, 'iblock', 'OnIBlockPropertyBuildList', 'fileman', '', 'CIBlockPropertyVideo', 'GetUserTypeDescription', '', 1, '991c32062e05844708a5cf7aba37bf9a'),
(92, '2019-09-06 06:15:06', 100, 'main', 'OnUserTypeBuildList', 'fileman', '', 'CUserTypeVideo', 'GetUserTypeDescription', '', 1, '41bc5efb49ebf8d165acd4e4d556f60c'),
(93, '2019-09-06 06:15:06', 100, 'main', 'OnEventLogGetAuditTypes', 'fileman', '', 'CEventFileman', 'GetAuditTypes', '', 1, 'e0a610651ffec1fbddb2f261223fb2e9'),
(94, '2019-09-06 06:15:06', 100, 'main', 'OnEventLogGetAuditHandlers', 'fileman', '', 'CEventFileman', 'MakeFilemanObject', '', 1, 'fbfef1ef99530f6eae191da293f9566c'),
(95, '2019-09-06 06:15:06', 154, 'main', 'OnUserTypeBuildList', 'fileman', '', '\\Bitrix\\Fileman\\UserField\\Address', 'getUserTypeDescription', '', 1, 'f0583a376e38d3d2675513b1a367ed3c'),
(101, '2019-09-06 06:15:06', 100, 'main', 'OnGroupDelete', 'iblock', '', 'CIBlock', 'OnGroupDelete', '', 1, 'f2320df213f38adf32364d3169d5b197'),
(102, '2019-09-06 06:15:06', 100, 'main', 'OnBeforeLangDelete', 'iblock', '', 'CIBlock', 'OnBeforeLangDelete', '', 1, '46aef774958db327c1170a12d3a70ee5'),
(103, '2019-09-06 06:15:06', 100, 'main', 'OnLangDelete', 'iblock', '', 'CIBlock', 'OnLangDelete', '', 1, '861f6ee2ca56bf63c3af07db0553606b'),
(104, '2019-09-06 06:15:06', 100, 'main', 'OnUserTypeRightsCheck', 'iblock', '', 'CIBlockSection', 'UserTypeRightsCheck', '', 1, '2a6d446893d46f04f2c151f458d2908c'),
(105, '2019-09-06 06:15:06', 100, 'search', 'OnReindex', 'iblock', '', 'CIBlock', 'OnSearchReindex', '', 1, 'c6c8111f129e0eb19e558106e354e6f6'),
(106, '2019-09-06 06:15:06', 100, 'search', 'OnSearchGetURL', 'iblock', '', 'CIBlock', 'OnSearchGetURL', '', 1, '0ae9fc756bfb1273309240cd8f535672'),
(107, '2019-09-06 06:15:06', 100, 'main', 'OnEventLogGetAuditTypes', 'iblock', '', 'CIBlock', 'GetAuditTypes', '', 1, '182d19c163e3a5a965bca170c3fb0e83'),
(108, '2019-09-06 06:15:06', 100, 'main', 'OnEventLogGetAuditHandlers', 'iblock', '', 'CEventIBlock', 'MakeIBlockObject', '', 1, 'f7a182e8d9b204970d111e4703b9f523'),
(109, '2019-09-06 06:15:06', 200, 'main', 'OnGetRatingContentOwner', 'iblock', '', 'CRatingsComponentsIBlock', 'OnGetRatingContentOwner', '', 1, '6da245944e376d586a3fa2aaee02c70b'),
(110, '2019-09-06 06:15:06', 100, 'main', 'OnTaskOperationsChanged', 'iblock', '', 'CIBlockRightsStorage', 'OnTaskOperationsChanged', '', 1, '01b3f9984fa07b1dfb4bc35d107d5672'),
(111, '2019-09-06 06:15:06', 100, 'main', 'OnGroupDelete', 'iblock', '', 'CIBlockRightsStorage', 'OnGroupDelete', '', 1, '2dbbccdee3f2e7bd86446bec02be1d54'),
(112, '2019-09-06 06:15:06', 100, 'main', 'OnUserDelete', 'iblock', '', 'CIBlockRightsStorage', 'OnUserDelete', '', 1, '78f090ee29030c54788098b0782d28f9'),
(113, '2019-09-06 06:15:06', 100, 'perfmon', 'OnGetTableSchema', 'iblock', '', 'iblock', 'OnGetTableSchema', '', 1, '4b71a345c136beed338aa7137943d80b'),
(114, '2019-09-06 06:15:06', 100, 'sender', 'OnConnectorList', 'iblock', '', '\\Bitrix\\Iblock\\SenderEventHandler', 'onConnectorListIblock', '', 1, '3de75587a47352dd3cb6d10866f69385'),
(115, '2019-09-06 06:15:06', 10, 'iblock', 'OnIBlockPropertyBuildList', 'iblock', '', 'CIBlockPropertyDate', 'GetUserTypeDescription', '', 1, 'fa608e2c397b6793c54ad296619a22e2'),
(116, '2019-09-06 06:15:06', 20, 'iblock', 'OnIBlockPropertyBuildList', 'iblock', '', 'CIBlockPropertyDateTime', 'GetUserTypeDescription', '', 1, '78554c9e3c38ac383d51f0ee4d013120'),
(117, '2019-09-06 06:15:06', 30, 'iblock', 'OnIBlockPropertyBuildList', 'iblock', '', 'CIBlockPropertyXmlID', 'GetUserTypeDescription', '', 1, '952fe5f2ea67493fb9f9b924ce1b992b'),
(118, '2019-09-06 06:15:06', 40, 'iblock', 'OnIBlockPropertyBuildList', 'iblock', '', 'CIBlockPropertyFileMan', 'GetUserTypeDescription', '', 1, 'fd688441d5e8203751fb47374931e011'),
(119, '2019-09-06 06:15:06', 50, 'iblock', 'OnIBlockPropertyBuildList', 'iblock', '', 'CIBlockPropertyHTML', 'GetUserTypeDescription', '', 1, '27645f81ce5d6d9f19a47cc171860beb'),
(120, '2019-09-06 06:15:06', 60, 'iblock', 'OnIBlockPropertyBuildList', 'iblock', '', 'CIBlockPropertyElementList', 'GetUserTypeDescription', '', 1, 'c53e9314ae43c30267b32310a02d7df4'),
(121, '2019-09-06 06:15:06', 70, 'iblock', 'OnIBlockPropertyBuildList', 'iblock', '', 'CIBlockPropertySequence', 'GetUserTypeDescription', '', 1, '3ff9528d1264fc77697248957aafdab5'),
(122, '2019-09-06 06:15:06', 80, 'iblock', 'OnIBlockPropertyBuildList', 'iblock', '', 'CIBlockPropertyElementAutoComplete', 'GetUserTypeDescription', '', 1, '0d233a1e7a0d6a52a52e13df88291024'),
(123, '2019-09-06 06:15:06', 90, 'iblock', 'OnIBlockPropertyBuildList', 'iblock', '', 'CIBlockPropertySKU', 'GetUserTypeDescription', '', 1, '8678bc826ced4f66640fba3775b18516'),
(124, '2019-09-06 06:15:06', 100, 'iblock', 'OnIBlockPropertyBuildList', 'iblock', '', 'CIBlockPropertySectionAutoComplete', 'GetUserTypeDescription', '', 1, '26ff6f651cb94a1fe4ce9827566f0730'),
(134, '2019-09-06 06:15:06', 100, 'perfmon', 'OnGetTableSchema', 'perfmon', '', 'perfmon', 'OnGetTableSchema', '', 1, '3a4da255b44f05899b64e66a40c12662'),
(135, '2019-09-06 06:15:06', 49, 'main', 'OnBeforeProlog', 'rest', '', 'CRestEventHandlers', 'OnBeforeProlog', '', 2, '395c9c42c3cc9392de1e5887617afe6d'),
(136, '2019-09-06 06:15:06', 100, 'rest', 'OnRestServiceBuildDescription', 'rest', '', 'CBitrixRestEntity', 'OnRestServiceBuildDescription', '', 2, 'f63068b1eb62c36219518206e1e2827c'),
(137, '2019-09-06 06:15:06', 100, 'rest', 'OnRestServiceBuildDescription', 'rest', '', '\\Bitrix\\Rest\\Api\\User', 'onRestServiceBuildDescription', '', 2, 'c9a03e9019564649e55f5409b661e050'),
(138, '2019-09-06 06:15:06', 100, 'rest', 'OnRestServiceBuildDescription', 'rest', '', '\\Bitrix\\Rest\\Api\\Placement', 'onRestServiceBuildDescription', '', 2, '9751a266c2b6f6be5c34b1541bf7c194'),
(139, '2019-09-06 06:15:06', 100, 'rest', 'OnRestServiceBuildDescription', 'rest', '', '\\Bitrix\\Rest\\Api\\Event', 'onRestServiceBuildDescription', '', 2, '842ad63f19aff6d810059c7e56739aae'),
(140, '2019-09-06 06:15:06', 100, 'rest', 'OnRestServiceBuildDescription', 'rest', '', '\\Bitrix\\Rest\\Api\\UserFieldType', 'onRestServiceBuildDescription', '', 2, '4caf68a5256aabe4abef37f24562e59b'),
(141, '2019-09-06 06:15:06', 100, 'main', 'OnApplicationsBuildList', 'main', 'modules/rest/lib/apauth/application.php', '\\Bitrix\\Rest\\APAuth\\Application', 'onApplicationsBuildList', '', 2, '9c39129872987f8dcc8baacc0c446ed7'),
(142, '2019-09-06 06:15:06', 100, 'im', 'OnAfterConfirmNotify', 'rest', '', '\\Bitrix\\Rest\\NotifyIm', 'receive', '', 2, '2ac9c19fe69d4e106deaa6f4a7a4371b'),
(143, '2019-09-06 06:15:06', 100, 'rest', '\\Bitrix\\Rest\\APAuth\\Password::OnDelete', 'rest', '', '\\Bitrix\\Rest\\APAuth\\PermissionTable', 'onPasswordDelete', '', 2, 'f04447ca635f045ec1a64e593964fc90'),
(145, '2019-09-06 06:15:06', 100, 'rest', 'onRestCheckAuth', 'rest', '', '\\Bitrix\\Rest\\OAuth\\Auth', 'onRestCheckAuth', '', 2, '70e923729089b8cba69bb3b4311da11e'),
(146, '2019-09-06 06:15:06', 100, 'rest', 'onRestCheckAuth', 'rest', '', '\\Bitrix\\Rest\\APAuth\\Auth', 'onRestCheckAuth', '', 2, '3550e6c95772564101770e0c9cb54470'),
(147, '2019-09-06 06:15:06', 100, 'rest', 'onRestCheckAuth', 'rest', '', '\\Bitrix\\Rest\\SessionAuth\\Auth', 'onRestCheckAuth', '', 2, '8e33ae5a47b59d21df7d26f916d19e38'),
(157, '2019-09-06 06:15:06', 100, 'main', 'OnPanelCreate', 'seo', '', 'CSeoEventHandlers', 'SeoOnPanelCreate', '', 2, '79688b0b4a106b805d09e63ffe88f580'),
(158, '2019-09-06 06:15:06', 100, 'fileman', 'OnIncludeHTMLEditorScript', 'seo', '', 'CSeoEventHandlers', 'OnIncludeHTMLEditorScript', '', 2, '7995eac5813e40f6b3e82b146631397e'),
(193, '2019-09-06 06:15:06', 100, 'main', 'OnBeforeProlog', 'main', '/modules/main/install/wizard_sol/panel_button.php', 'CWizardSolPanel', 'ShowPanel', '', 1, 'bbd7b8c1e518a0b3eae815eb91a95c11'),
(194, '2019-09-06 06:15:06', 100, 'main', 'OnFileDelete', 'main', '', '\\Bitrix\\Main\\UI\\Viewer\\FilePreviewTable', 'onFileDelete', '', 1, '54c80cd94412db221338aeb59902f059'),
(195, '2019-09-06 06:15:06', 100, 'rest', 'onFindMethodDescription', 'rest', '', '\\Bitrix\\Rest\\Engine\\RestManager', 'onFindMethodDescription', '', 2, '4d0614f880674af333326dd5ba9b2828'),
(198, '2019-09-06 06:15:06', 100, 'perfmon', 'OnGetTableSchema', 'rest', '', 'rest', 'OnGetTableSchema', '', 2, '47a76003c8f9f2d8c820f446e084ff39'),
(199, '2019-09-06 06:15:06', 100, 'main', 'OnBuildFilterFactoryMethods', 'main', '', '\\Bitrix\\Main\\Filter\\FactoryMain', 'onBuildFilterFactoryMethods', '', 2, '19f10c2686a955bd8b8116ea1f1ad829');

-- --------------------------------------------------------

--
-- Структура таблицы `b_numerator`
--

CREATE TABLE `b_numerator` (
  `ID` int(10) UNSIGNED NOT NULL,
  `NAME` varchar(255) COLLATE utf8_unicode_ci DEFAULT NULL,
  `TEMPLATE` varchar(255) COLLATE utf8_unicode_ci DEFAULT NULL,
  `TYPE` varchar(50) COLLATE utf8_unicode_ci DEFAULT NULL,
  `SETTINGS` text COLLATE utf8_unicode_ci,
  `CREATED_AT` datetime DEFAULT NULL,
  `CREATED_BY` int(11) DEFAULT NULL,
  `UPDATED_AT` datetime DEFAULT NULL,
  `UPDATED_BY` int(11) DEFAULT NULL
) ENGINE=InnoDB DEFAULT CHARSET=utf8 COLLATE=utf8_unicode_ci;

-- --------------------------------------------------------

--
-- Структура таблицы `b_numerator_sequence`
--

CREATE TABLE `b_numerator_sequence` (
  `NUMERATOR_ID` int(11) NOT NULL DEFAULT '0',
  `KEY` varchar(32) COLLATE utf8_unicode_ci NOT NULL DEFAULT '0',
  `TEXT_KEY` varchar(50) COLLATE utf8_unicode_ci DEFAULT NULL,
  `NEXT_NUMBER` int(11) DEFAULT NULL,
  `LAST_INVOCATION_TIME` int(11) DEFAULT NULL
) ENGINE=InnoDB DEFAULT CHARSET=utf8 COLLATE=utf8_unicode_ci;

-- --------------------------------------------------------

--
-- Структура таблицы `b_operation`
--

CREATE TABLE `b_operation` (
  `ID` int(18) NOT NULL,
  `NAME` varchar(50) COLLATE utf8_unicode_ci NOT NULL,
  `MODULE_ID` varchar(50) COLLATE utf8_unicode_ci NOT NULL,
  `DESCRIPTION` varchar(255) COLLATE utf8_unicode_ci DEFAULT NULL,
  `BINDING` varchar(50) COLLATE utf8_unicode_ci DEFAULT 'module'
) ENGINE=InnoDB DEFAULT CHARSET=utf8 COLLATE=utf8_unicode_ci;

--
-- Дамп данных таблицы `b_operation`
--

INSERT INTO `b_operation` (`ID`, `NAME`, `MODULE_ID`, `DESCRIPTION`, `BINDING`) VALUES
(1, 'edit_php', 'main', NULL, 'module'),
(2, 'view_own_profile', 'main', NULL, 'module'),
(3, 'edit_own_profile', 'main', NULL, 'module'),
(4, 'view_all_users', 'main', NULL, 'module'),
(5, 'view_groups', 'main', NULL, 'module'),
(6, 'view_tasks', 'main', NULL, 'module'),
(7, 'view_other_settings', 'main', NULL, 'module'),
(8, 'view_subordinate_users', 'main', NULL, 'module'),
(9, 'edit_subordinate_users', 'main', NULL, 'module'),
(10, 'edit_all_users', 'main', NULL, 'module'),
(11, 'edit_groups', 'main', NULL, 'module'),
(12, 'edit_tasks', 'main', NULL, 'module'),
(13, 'edit_other_settings', 'main', NULL, 'module'),
(14, 'cache_control', 'main', NULL, 'module'),
(15, 'lpa_template_edit', 'main', NULL, 'module'),
(16, 'view_event_log', 'main', NULL, 'module'),
(17, 'edit_ratings', 'main', NULL, 'module'),
(18, 'manage_short_uri', 'main', NULL, 'module'),
(19, 'fm_view_permission', 'main', NULL, 'file'),
(20, 'fm_view_file', 'main', NULL, 'file'),
(21, 'fm_view_listing', 'main', NULL, 'file'),
(22, 'fm_edit_existent_folder', 'main', NULL, 'file'),
(23, 'fm_create_new_file', 'main', NULL, 'file'),
(24, 'fm_edit_existent_file', 'main', NULL, 'file'),
(25, 'fm_create_new_folder', 'main', NULL, 'file'),
(26, 'fm_delete_file', 'main', NULL, 'file'),
(27, 'fm_delete_folder', 'main', NULL, 'file'),
(28, 'fm_edit_in_workflow', 'main', NULL, 'file'),
(29, 'fm_rename_file', 'main', NULL, 'file'),
(30, 'fm_rename_folder', 'main', NULL, 'file'),
(31, 'fm_upload_file', 'main', NULL, 'file'),
(32, 'fm_add_to_menu', 'main', NULL, 'file'),
(33, 'fm_download_file', 'main', NULL, 'file'),
(34, 'fm_lpa', 'main', NULL, 'file'),
(35, 'fm_edit_permission', 'main', NULL, 'file'),
(36, 'bitrixcloud_monitoring', 'bitrixcloud', NULL, 'module'),
(37, 'bitrixcloud_backup', 'bitrixcloud', NULL, 'module'),
(38, 'bitrixcloud_cdn', 'bitrixcloud', NULL, 'module'),
(42, 'fileman_view_all_settings', 'fileman', '', 'module'),
(43, 'fileman_edit_menu_types', 'fileman', '', 'module'),
(44, 'fileman_add_element_to_menu', 'fileman', '', 'module'),
(45, 'fileman_edit_menu_elements', 'fileman', '', 'module'),
(46, 'fileman_edit_existent_files', 'fileman', '', 'module'),
(47, 'fileman_edit_existent_folders', 'fileman', '', 'module'),
(48, 'fileman_admin_files', 'fileman', '', 'module'),
(49, 'fileman_admin_folders', 'fileman', '', 'module'),
(50, 'fileman_view_permissions', 'fileman', '', 'module'),
(51, 'fileman_edit_all_settings', 'fileman', '', 'module'),
(52, 'fileman_upload_files', 'fileman', '', 'module'),
(53, 'fileman_view_file_structure', 'fileman', '', 'module'),
(54, 'fileman_install_control', 'fileman', '', 'module'),
(55, 'medialib_view_collection', 'fileman', '', 'medialib'),
(56, 'medialib_new_collection', 'fileman', '', 'medialib'),
(57, 'medialib_edit_collection', 'fileman', '', 'medialib'),
(58, 'medialib_del_collection', 'fileman', '', 'medialib'),
(59, 'medialib_access', 'fileman', '', 'medialib'),
(60, 'medialib_new_item', 'fileman', '', 'medialib'),
(61, 'medialib_edit_item', 'fileman', '', 'medialib'),
(62, 'medialib_del_item', 'fileman', '', 'medialib'),
(63, 'sticker_view', 'fileman', '', 'stickers'),
(64, 'sticker_edit', 'fileman', '', 'stickers'),
(65, 'sticker_new', 'fileman', '', 'stickers'),
(66, 'sticker_del', 'fileman', '', 'stickers'),
(70, 'section_read', 'iblock', NULL, 'iblock'),
(71, 'element_read', 'iblock', NULL, 'iblock'),
(72, 'section_element_bind', 'iblock', NULL, 'iblock'),
(73, 'iblock_admin_display', 'iblock', NULL, 'iblock'),
(74, 'element_edit', 'iblock', NULL, 'iblock'),
(75, 'element_edit_price', 'iblock', NULL, 'iblock'),
(76, 'element_delete', 'iblock', NULL, 'iblock'),
(77, 'element_bizproc_start', 'iblock', NULL, 'iblock'),
(78, 'section_edit', 'iblock', NULL, 'iblock'),
(79, 'section_delete', 'iblock', NULL, 'iblock'),
(80, 'section_section_bind', 'iblock', NULL, 'iblock'),
(81, 'element_edit_any_wf_status', 'iblock', NULL, 'iblock'),
(82, 'iblock_edit', 'iblock', NULL, 'iblock'),
(83, 'iblock_delete', 'iblock', NULL, 'iblock'),
(84, 'iblock_rights_edit', 'iblock', NULL, 'iblock'),
(85, 'iblock_export', 'iblock', NULL, 'iblock'),
(86, 'section_rights_edit', 'iblock', NULL, 'iblock'),
(87, 'element_rights_edit', 'iblock', NULL, 'iblock');

-- --------------------------------------------------------

--
-- Структура таблицы `b_option`
--

CREATE TABLE `b_option` (
  `MODULE_ID` varchar(50) COLLATE utf8_unicode_ci NOT NULL,
  `NAME` varchar(50) COLLATE utf8_unicode_ci NOT NULL,
  `VALUE` text COLLATE utf8_unicode_ci,
  `DESCRIPTION` varchar(255) COLLATE utf8_unicode_ci DEFAULT NULL,
  `SITE_ID` char(2) COLLATE utf8_unicode_ci DEFAULT NULL
) ENGINE=InnoDB DEFAULT CHARSET=utf8 COLLATE=utf8_unicode_ci;

--
-- Дамп данных таблицы `b_option`
--

INSERT INTO `b_option` (`MODULE_ID`, `NAME`, `VALUE`, `DESCRIPTION`, `SITE_ID`) VALUES
('fileman', '~allowed_components', '', NULL, NULL),
('fileman', '~script_files', 'php,php3,php4,php5,php6,phtml,pl,asp,aspx,cgi,exe,ico,shtm,shtml', NULL, NULL),
('fileman', 'ar_entities', 'none', NULL, NULL),
('fileman', 'archive_step_time', '30', NULL, NULL),
('fileman', 'default_edit', 'text', NULL, NULL),
('fileman', 'default_edit_groups', '', NULL, NULL),
('fileman', 'different_set', 'Y', NULL, NULL),
('fileman', 'editor_body_class', '', NULL, NULL),
('fileman', 'editor_body_id', '', NULL, NULL),
('fileman', 'google_map_api_key', '', NULL, NULL),
('fileman', 'GROUP_DEFAULT_RIGHT', 'D', NULL, NULL),
('fileman', 'GROUP_DEFAULT_TASK', '18', NULL, NULL),
('fileman', 'hide_physical_struc', '', NULL, NULL),
('fileman', 'log_menu', 'Y', NULL, NULL),
('fileman', 'log_page', 'Y', NULL, NULL),
('fileman', 'ml_max_height', '1024', NULL, NULL),
('fileman', 'ml_max_width', '1024', NULL, NULL),
('fileman', 'ml_media_available_ext', 'jpg,jpeg,gif,png,flv,mp4,wmv,wma,mp3,ppt,aac', NULL, NULL),
('fileman', 'ml_media_extentions', 'jpg,jpeg,gif,png,flv,mp4,wmv,wma,mp3,ppt', NULL, NULL),
('fileman', 'ml_thumb_height', '105', NULL, NULL),
('fileman', 'ml_thumb_width', '140', NULL, NULL),
('fileman', 'ml_use_default', '1', NULL, NULL),
('fileman', 'replace_new_lines', 'Y', NULL, NULL),
('fileman', 'search_mask', '*.php', NULL, NULL),
('fileman', 'search_max_open_file_size', '1024', NULL, NULL),
('fileman', 'search_max_res_count', '', NULL, NULL),
('fileman', 'search_time_step', '5', NULL, NULL),
('fileman', 'show_inc_icons', 'N', NULL, NULL),
('fileman', 'stickers_use_hotkeys', 'N', NULL, NULL),
('fileman', 'use_code_editor', 'Y', NULL, NULL),
('fileman', 'use_custom_spell', 'N', NULL, NULL),
('fileman', 'use_editor_3', 'Y', NULL, NULL),
('fileman', 'use_medialib', 'Y', NULL, NULL),
('fileman', 'use_pspell', 'Y', NULL, NULL),
('fileman', 'use_separeted_dics', 'Y', NULL, NULL),
('fileman', 'use_translit', '1', NULL, NULL),
('fileman', 'use_translit_google', '1', NULL, NULL),
('fileman', 'user_dics_path', '/bitrix/modules/fileman/u_dics', NULL, NULL),
('fileman', 'yandex_map_api_key', '', NULL, NULL),
('iblock', 'use_htmledit', 'Y', NULL, NULL),
('landing', 'block_vendor_bitrix', 'https://repo.bitrix24.site/rest/1/w1uqy3swvyp50bso/', NULL, NULL),
('landing', 'disabled_namespaces', 'bitrix', NULL, NULL),
('landing', 'new_blocks', 'a:2:{s:4:\"date\";i:1565345079;s:5:\"items\";a:7:{i:0;s:27:\"19.4.features_with_img_left\";i:1;s:28:\"19.2.features_with_img_right\";i:2;s:32:\"56.title_left_with_columns_right\";i:3;s:26:\"57.text_with_factoid_right\";i:4;s:42:\"41.2.1.text_blocks_slider_on_color_bg_left\";i:5;s:49:\"41.2.2.text_blocks_slider_on_color_bg_without_btn\";i:6;s:54:\"41.2.3.text_blocks_slider_on_color_bg_without_btn_left\";}}', NULL, NULL),
('landing', 'pub_path_s1', '/lp/', NULL, NULL),
('main', '~crypto_b_user_phone_auth', 'a:1:{s:10:\"OTP_SECRET\";b:1;}', NULL, NULL),
('main', '~ft_b_user', 'a:3:{s:19:\"SEARCH_USER_CONTENT\";b:1;s:25:\"SEARCH_DEPARTMENT_CONTENT\";b:1;s:20:\"SEARCH_ADMIN_CONTENT\";b:1;}', NULL, NULL),
('main', '~ft_b_user_index', 'a:3:{s:19:\"SEARCH_USER_CONTENT\";b:1;s:25:\"SEARCH_DEPARTMENT_CONTENT\";b:1;s:20:\"SEARCH_ADMIN_CONTENT\";b:1;}', NULL, NULL),
('main', '~ft_b_user_index_selector', 'a:1:{s:23:\"SEARCH_SELECTOR_CONTENT\";b:1;}', NULL, NULL),
('main', '~new_license11_sign', 'Y', NULL, NULL),
('main', '~new_license18_0_sign', 'Y', NULL, NULL),
('main', '~PARAM_COMPOSITE', 'N', NULL, NULL),
('main', '~PARAM_FINISH_DATE', 'dd5d2250ac60a587ac4eede90b20b376f0dd46884f805e16885fa3eb9fb247d5.2024-11-30', NULL, NULL),
('main', '~PARAM_MAX_SERVERS', '2', NULL, NULL),
('main', '~PARAM_MAX_USERS', '8f19d2117bd85a70392eca2c9990ccbd0ef209df91db56b1e31f9f04a9e61963.0', NULL, NULL),
('main', '~PARAM_PARTNER_ID', '', NULL, NULL),
('main', '~PARAM_PHONE_SIP', 'N', NULL, NULL),
('main', '~support_finish_date', '2024-11-30', NULL, NULL),
('main', '~update_autocheck_result', 'a:4:{s:10:\"check_date\";i:1568962975;s:6:\"result\";b:0;s:5:\"error\";s:0:\"\";s:7:\"modules\";a:0:{}}', NULL, NULL),
('main', 'admin_lid', 'ru', NULL, NULL),
('main', 'admin_passwordh', 'FVoQfWYUBgYtCUVcDhcFCgsTAQ==', NULL, NULL),
('main', 'component_cache_on', 'Y', NULL, NULL),
('main', 'component_managed_cache_on', 'Y', NULL, NULL),
('main', 'crc_code', 'UjQzem5uSWRGTQ==', NULL, NULL),
('main', 'distributive6', 'Y', NULL, NULL),
('main', 'dump_archive_size_limit', '104857600', NULL, NULL),
('main', 'dump_base', '0', NULL, NULL),
('main', 'dump_base_skip_log', '0', NULL, NULL),
('main', 'dump_base_skip_search', '0', NULL, NULL),
('main', 'dump_base_skip_stat', '0', NULL, NULL),
('main', 'dump_bucket_id', '0', NULL, NULL),
('main', 'dump_do_clouds', '0', NULL, NULL),
('main', 'dump_encrypt', '0', NULL, NULL),
('main', 'dump_file_kernel', '1', NULL, NULL),
('main', 'dump_file_public', '0', NULL, NULL),
('main', 'dump_integrity_check', '1', NULL, NULL),
('main', 'dump_max_exec_time', '20', NULL, NULL),
('main', 'dump_max_exec_time_sleep', '3', NULL, NULL),
('main', 'dump_max_file_size', '0', NULL, NULL),
('main', 'dump_site_id', 'a:0:{}', NULL, NULL),
('main', 'dump_use_compression', '1', NULL, NULL),
('main', 'email_from', 'n.vozhdaev@mt-insurance.ru', NULL, NULL),
('main', 'GROUP_DEFAULT_TASK', '1', NULL, NULL),
('main', 'last_mp_modules_result', 'a:4:{s:10:\"check_date\";i:1723045342;s:13:\"update_module\";a:0:{}s:10:\"end_update\";a:0:{}s:10:\"new_module\";a:0:{}}', NULL, NULL),
('main', 'optimize_css_files', 'Y', NULL, NULL),
('main', 'optimize_js_files', 'Y', NULL, NULL),
('main', 'PARAM_MAX_SITES', '2', NULL, NULL),
('main', 'PARAM_MAX_USERS', '0', NULL, NULL),
('main', 'rating_assign_authority_group', '4', NULL, NULL),
('main', 'rating_assign_authority_group_add', '2', NULL, NULL),
('main', 'rating_assign_authority_group_delete', '2', NULL, NULL),
('main', 'rating_assign_rating_group', '3', NULL, NULL),
('main', 'rating_assign_rating_group_add', '1', NULL, NULL),
('main', 'rating_assign_rating_group_delete', '1', NULL, NULL),
('main', 'rating_assign_type', 'auto', NULL, NULL),
('main', 'rating_authority_rating', '2', NULL, NULL),
('main', 'rating_authority_weight_formula', 'Y', NULL, NULL),
('main', 'rating_community_authority', '30', NULL, NULL),
('main', 'rating_community_last_visit', '90', NULL, NULL),
('main', 'rating_community_size', '1', NULL, NULL),
('main', 'rating_count_vote', '10', NULL, NULL),
('main', 'rating_normalization', '10', NULL, NULL),
('main', 'rating_normalization_type', 'auto', NULL, NULL),
('main', 'rating_self_vote', 'Y', NULL, NULL),
('main', 'rating_start_authority', '3', NULL, NULL),
('main', 'rating_text_like_d', 'Это нравится', NULL, NULL),
('main', 'rating_text_like_n', 'Не нравится', NULL, NULL),
('main', 'rating_text_like_y', 'Нравится', NULL, NULL),
('main', 'rating_vote_show', 'Y', NULL, NULL),
('main', 'rating_vote_template', 'like', NULL, NULL),
('main', 'rating_vote_type', 'like', NULL, NULL),
('main', 'rating_vote_weight', '10', NULL, NULL),
('main', 'server_uniq_id', 'd4e957b7102c08517b3449676ce4ba16', NULL, NULL),
('main', 'signer_default_key', '0458f7b9adab99a29e6aa64c3383195719c1719ac35f93ff52b6783e2b16797a560514bee6f41bca33afbff0748f051713a0c66e4243344a49c4fda16ea79245', NULL, NULL),
('main', 'site_checker_success', NULL, NULL, NULL),
('main', 'skip_mask', '0', NULL, NULL),
('main', 'skip_symlinks', '0', NULL, NULL),
('main', 'update_site', 'www.bitrixsoft.com', NULL, NULL),
('main', 'update_site_ns', 'Y', NULL, NULL),
('main', 'update_system_check', '07.08.2024 18:42:22', NULL, NULL),
('main', 'update_system_update', '20.09.2019 10:02:55', NULL, NULL),
('main', 'user_selector_content_indexed', 'Y', NULL, NULL),
('main', 'vendor', '1c_bitrix', NULL, NULL),
('main', 'wizard_firstcorp_furniture_s1', 'Y', NULL, NULL),
('messageservice', 'clean_up_period', '14', NULL, NULL),
('rest', 'entity_iblock_type', 'rest_entity', NULL, NULL),
('rest', 'server_path', '/rest', NULL, NULL),
('search', 'dbnode_id', 'N', NULL, NULL),
('search', 'dbnode_status', 'ok', NULL, NULL),
('search', 'suggest_save_days', '250', NULL, NULL),
('search', 'use_social_rating', 'Y', NULL, NULL),
('search', 'use_tf_cache', 'Y', NULL, NULL),
('search', 'use_word_distance', 'Y', NULL, NULL),
('search', 'version', 'v2.0', NULL, NULL),
('seo', 'yandex_direct_region_last_update', '0', NULL, NULL),
('socialnetwork', 'allow_tooltip', 'N', NULL, NULL),
('socialservices', 'auth_services', 'a:12:{s:9:\"VKontakte\";s:1:\"N\";s:8:\"MyMailRu\";s:1:\"N\";s:7:\"Twitter\";s:1:\"N\";s:8:\"Facebook\";s:1:\"N\";s:11:\"Livejournal\";s:1:\"Y\";s:12:\"YandexOpenID\";s:1:\"Y\";s:7:\"Rambler\";s:1:\"Y\";s:12:\"MailRuOpenID\";s:1:\"Y\";s:12:\"Liveinternet\";s:1:\"Y\";s:7:\"Blogger\";s:1:\"Y\";s:6:\"OpenID\";s:1:\"Y\";s:6:\"LiveID\";s:1:\"N\";}', NULL, NULL);

-- --------------------------------------------------------

--
-- Структура таблицы `b_option_site`
--

CREATE TABLE `b_option_site` (
  `MODULE_ID` varchar(50) COLLATE utf8_unicode_ci NOT NULL,
  `NAME` varchar(50) COLLATE utf8_unicode_ci NOT NULL,
  `SITE_ID` char(2) COLLATE utf8_unicode_ci NOT NULL,
  `VALUE` text COLLATE utf8_unicode_ci
) ENGINE=InnoDB DEFAULT CHARSET=utf8 COLLATE=utf8_unicode_ci;

--
-- Дамп данных таблицы `b_option_site`
--

INSERT INTO `b_option_site` (`MODULE_ID`, `NAME`, `SITE_ID`, `VALUE`) VALUES
('fileman', 'menutypes', 's1', 'a:3:{s:5:\\\"top_F\\\";s:23:\\\"Верхнее меню\\\";s:10:\\\"pod_uslugi\\\";s:27:\\\"Подменю услуги\\\";s:12:\\\"pod_tekhniki\\\";s:29:\\\"Подменю техники\\\";}'),
('fileman', 'num_menu_param', 's1', '2'),
('fileman', 'propstypes', 's1', 'a:4:{s:11:\\\"description\\\";s:33:\\\"Описание страницы\\\";s:8:\\\"keywords\\\";s:27:\\\"Ключевые слова\\\";s:5:\\\"title\\\";s:44:\\\"Заголовок окна браузера\\\";s:14:\\\"keywords_inner\\\";s:35:\\\"Продвигаемые слова\\\";}'),
('main', 'wizard_furniture_theme_id', 's1', 'gray'),
('main', 'wizard_site_logo', 's1', '0'),
('main', 'wizard_solution', 's1', 'corp_furniture'),
('main', 'wizard_template_id', 's1', 'furniture');

-- --------------------------------------------------------

--
-- Структура таблицы `b_perf_cache`
--

CREATE TABLE `b_perf_cache` (
  `ID` int(18) NOT NULL,
  `HIT_ID` int(18) DEFAULT NULL,
  `COMPONENT_ID` int(18) DEFAULT NULL,
  `NN` int(18) DEFAULT NULL,
  `CACHE_SIZE` float DEFAULT NULL,
  `OP_MODE` char(1) COLLATE utf8_unicode_ci DEFAULT NULL,
  `MODULE_NAME` text COLLATE utf8_unicode_ci,
  `COMPONENT_NAME` text COLLATE utf8_unicode_ci,
  `BASE_DIR` text COLLATE utf8_unicode_ci,
  `INIT_DIR` text COLLATE utf8_unicode_ci,
  `FILE_NAME` text COLLATE utf8_unicode_ci,
  `FILE_PATH` text COLLATE utf8_unicode_ci
) ENGINE=InnoDB DEFAULT CHARSET=utf8 COLLATE=utf8_unicode_ci;

-- --------------------------------------------------------

--
-- Структура таблицы `b_perf_cluster`
--

CREATE TABLE `b_perf_cluster` (
  `ID` int(11) NOT NULL,
  `TIMESTAMP_X` timestamp NOT NULL DEFAULT CURRENT_TIMESTAMP ON UPDATE CURRENT_TIMESTAMP,
  `THREADS` int(11) DEFAULT NULL,
  `HITS` int(11) DEFAULT NULL,
  `ERRORS` int(11) DEFAULT NULL,
  `PAGES_PER_SECOND` float DEFAULT NULL,
  `PAGE_EXEC_TIME` float DEFAULT NULL,
  `PAGE_RESP_TIME` float DEFAULT NULL
) ENGINE=InnoDB DEFAULT CHARSET=utf8 COLLATE=utf8_unicode_ci;

-- --------------------------------------------------------

--
-- Структура таблицы `b_perf_component`
--

CREATE TABLE `b_perf_component` (
  `ID` int(18) NOT NULL,
  `HIT_ID` int(18) DEFAULT NULL,
  `NN` int(18) DEFAULT NULL,
  `CACHE_TYPE` char(1) COLLATE utf8_unicode_ci DEFAULT NULL,
  `CACHE_SIZE` int(11) DEFAULT NULL,
  `CACHE_COUNT_R` int(11) DEFAULT NULL,
  `CACHE_COUNT_W` int(11) DEFAULT NULL,
  `CACHE_COUNT_C` int(11) DEFAULT NULL,
  `COMPONENT_TIME` float DEFAULT NULL,
  `QUERIES` int(11) DEFAULT NULL,
  `QUERIES_TIME` float DEFAULT NULL,
  `COMPONENT_NAME` text COLLATE utf8_unicode_ci
) ENGINE=InnoDB DEFAULT CHARSET=utf8 COLLATE=utf8_unicode_ci;

-- --------------------------------------------------------

--
-- Структура таблицы `b_perf_error`
--

CREATE TABLE `b_perf_error` (
  `ID` int(18) NOT NULL,
  `HIT_ID` int(18) DEFAULT NULL,
  `ERRNO` int(18) DEFAULT NULL,
  `ERRSTR` text COLLATE utf8_unicode_ci,
  `ERRFILE` text COLLATE utf8_unicode_ci,
  `ERRLINE` int(18) DEFAULT NULL
) ENGINE=InnoDB DEFAULT CHARSET=utf8 COLLATE=utf8_unicode_ci;

-- --------------------------------------------------------

--
-- Структура таблицы `b_perf_history`
--

CREATE TABLE `b_perf_history` (
  `ID` int(18) NOT NULL,
  `TIMESTAMP_X` timestamp NOT NULL DEFAULT CURRENT_TIMESTAMP ON UPDATE CURRENT_TIMESTAMP,
  `TOTAL_MARK` float DEFAULT NULL,
  `ACCELERATOR_ENABLED` char(1) COLLATE utf8_unicode_ci DEFAULT NULL
) ENGINE=InnoDB DEFAULT CHARSET=utf8 COLLATE=utf8_unicode_ci;

-- --------------------------------------------------------

--
-- Структура таблицы `b_perf_hit`
--

CREATE TABLE `b_perf_hit` (
  `ID` int(11) NOT NULL,
  `DATE_HIT` datetime DEFAULT NULL,
  `IS_ADMIN` char(1) COLLATE utf8_unicode_ci DEFAULT NULL,
  `REQUEST_METHOD` varchar(50) COLLATE utf8_unicode_ci DEFAULT NULL,
  `SERVER_NAME` varchar(50) COLLATE utf8_unicode_ci DEFAULT NULL,
  `SERVER_PORT` int(11) DEFAULT NULL,
  `SCRIPT_NAME` text COLLATE utf8_unicode_ci,
  `REQUEST_URI` text COLLATE utf8_unicode_ci,
  `INCLUDED_FILES` int(11) DEFAULT NULL,
  `MEMORY_PEAK_USAGE` int(11) DEFAULT NULL,
  `CACHE_TYPE` char(1) COLLATE utf8_unicode_ci DEFAULT NULL,
  `CACHE_SIZE` int(11) DEFAULT NULL,
  `CACHE_COUNT_R` int(11) DEFAULT NULL,
  `CACHE_COUNT_W` int(11) DEFAULT NULL,
  `CACHE_COUNT_C` int(11) DEFAULT NULL,
  `QUERIES` int(11) DEFAULT NULL,
  `QUERIES_TIME` float DEFAULT NULL,
  `COMPONENTS` int(11) DEFAULT NULL,
  `COMPONENTS_TIME` float DEFAULT NULL,
  `SQL_LOG` char(1) COLLATE utf8_unicode_ci DEFAULT NULL,
  `PAGE_TIME` float DEFAULT NULL,
  `PROLOG_TIME` float DEFAULT NULL,
  `PROLOG_BEFORE_TIME` float DEFAULT NULL,
  `AGENTS_TIME` float DEFAULT NULL,
  `PROLOG_AFTER_TIME` float DEFAULT NULL,
  `WORK_AREA_TIME` float DEFAULT NULL,
  `EPILOG_TIME` float DEFAULT NULL,
  `EPILOG_BEFORE_TIME` float DEFAULT NULL,
  `EVENTS_TIME` float DEFAULT NULL,
  `EPILOG_AFTER_TIME` float DEFAULT NULL,
  `MENU_RECALC` int(11) DEFAULT NULL
) ENGINE=InnoDB DEFAULT CHARSET=utf8 COLLATE=utf8_unicode_ci;

-- --------------------------------------------------------

--
-- Структура таблицы `b_perf_index_ban`
--

CREATE TABLE `b_perf_index_ban` (
  `ID` int(11) NOT NULL,
  `BAN_TYPE` char(1) COLLATE utf8_unicode_ci DEFAULT NULL,
  `TABLE_NAME` varchar(50) COLLATE utf8_unicode_ci DEFAULT NULL,
  `COLUMN_NAMES` varchar(250) COLLATE utf8_unicode_ci DEFAULT NULL
) ENGINE=InnoDB DEFAULT CHARSET=utf8 COLLATE=utf8_unicode_ci;

-- --------------------------------------------------------

--
-- Структура таблицы `b_perf_index_complete`
--

CREATE TABLE `b_perf_index_complete` (
  `ID` int(11) NOT NULL,
  `BANNED` char(1) COLLATE utf8_unicode_ci DEFAULT NULL,
  `TABLE_NAME` varchar(50) COLLATE utf8_unicode_ci DEFAULT NULL,
  `COLUMN_NAMES` varchar(250) COLLATE utf8_unicode_ci DEFAULT NULL,
  `INDEX_NAME` varchar(50) COLLATE utf8_unicode_ci DEFAULT NULL
) ENGINE=InnoDB DEFAULT CHARSET=utf8 COLLATE=utf8_unicode_ci;

-- --------------------------------------------------------

--
-- Структура таблицы `b_perf_index_suggest`
--

CREATE TABLE `b_perf_index_suggest` (
  `ID` int(11) NOT NULL,
  `SQL_MD5` char(32) COLLATE utf8_unicode_ci DEFAULT NULL,
  `SQL_COUNT` int(11) DEFAULT NULL,
  `SQL_TIME` float DEFAULT NULL,
  `TABLE_NAME` varchar(50) COLLATE utf8_unicode_ci DEFAULT NULL,
  `TABLE_ALIAS` varchar(50) COLLATE utf8_unicode_ci DEFAULT NULL,
  `COLUMN_NAMES` varchar(250) COLLATE utf8_unicode_ci DEFAULT NULL,
  `SQL_TEXT` text COLLATE utf8_unicode_ci,
  `SQL_EXPLAIN` longtext COLLATE utf8_unicode_ci
) ENGINE=InnoDB DEFAULT CHARSET=utf8 COLLATE=utf8_unicode_ci;

-- --------------------------------------------------------

--
-- Структура таблицы `b_perf_index_suggest_sql`
--

CREATE TABLE `b_perf_index_suggest_sql` (
  `SUGGEST_ID` int(11) NOT NULL,
  `SQL_ID` int(11) NOT NULL
) ENGINE=InnoDB DEFAULT CHARSET=utf8 COLLATE=utf8_unicode_ci;

-- --------------------------------------------------------

--
-- Структура таблицы `b_perf_sql`
--

CREATE TABLE `b_perf_sql` (
  `ID` int(18) NOT NULL,
  `HIT_ID` int(18) DEFAULT NULL,
  `COMPONENT_ID` int(18) DEFAULT NULL,
  `NN` int(18) DEFAULT NULL,
  `QUERY_TIME` float DEFAULT NULL,
  `NODE_ID` int(18) DEFAULT NULL,
  `MODULE_NAME` text COLLATE utf8_unicode_ci,
  `COMPONENT_NAME` text COLLATE utf8_unicode_ci,
  `SQL_TEXT` text COLLATE utf8_unicode_ci
) ENGINE=InnoDB DEFAULT CHARSET=utf8 COLLATE=utf8_unicode_ci;

-- --------------------------------------------------------

--
-- Структура таблицы `b_perf_sql_backtrace`
--

CREATE TABLE `b_perf_sql_backtrace` (
  `SQL_ID` int(18) NOT NULL,
  `NN` int(18) NOT NULL,
  `FILE_NAME` varchar(500) COLLATE utf8_unicode_ci DEFAULT NULL,
  `LINE_NO` int(18) DEFAULT NULL,
  `CLASS_NAME` varchar(500) COLLATE utf8_unicode_ci DEFAULT NULL,
  `FUNCTION_NAME` varchar(500) COLLATE utf8_unicode_ci DEFAULT NULL
) ENGINE=InnoDB DEFAULT CHARSET=utf8 COLLATE=utf8_unicode_ci;

-- --------------------------------------------------------

--
-- Структура таблицы `b_perf_tab_column_stat`
--

CREATE TABLE `b_perf_tab_column_stat` (
  `ID` int(11) NOT NULL,
  `TABLE_NAME` varchar(50) COLLATE utf8_unicode_ci DEFAULT NULL,
  `COLUMN_NAME` varchar(50) COLLATE utf8_unicode_ci DEFAULT NULL,
  `TABLE_ROWS` float DEFAULT NULL,
  `COLUMN_ROWS` float DEFAULT NULL,
  `VALUE` varchar(100) COLLATE utf8_unicode_ci DEFAULT NULL
) ENGINE=InnoDB DEFAULT CHARSET=utf8 COLLATE=utf8_unicode_ci;

-- --------------------------------------------------------

--
-- Структура таблицы `b_perf_tab_stat`
--

CREATE TABLE `b_perf_tab_stat` (
  `TABLE_NAME` varchar(50) COLLATE utf8_unicode_ci NOT NULL,
  `TABLE_SIZE` float DEFAULT NULL,
  `TABLE_ROWS` float DEFAULT NULL
) ENGINE=InnoDB DEFAULT CHARSET=utf8 COLLATE=utf8_unicode_ci;

-- --------------------------------------------------------

--
-- Структура таблицы `b_perf_test`
--

CREATE TABLE `b_perf_test` (
  `ID` int(18) NOT NULL,
  `REFERENCE_ID` int(18) DEFAULT NULL,
  `NAME` varchar(200) COLLATE utf8_unicode_ci DEFAULT NULL
) ENGINE=InnoDB DEFAULT CHARSET=utf8 COLLATE=utf8_unicode_ci;

-- --------------------------------------------------------

--
-- Структура таблицы `b_rating`
--

CREATE TABLE `b_rating` (
  `ID` int(11) NOT NULL,
  `ACTIVE` char(1) COLLATE utf8_unicode_ci NOT NULL,
  `NAME` varchar(512) COLLATE utf8_unicode_ci NOT NULL,
  `ENTITY_ID` varchar(50) COLLATE utf8_unicode_ci NOT NULL,
  `CALCULATION_METHOD` varchar(3) COLLATE utf8_unicode_ci NOT NULL DEFAULT 'SUM',
  `CREATED` datetime DEFAULT NULL,
  `LAST_MODIFIED` datetime DEFAULT NULL,
  `LAST_CALCULATED` datetime DEFAULT NULL,
  `POSITION` char(1) COLLATE utf8_unicode_ci DEFAULT 'N',
  `AUTHORITY` char(1) COLLATE utf8_unicode_ci DEFAULT 'N',
  `CALCULATED` char(1) COLLATE utf8_unicode_ci NOT NULL DEFAULT 'N',
  `CONFIGS` text COLLATE utf8_unicode_ci
) ENGINE=InnoDB DEFAULT CHARSET=utf8 COLLATE=utf8_unicode_ci;

--
-- Дамп данных таблицы `b_rating`
--

INSERT INTO `b_rating` (`ID`, `ACTIVE`, `NAME`, `ENTITY_ID`, `CALCULATION_METHOD`, `CREATED`, `LAST_MODIFIED`, `LAST_CALCULATED`, `POSITION`, `AUTHORITY`, `CALCULATED`, `CONFIGS`) VALUES
(1, 'N', 'Рейтинг', 'USER', 'SUM', '2019-04-22 15:42:03', NULL, NULL, 'Y', 'N', 'N', 'a:3:{s:4:\"MAIN\";a:2:{s:4:\"VOTE\";a:1:{s:4:\"USER\";a:2:{s:11:\"COEFFICIENT\";s:1:\"1\";s:5:\"LIMIT\";s:2:\"30\";}}s:6:\"RATING\";a:1:{s:5:\"BONUS\";a:2:{s:6:\"ACTIVE\";s:1:\"Y\";s:11:\"COEFFICIENT\";s:1:\"1\";}}}s:5:\"FORUM\";a:2:{s:4:\"VOTE\";a:2:{s:5:\"TOPIC\";a:3:{s:6:\"ACTIVE\";s:1:\"Y\";s:11:\"COEFFICIENT\";s:3:\"0.5\";s:5:\"LIMIT\";s:2:\"30\";}s:4:\"POST\";a:3:{s:6:\"ACTIVE\";s:1:\"Y\";s:11:\"COEFFICIENT\";s:3:\"0.1\";s:5:\"LIMIT\";s:2:\"30\";}}s:6:\"RATING\";a:1:{s:8:\"ACTIVITY\";a:9:{s:6:\"ACTIVE\";s:1:\"Y\";s:16:\"TODAY_TOPIC_COEF\";s:3:\"0.4\";s:15:\"WEEK_TOPIC_COEF\";s:3:\"0.2\";s:16:\"MONTH_TOPIC_COEF\";s:3:\"0.1\";s:14:\"ALL_TOPIC_COEF\";s:1:\"0\";s:15:\"TODAY_POST_COEF\";s:3:\"0.2\";s:14:\"WEEK_POST_COEF\";s:3:\"0.1\";s:15:\"MONTH_POST_COEF\";s:4:\"0.05\";s:13:\"ALL_POST_COEF\";s:1:\"0\";}}}s:4:\"BLOG\";a:2:{s:4:\"VOTE\";a:2:{s:4:\"POST\";a:3:{s:6:\"ACTIVE\";s:1:\"Y\";s:11:\"COEFFICIENT\";s:3:\"0.5\";s:5:\"LIMIT\";s:2:\"30\";}s:7:\"COMMENT\";a:3:{s:6:\"ACTIVE\";s:1:\"Y\";s:11:\"COEFFICIENT\";s:3:\"0.1\";s:5:\"LIMIT\";s:2:\"30\";}}s:6:\"RATING\";a:1:{s:8:\"ACTIVITY\";a:9:{s:6:\"ACTIVE\";s:1:\"Y\";s:15:\"TODAY_POST_COEF\";s:3:\"0.4\";s:14:\"WEEK_POST_COEF\";s:3:\"0.2\";s:15:\"MONTH_POST_COEF\";s:3:\"0.1\";s:13:\"ALL_POST_COEF\";s:1:\"0\";s:18:\"TODAY_COMMENT_COEF\";s:3:\"0.2\";s:17:\"WEEK_COMMENT_COEF\";s:3:\"0.1\";s:18:\"MONTH_COMMENT_COEF\";s:4:\"0.05\";s:16:\"ALL_COMMENT_COEF\";s:1:\"0\";}}}}'),
(2, 'N', 'Авторитет', 'USER', 'SUM', '2019-04-22 15:42:03', NULL, NULL, 'Y', 'Y', 'N', 'a:3:{s:4:\"MAIN\";a:2:{s:4:\"VOTE\";a:1:{s:4:\"USER\";a:3:{s:6:\"ACTIVE\";s:1:\"Y\";s:11:\"COEFFICIENT\";s:1:\"1\";s:5:\"LIMIT\";s:1:\"0\";}}s:6:\"RATING\";a:1:{s:5:\"BONUS\";a:2:{s:6:\"ACTIVE\";s:1:\"Y\";s:11:\"COEFFICIENT\";s:1:\"1\";}}}s:5:\"FORUM\";a:2:{s:4:\"VOTE\";a:2:{s:5:\"TOPIC\";a:2:{s:11:\"COEFFICIENT\";s:1:\"1\";s:5:\"LIMIT\";s:2:\"30\";}s:4:\"POST\";a:2:{s:11:\"COEFFICIENT\";s:1:\"1\";s:5:\"LIMIT\";s:2:\"30\";}}s:6:\"RATING\";a:1:{s:8:\"ACTIVITY\";a:8:{s:16:\"TODAY_TOPIC_COEF\";s:2:\"20\";s:15:\"WEEK_TOPIC_COEF\";s:2:\"10\";s:16:\"MONTH_TOPIC_COEF\";s:1:\"5\";s:14:\"ALL_TOPIC_COEF\";s:1:\"0\";s:15:\"TODAY_POST_COEF\";s:3:\"0.4\";s:14:\"WEEK_POST_COEF\";s:3:\"0.2\";s:15:\"MONTH_POST_COEF\";s:3:\"0.1\";s:13:\"ALL_POST_COEF\";s:1:\"0\";}}}s:4:\"BLOG\";a:2:{s:4:\"VOTE\";a:2:{s:4:\"POST\";a:2:{s:11:\"COEFFICIENT\";s:1:\"1\";s:5:\"LIMIT\";s:2:\"30\";}s:7:\"COMMENT\";a:2:{s:11:\"COEFFICIENT\";s:1:\"1\";s:5:\"LIMIT\";s:2:\"30\";}}s:6:\"RATING\";a:1:{s:8:\"ACTIVITY\";a:8:{s:15:\"TODAY_POST_COEF\";s:3:\"0.4\";s:14:\"WEEK_POST_COEF\";s:3:\"0.2\";s:15:\"MONTH_POST_COEF\";s:3:\"0.1\";s:13:\"ALL_POST_COEF\";s:1:\"0\";s:18:\"TODAY_COMMENT_COEF\";s:3:\"0.2\";s:17:\"WEEK_COMMENT_COEF\";s:3:\"0.1\";s:18:\"MONTH_COMMENT_COEF\";s:4:\"0.05\";s:16:\"ALL_COMMENT_COEF\";s:1:\"0\";}}}}');

-- --------------------------------------------------------

--
-- Структура таблицы `b_rating_component`
--

CREATE TABLE `b_rating_component` (
  `ID` int(11) NOT NULL,
  `RATING_ID` int(11) NOT NULL,
  `ACTIVE` char(1) COLLATE utf8_unicode_ci NOT NULL DEFAULT 'N',
  `ENTITY_ID` varchar(50) COLLATE utf8_unicode_ci NOT NULL,
  `MODULE_ID` varchar(50) COLLATE utf8_unicode_ci NOT NULL,
  `RATING_TYPE` varchar(50) COLLATE utf8_unicode_ci NOT NULL,
  `NAME` varchar(50) COLLATE utf8_unicode_ci NOT NULL,
  `COMPLEX_NAME` varchar(200) COLLATE utf8_unicode_ci NOT NULL,
  `CLASS` varchar(255) COLLATE utf8_unicode_ci NOT NULL,
  `CALC_METHOD` varchar(255) COLLATE utf8_unicode_ci NOT NULL,
  `EXCEPTION_METHOD` varchar(255) COLLATE utf8_unicode_ci DEFAULT NULL,
  `LAST_MODIFIED` datetime DEFAULT NULL,
  `LAST_CALCULATED` datetime DEFAULT NULL,
  `NEXT_CALCULATION` datetime DEFAULT NULL,
  `REFRESH_INTERVAL` int(11) NOT NULL,
  `CONFIG` text COLLATE utf8_unicode_ci
) ENGINE=InnoDB DEFAULT CHARSET=utf8 COLLATE=utf8_unicode_ci;

-- --------------------------------------------------------

--
-- Структура таблицы `b_rating_component_results`
--

CREATE TABLE `b_rating_component_results` (
  `ID` int(11) NOT NULL,
  `RATING_ID` int(11) NOT NULL,
  `ENTITY_TYPE_ID` varchar(50) COLLATE utf8_unicode_ci NOT NULL,
  `ENTITY_ID` int(11) NOT NULL,
  `MODULE_ID` varchar(50) COLLATE utf8_unicode_ci NOT NULL,
  `RATING_TYPE` varchar(50) COLLATE utf8_unicode_ci NOT NULL,
  `NAME` varchar(50) COLLATE utf8_unicode_ci NOT NULL,
  `COMPLEX_NAME` varchar(200) COLLATE utf8_unicode_ci NOT NULL,
  `CURRENT_VALUE` decimal(18,4) DEFAULT NULL
) ENGINE=InnoDB DEFAULT CHARSET=utf8 COLLATE=utf8_unicode_ci;

-- --------------------------------------------------------

--
-- Структура таблицы `b_rating_prepare`
--

CREATE TABLE `b_rating_prepare` (
  `ID` int(11) DEFAULT NULL
) ENGINE=InnoDB DEFAULT CHARSET=utf8 COLLATE=utf8_unicode_ci;

-- --------------------------------------------------------

--
-- Структура таблицы `b_rating_results`
--

CREATE TABLE `b_rating_results` (
  `ID` int(11) NOT NULL,
  `RATING_ID` int(11) NOT NULL,
  `ENTITY_TYPE_ID` varchar(50) COLLATE utf8_unicode_ci NOT NULL,
  `ENTITY_ID` int(11) NOT NULL,
  `CURRENT_VALUE` decimal(18,4) DEFAULT NULL,
  `PREVIOUS_VALUE` decimal(18,4) DEFAULT NULL,
  `CURRENT_POSITION` int(11) DEFAULT '0',
  `PREVIOUS_POSITION` int(11) DEFAULT '0'
) ENGINE=InnoDB DEFAULT CHARSET=utf8 COLLATE=utf8_unicode_ci;

-- --------------------------------------------------------

--
-- Структура таблицы `b_rating_rule`
--

CREATE TABLE `b_rating_rule` (
  `ID` int(11) NOT NULL,
  `ACTIVE` char(1) COLLATE utf8_unicode_ci NOT NULL DEFAULT 'N',
  `NAME` varchar(256) COLLATE utf8_unicode_ci NOT NULL,
  `ENTITY_TYPE_ID` varchar(50) COLLATE utf8_unicode_ci NOT NULL,
  `CONDITION_NAME` varchar(200) COLLATE utf8_unicode_ci NOT NULL,
  `CONDITION_MODULE` varchar(50) COLLATE utf8_unicode_ci DEFAULT NULL,
  `CONDITION_CLASS` varchar(255) COLLATE utf8_unicode_ci NOT NULL,
  `CONDITION_METHOD` varchar(255) COLLATE utf8_unicode_ci NOT NULL,
  `CONDITION_CONFIG` text COLLATE utf8_unicode_ci,
  `ACTION_NAME` varchar(200) COLLATE utf8_unicode_ci NOT NULL,
  `ACTION_CONFIG` text COLLATE utf8_unicode_ci,
  `ACTIVATE` char(1) COLLATE utf8_unicode_ci NOT NULL DEFAULT 'N',
  `ACTIVATE_CLASS` varchar(255) COLLATE utf8_unicode_ci NOT NULL,
  `ACTIVATE_METHOD` varchar(255) COLLATE utf8_unicode_ci NOT NULL,
  `DEACTIVATE` char(1) COLLATE utf8_unicode_ci NOT NULL DEFAULT 'N',
  `DEACTIVATE_CLASS` varchar(255) COLLATE utf8_unicode_ci NOT NULL,
  `DEACTIVATE_METHOD` varchar(255) COLLATE utf8_unicode_ci NOT NULL,
  `CREATED` datetime DEFAULT NULL,
  `LAST_MODIFIED` datetime DEFAULT NULL,
  `LAST_APPLIED` datetime DEFAULT NULL
) ENGINE=InnoDB DEFAULT CHARSET=utf8 COLLATE=utf8_unicode_ci;

--
-- Дамп данных таблицы `b_rating_rule`
--

INSERT INTO `b_rating_rule` (`ID`, `ACTIVE`, `NAME`, `ENTITY_TYPE_ID`, `CONDITION_NAME`, `CONDITION_MODULE`, `CONDITION_CLASS`, `CONDITION_METHOD`, `CONDITION_CONFIG`, `ACTION_NAME`, `ACTION_CONFIG`, `ACTIVATE`, `ACTIVATE_CLASS`, `ACTIVATE_METHOD`, `DEACTIVATE`, `DEACTIVATE_CLASS`, `DEACTIVATE_METHOD`, `CREATED`, `LAST_MODIFIED`, `LAST_APPLIED`) VALUES
(1, 'N', 'Добавление в группу пользователей, имеющих право голосовать за рейтинг', 'USER', 'AUTHORITY', NULL, 'CRatingRulesMain', 'ratingCheck', 'a:1:{s:9:\"AUTHORITY\";a:2:{s:16:\"RATING_CONDITION\";i:1;s:12:\"RATING_VALUE\";i:1;}}', 'ADD_TO_GROUP', 'a:1:{s:12:\"ADD_TO_GROUP\";a:1:{s:8:\"GROUP_ID\";s:1:\"3\";}}', 'N', 'CRatingRulesMain', 'addToGroup', 'N', 'CRatingRulesMain ', 'addToGroup', '2019-04-22 15:42:03', '2019-04-22 15:42:03', NULL),
(2, 'N', 'Удаление из группы пользователей, не имеющих права голосовать за рейтинг', 'USER', 'AUTHORITY', NULL, 'CRatingRulesMain', 'ratingCheck', 'a:1:{s:9:\"AUTHORITY\";a:2:{s:16:\"RATING_CONDITION\";i:2;s:12:\"RATING_VALUE\";i:1;}}', 'REMOVE_FROM_GROUP', 'a:1:{s:17:\"REMOVE_FROM_GROUP\";a:1:{s:8:\"GROUP_ID\";s:1:\"3\";}}', 'N', 'CRatingRulesMain', 'removeFromGroup', 'N', 'CRatingRulesMain ', 'removeFromGroup', '2019-04-22 15:42:03', '2019-04-22 15:42:03', NULL),
(3, 'N', 'Добавление в группу пользователей, имеющих право голосовать за авторитет', 'USER', 'AUTHORITY', NULL, 'CRatingRulesMain', 'ratingCheck', 'a:1:{s:9:\"AUTHORITY\";a:2:{s:16:\"RATING_CONDITION\";i:1;s:12:\"RATING_VALUE\";i:2;}}', 'ADD_TO_GROUP', 'a:1:{s:12:\"ADD_TO_GROUP\";a:1:{s:8:\"GROUP_ID\";s:1:\"4\";}}', 'N', 'CRatingRulesMain', 'addToGroup', 'N', 'CRatingRulesMain ', 'addToGroup', '2019-04-22 15:42:03', '2019-04-22 15:42:03', NULL),
(4, 'N', 'Удаление из группы пользователей, не имеющих права голосовать за авторитет', 'USER', 'AUTHORITY', NULL, 'CRatingRulesMain', 'ratingCheck', 'a:1:{s:9:\"AUTHORITY\";a:2:{s:16:\"RATING_CONDITION\";i:2;s:12:\"RATING_VALUE\";i:2;}}', 'REMOVE_FROM_GROUP', 'a:1:{s:17:\"REMOVE_FROM_GROUP\";a:1:{s:8:\"GROUP_ID\";s:1:\"4\";}}', 'N', 'CRatingRulesMain', 'removeFromGroup', 'N', 'CRatingRulesMain ', 'removeFromGroup', '2019-04-22 15:42:03', '2019-04-22 15:42:03', NULL),
(5, 'Y', 'Автоматическое голосование за авторитет пользователя', 'USER', 'VOTE', NULL, 'CRatingRulesMain', 'voteCheck', 'a:1:{s:4:\"VOTE\";a:6:{s:10:\"VOTE_LIMIT\";i:90;s:11:\"VOTE_RESULT\";i:10;s:16:\"VOTE_FORUM_TOPIC\";d:0.5;s:15:\"VOTE_FORUM_POST\";d:0.1000000000000000055511151231257827021181583404541015625;s:14:\"VOTE_BLOG_POST\";d:0.5;s:17:\"VOTE_BLOG_COMMENT\";d:0.1000000000000000055511151231257827021181583404541015625;}}', 'empty', 'a:0:{}', 'N', 'empty', 'empty', 'N', 'empty ', 'empty', '2019-04-22 15:42:03', '2019-04-22 15:42:03', NULL);

-- --------------------------------------------------------

--
-- Структура таблицы `b_rating_rule_vetting`
--

CREATE TABLE `b_rating_rule_vetting` (
  `ID` int(11) NOT NULL,
  `RULE_ID` int(11) NOT NULL,
  `ENTITY_TYPE_ID` varchar(50) COLLATE utf8_unicode_ci NOT NULL,
  `ENTITY_ID` int(11) NOT NULL,
  `ACTIVATE` char(1) COLLATE utf8_unicode_ci NOT NULL DEFAULT 'N',
  `APPLIED` char(1) COLLATE utf8_unicode_ci NOT NULL DEFAULT 'N'
) ENGINE=InnoDB DEFAULT CHARSET=utf8 COLLATE=utf8_unicode_ci;

-- --------------------------------------------------------

--
-- Структура таблицы `b_rating_user`
--

CREATE TABLE `b_rating_user` (
  `ID` int(11) NOT NULL,
  `RATING_ID` int(11) NOT NULL,
  `ENTITY_ID` int(11) NOT NULL,
  `BONUS` decimal(18,4) DEFAULT '0.0000',
  `VOTE_WEIGHT` decimal(18,4) DEFAULT '0.0000',
  `VOTE_COUNT` int(11) DEFAULT '0'
) ENGINE=InnoDB DEFAULT CHARSET=utf8 COLLATE=utf8_unicode_ci;

--
-- Дамп данных таблицы `b_rating_user`
--

INSERT INTO `b_rating_user` (`ID`, `RATING_ID`, `ENTITY_ID`, `BONUS`, `VOTE_WEIGHT`, `VOTE_COUNT`) VALUES
(1, 2, 1, '3.0000', '30.0000', 13);

-- --------------------------------------------------------

--
-- Структура таблицы `b_rating_vote`
--

CREATE TABLE `b_rating_vote` (
  `ID` int(11) NOT NULL,
  `RATING_VOTING_ID` int(11) NOT NULL,
  `ENTITY_TYPE_ID` varchar(50) COLLATE utf8_unicode_ci NOT NULL,
  `ENTITY_ID` int(11) NOT NULL,
  `OWNER_ID` int(11) NOT NULL,
  `VALUE` decimal(18,4) NOT NULL,
  `ACTIVE` char(1) COLLATE utf8_unicode_ci NOT NULL,
  `CREATED` datetime NOT NULL,
  `USER_ID` int(11) NOT NULL,
  `USER_IP` varchar(64) COLLATE utf8_unicode_ci NOT NULL,
  `REACTION` varchar(8) COLLATE utf8_unicode_ci DEFAULT NULL
) ENGINE=InnoDB DEFAULT CHARSET=utf8 COLLATE=utf8_unicode_ci;

-- --------------------------------------------------------

--
-- Структура таблицы `b_rating_vote_group`
--

CREATE TABLE `b_rating_vote_group` (
  `ID` int(11) NOT NULL,
  `GROUP_ID` int(11) NOT NULL,
  `TYPE` char(1) COLLATE utf8_unicode_ci NOT NULL
) ENGINE=InnoDB DEFAULT CHARSET=utf8 COLLATE=utf8_unicode_ci;

--
-- Дамп данных таблицы `b_rating_vote_group`
--

INSERT INTO `b_rating_vote_group` (`ID`, `GROUP_ID`, `TYPE`) VALUES
(5, 1, 'A'),
(1, 1, 'R'),
(3, 1, 'R'),
(2, 3, 'R'),
(4, 3, 'R'),
(6, 4, 'A');

-- --------------------------------------------------------

--
-- Структура таблицы `b_rating_voting`
--

CREATE TABLE `b_rating_voting` (
  `ID` int(11) NOT NULL,
  `ENTITY_TYPE_ID` varchar(50) COLLATE utf8_unicode_ci NOT NULL,
  `ENTITY_ID` int(11) NOT NULL,
  `OWNER_ID` int(11) NOT NULL,
  `ACTIVE` char(1) COLLATE utf8_unicode_ci NOT NULL,
  `CREATED` datetime DEFAULT NULL,
  `LAST_CALCULATED` datetime DEFAULT NULL,
  `TOTAL_VALUE` decimal(18,4) NOT NULL,
  `TOTAL_VOTES` int(11) NOT NULL,
  `TOTAL_POSITIVE_VOTES` int(11) NOT NULL,
  `TOTAL_NEGATIVE_VOTES` int(11) NOT NULL
) ENGINE=InnoDB DEFAULT CHARSET=utf8 COLLATE=utf8_unicode_ci;

-- --------------------------------------------------------

--
-- Структура таблицы `b_rating_voting_prepare`
--

CREATE TABLE `b_rating_voting_prepare` (
  `ID` int(11) NOT NULL,
  `RATING_VOTING_ID` int(11) NOT NULL,
  `TOTAL_VALUE` decimal(18,4) NOT NULL,
  `TOTAL_VOTES` int(11) NOT NULL,
  `TOTAL_POSITIVE_VOTES` int(11) NOT NULL,
  `TOTAL_NEGATIVE_VOTES` int(11) NOT NULL
) ENGINE=InnoDB DEFAULT CHARSET=utf8 COLLATE=utf8_unicode_ci;

-- --------------------------------------------------------

--
-- Структура таблицы `b_rating_voting_reaction`
--

CREATE TABLE `b_rating_voting_reaction` (
  `ENTITY_TYPE_ID` varchar(50) COLLATE utf8_unicode_ci NOT NULL,
  `ENTITY_ID` int(11) NOT NULL,
  `REACTION` varchar(8) COLLATE utf8_unicode_ci NOT NULL DEFAULT '',
  `TOTAL_VOTES` int(11) NOT NULL
) ENGINE=InnoDB DEFAULT CHARSET=utf8 COLLATE=utf8_unicode_ci;

-- --------------------------------------------------------

--
-- Структура таблицы `b_rating_weight`
--

CREATE TABLE `b_rating_weight` (
  `ID` int(11) NOT NULL,
  `RATING_FROM` decimal(18,4) NOT NULL,
  `RATING_TO` decimal(18,4) NOT NULL,
  `WEIGHT` decimal(18,4) DEFAULT '0.0000',
  `COUNT` int(11) DEFAULT '0'
) ENGINE=InnoDB DEFAULT CHARSET=utf8 COLLATE=utf8_unicode_ci;

--
-- Дамп данных таблицы `b_rating_weight`
--

INSERT INTO `b_rating_weight` (`ID`, `RATING_FROM`, `RATING_TO`, `WEIGHT`, `COUNT`) VALUES
(1, '-1000000.0000', '1000000.0000', '1.0000', 10);

-- --------------------------------------------------------

--
-- Структура таблицы `b_rest_ap`
--

CREATE TABLE `b_rest_ap` (
  `ID` int(11) NOT NULL,
  `USER_ID` int(11) NOT NULL,
  `PASSWORD` varchar(50) COLLATE utf8_unicode_ci NOT NULL,
  `ACTIVE` char(1) COLLATE utf8_unicode_ci DEFAULT 'Y',
  `TITLE` varchar(255) COLLATE utf8_unicode_ci DEFAULT '',
  `COMMENT` varchar(255) COLLATE utf8_unicode_ci DEFAULT '',
  `DATE_CREATE` datetime DEFAULT NULL,
  `DATE_LOGIN` datetime DEFAULT NULL,
  `LAST_IP` varchar(255) COLLATE utf8_unicode_ci DEFAULT NULL
) ENGINE=InnoDB DEFAULT CHARSET=utf8 COLLATE=utf8_unicode_ci;

-- --------------------------------------------------------

--
-- Структура таблицы `b_rest_app`
--

CREATE TABLE `b_rest_app` (
  `ID` int(11) NOT NULL,
  `CLIENT_ID` varchar(128) COLLATE utf8_unicode_ci NOT NULL,
  `CODE` varchar(128) COLLATE utf8_unicode_ci NOT NULL,
  `ACTIVE` char(1) COLLATE utf8_unicode_ci NOT NULL DEFAULT 'Y',
  `INSTALLED` char(1) COLLATE utf8_unicode_ci NOT NULL DEFAULT 'N',
  `URL` varchar(1000) COLLATE utf8_unicode_ci NOT NULL,
  `URL_DEMO` varchar(1000) COLLATE utf8_unicode_ci DEFAULT NULL,
  `URL_INSTALL` varchar(1000) COLLATE utf8_unicode_ci DEFAULT NULL,
  `VERSION` varchar(4) COLLATE utf8_unicode_ci DEFAULT '1',
  `SCOPE` varchar(2000) COLLATE utf8_unicode_ci NOT NULL,
  `STATUS` char(1) COLLATE utf8_unicode_ci NOT NULL DEFAULT 'F',
  `DATE_FINISH` date DEFAULT NULL,
  `IS_TRIALED` char(1) COLLATE utf8_unicode_ci DEFAULT 'N',
  `SHARED_KEY` varchar(32) COLLATE utf8_unicode_ci DEFAULT NULL,
  `CLIENT_SECRET` varchar(100) COLLATE utf8_unicode_ci DEFAULT NULL,
  `APP_NAME` varchar(1000) COLLATE utf8_unicode_ci DEFAULT NULL,
  `ACCESS` varchar(2000) COLLATE utf8_unicode_ci DEFAULT '',
  `APPLICATION_TOKEN` varchar(50) COLLATE utf8_unicode_ci DEFAULT '',
  `MOBILE` char(1) COLLATE utf8_unicode_ci DEFAULT 'N',
  `USER_INSTALL` char(1) COLLATE utf8_unicode_ci DEFAULT 'N'
) ENGINE=InnoDB DEFAULT CHARSET=utf8 COLLATE=utf8_unicode_ci;

-- --------------------------------------------------------

--
-- Структура таблицы `b_rest_app_lang`
--

CREATE TABLE `b_rest_app_lang` (
  `ID` int(11) NOT NULL,
  `APP_ID` int(11) NOT NULL,
  `LANGUAGE_ID` char(2) COLLATE utf8_unicode_ci NOT NULL,
  `MENU_NAME` varchar(500) COLLATE utf8_unicode_ci DEFAULT NULL
) ENGINE=InnoDB DEFAULT CHARSET=utf8 COLLATE=utf8_unicode_ci;

-- --------------------------------------------------------

--
-- Структура таблицы `b_rest_app_log`
--

CREATE TABLE `b_rest_app_log` (
  `ID` int(11) NOT NULL,
  `TIMESTAMP_X` timestamp NOT NULL DEFAULT CURRENT_TIMESTAMP,
  `APP_ID` int(11) NOT NULL,
  `ACTION_TYPE` varchar(50) COLLATE utf8_unicode_ci NOT NULL,
  `USER_ID` int(11) NOT NULL,
  `USER_ADMIN` char(1) COLLATE utf8_unicode_ci DEFAULT 'Y'
) ENGINE=InnoDB DEFAULT CHARSET=utf8 COLLATE=utf8_unicode_ci;

-- --------------------------------------------------------

--
-- Структура таблицы `b_rest_ap_permission`
--

CREATE TABLE `b_rest_ap_permission` (
  `ID` int(11) NOT NULL,
  `PASSWORD_ID` int(11) NOT NULL,
  `PERM` varchar(100) COLLATE utf8_unicode_ci NOT NULL
) ENGINE=InnoDB DEFAULT CHARSET=utf8 COLLATE=utf8_unicode_ci;

-- --------------------------------------------------------

--
-- Структура таблицы `b_rest_event`
--

CREATE TABLE `b_rest_event` (
  `ID` int(11) NOT NULL,
  `APP_ID` int(11) DEFAULT NULL,
  `EVENT_NAME` varchar(255) COLLATE utf8_unicode_ci NOT NULL,
  `EVENT_HANDLER` varchar(255) COLLATE utf8_unicode_ci NOT NULL,
  `USER_ID` int(11) DEFAULT '0',
  `TITLE` varchar(255) COLLATE utf8_unicode_ci DEFAULT '',
  `COMMENT` varchar(255) COLLATE utf8_unicode_ci DEFAULT '',
  `DATE_CREATE` datetime DEFAULT NULL,
  `APPLICATION_TOKEN` varchar(50) COLLATE utf8_unicode_ci DEFAULT '',
  `CONNECTOR_ID` varchar(255) COLLATE utf8_unicode_ci DEFAULT ''
) ENGINE=InnoDB DEFAULT CHARSET=utf8 COLLATE=utf8_unicode_ci;

-- --------------------------------------------------------

--
-- Структура таблицы `b_rest_event_offline`
--

CREATE TABLE `b_rest_event_offline` (
  `ID` int(11) NOT NULL,
  `TIMESTAMP_X` timestamp NULL DEFAULT CURRENT_TIMESTAMP,
  `MESSAGE_ID` varchar(100) COLLATE utf8_unicode_ci NOT NULL,
  `APP_ID` int(11) NOT NULL,
  `EVENT_NAME` varchar(255) COLLATE utf8_unicode_ci NOT NULL,
  `EVENT_DATA` text COLLATE utf8_unicode_ci,
  `EVENT_ADDITIONAL` text COLLATE utf8_unicode_ci,
  `PROCESS_ID` varchar(255) COLLATE utf8_unicode_ci DEFAULT '',
  `CONNECTOR_ID` varchar(255) COLLATE utf8_unicode_ci DEFAULT '',
  `ERROR` int(3) DEFAULT '0'
) ENGINE=InnoDB DEFAULT CHARSET=utf8 COLLATE=utf8_unicode_ci;

-- --------------------------------------------------------

--
-- Структура таблицы `b_rest_log`
--

CREATE TABLE `b_rest_log` (
  `ID` int(11) NOT NULL,
  `TIMESTAMP_X` timestamp NOT NULL DEFAULT CURRENT_TIMESTAMP,
  `CLIENT_ID` varchar(45) COLLATE utf8_unicode_ci DEFAULT NULL,
  `PASSWORD_ID` int(11) DEFAULT NULL,
  `SCOPE` varchar(50) COLLATE utf8_unicode_ci DEFAULT NULL,
  `METHOD` varchar(255) COLLATE utf8_unicode_ci DEFAULT NULL,
  `REQUEST_METHOD` varchar(10) COLLATE utf8_unicode_ci DEFAULT NULL,
  `REQUEST_URI` varchar(255) COLLATE utf8_unicode_ci DEFAULT NULL,
  `REQUEST_AUTH` text COLLATE utf8_unicode_ci,
  `REQUEST_DATA` text COLLATE utf8_unicode_ci,
  `RESPONSE_STATUS` varchar(20) COLLATE utf8_unicode_ci DEFAULT NULL,
  `RESPONSE_DATA` longtext COLLATE utf8_unicode_ci
) ENGINE=InnoDB DEFAULT CHARSET=utf8 COLLATE=utf8_unicode_ci;

-- --------------------------------------------------------

--
-- Структура таблицы `b_rest_placement`
--

CREATE TABLE `b_rest_placement` (
  `ID` int(11) NOT NULL,
  `APP_ID` int(11) DEFAULT NULL,
  `PLACEMENT` varchar(255) COLLATE utf8_unicode_ci NOT NULL,
  `PLACEMENT_HANDLER` varchar(255) COLLATE utf8_unicode_ci NOT NULL,
  `TITLE` varchar(255) COLLATE utf8_unicode_ci DEFAULT '',
  `COMMENT` varchar(255) COLLATE utf8_unicode_ci DEFAULT '',
  `DATE_CREATE` datetime DEFAULT NULL,
  `ADDITIONAL` varchar(255) COLLATE utf8_unicode_ci DEFAULT NULL,
  `GROUP_NAME` varchar(255) COLLATE utf8_unicode_ci DEFAULT ''
) ENGINE=InnoDB DEFAULT CHARSET=utf8 COLLATE=utf8_unicode_ci;

-- --------------------------------------------------------

--
-- Структура таблицы `b_rest_stat`
--

CREATE TABLE `b_rest_stat` (
  `STAT_DATE` date NOT NULL,
  `APP_ID` int(11) NOT NULL,
  `METHOD_ID` int(11) NOT NULL,
  `HOUR_0` int(11) NOT NULL DEFAULT '0',
  `HOUR_1` int(11) NOT NULL DEFAULT '0',
  `HOUR_2` int(11) NOT NULL DEFAULT '0',
  `HOUR_3` int(11) NOT NULL DEFAULT '0',
  `HOUR_4` int(11) NOT NULL DEFAULT '0',
  `HOUR_5` int(11) NOT NULL DEFAULT '0',
  `HOUR_6` int(11) NOT NULL DEFAULT '0',
  `HOUR_7` int(11) NOT NULL DEFAULT '0',
  `HOUR_8` int(11) NOT NULL DEFAULT '0',
  `HOUR_9` int(11) NOT NULL DEFAULT '0',
  `HOUR_10` int(11) NOT NULL DEFAULT '0',
  `HOUR_11` int(11) NOT NULL DEFAULT '0',
  `HOUR_12` int(11) NOT NULL DEFAULT '0',
  `HOUR_13` int(11) NOT NULL DEFAULT '0',
  `HOUR_14` int(11) NOT NULL DEFAULT '0',
  `HOUR_15` int(11) NOT NULL DEFAULT '0',
  `HOUR_16` int(11) NOT NULL DEFAULT '0',
  `HOUR_17` int(11) NOT NULL DEFAULT '0',
  `HOUR_18` int(11) NOT NULL DEFAULT '0',
  `HOUR_19` int(11) NOT NULL DEFAULT '0',
  `HOUR_20` int(11) NOT NULL DEFAULT '0',
  `HOUR_21` int(11) NOT NULL DEFAULT '0',
  `HOUR_22` int(11) NOT NULL DEFAULT '0',
  `HOUR_23` int(11) NOT NULL DEFAULT '0'
) ENGINE=InnoDB DEFAULT CHARSET=utf8 COLLATE=utf8_unicode_ci;

-- --------------------------------------------------------

--
-- Структура таблицы `b_rest_stat_method`
--

CREATE TABLE `b_rest_stat_method` (
  `ID` int(11) NOT NULL,
  `NAME` varchar(255) COLLATE utf8_unicode_ci NOT NULL,
  `METHOD_TYPE` char(1) COLLATE utf8_unicode_ci DEFAULT 'M'
) ENGINE=InnoDB DEFAULT CHARSET=utf8 COLLATE=utf8_unicode_ci;

-- --------------------------------------------------------

--
-- Структура таблицы `b_short_uri`
--

CREATE TABLE `b_short_uri` (
  `ID` int(18) NOT NULL,
  `URI` varchar(2000) COLLATE utf8_unicode_ci NOT NULL,
  `URI_CRC` int(18) NOT NULL,
  `SHORT_URI` varbinary(250) NOT NULL,
  `SHORT_URI_CRC` int(18) NOT NULL,
  `STATUS` int(18) NOT NULL DEFAULT '301',
  `MODIFIED` datetime NOT NULL,
  `LAST_USED` datetime DEFAULT NULL,
  `NUMBER_USED` int(18) NOT NULL DEFAULT '0'
) ENGINE=InnoDB DEFAULT CHARSET=utf8 COLLATE=utf8_unicode_ci;

-- --------------------------------------------------------

--
-- Структура таблицы `b_site_template`
--

CREATE TABLE `b_site_template` (
  `ID` int(11) NOT NULL,
  `SITE_ID` char(2) COLLATE utf8_unicode_ci NOT NULL,
  `CONDITION` varchar(255) COLLATE utf8_unicode_ci DEFAULT NULL,
  `SORT` int(11) NOT NULL DEFAULT '500',
  `TEMPLATE` varchar(255) COLLATE utf8_unicode_ci NOT NULL
) ENGINE=InnoDB DEFAULT CHARSET=utf8 COLLATE=utf8_unicode_ci;

--
-- Дамп данных таблицы `b_site_template`
--

INSERT INTO `b_site_template` (`ID`, `SITE_ID`, `CONDITION`, `SORT`, `TEMPLATE`) VALUES
(3, 's1', '', 150, 'geometria');

-- --------------------------------------------------------

--
-- Структура таблицы `b_smile`
--

CREATE TABLE `b_smile` (
  `ID` int(18) NOT NULL,
  `TYPE` char(1) COLLATE utf8_unicode_ci NOT NULL DEFAULT 'S',
  `SET_ID` int(18) NOT NULL DEFAULT '0',
  `SORT` int(10) NOT NULL DEFAULT '150',
  `TYPING` varchar(100) COLLATE utf8_unicode_ci DEFAULT NULL,
  `CLICKABLE` char(1) COLLATE utf8_unicode_ci NOT NULL DEFAULT 'Y',
  `HIDDEN` char(1) COLLATE utf8_unicode_ci NOT NULL DEFAULT 'N',
  `IMAGE` varchar(255) COLLATE utf8_unicode_ci NOT NULL,
  `IMAGE_DEFINITION` varchar(10) COLLATE utf8_unicode_ci NOT NULL DEFAULT 'SD',
  `IMAGE_WIDTH` int(11) NOT NULL DEFAULT '0',
  `IMAGE_HEIGHT` int(11) NOT NULL DEFAULT '0'
) ENGINE=InnoDB DEFAULT CHARSET=utf8 COLLATE=utf8_unicode_ci;

--
-- Дамп данных таблицы `b_smile`
--

INSERT INTO `b_smile` (`ID`, `TYPE`, `SET_ID`, `SORT`, `TYPING`, `CLICKABLE`, `HIDDEN`, `IMAGE`, `IMAGE_DEFINITION`, `IMAGE_WIDTH`, `IMAGE_HEIGHT`) VALUES
(1, 'S', 2, 100, ':) :-)', 'Y', 'N', 'bx_smile_smile.png', 'UHD', 20, 20),
(2, 'S', 2, 105, ';) ;-)', 'Y', 'N', 'bx_smile_wink.png', 'UHD', 20, 20),
(3, 'S', 2, 110, ':D :-D', 'Y', 'N', 'bx_smile_biggrin.png', 'UHD', 20, 20),
(4, 'S', 2, 115, '8) 8-)', 'Y', 'N', 'bx_smile_cool.png', 'UHD', 20, 20),
(5, 'S', 2, 120, ':facepalm:', 'Y', 'N', 'bx_smile_facepalm.png', 'UHD', 20, 20),
(6, 'S', 2, 125, ':{} :-{}', 'Y', 'N', 'bx_smile_kiss.png', 'UHD', 20, 20),
(7, 'S', 2, 130, ':( :-(', 'Y', 'N', 'bx_smile_sad.png', 'UHD', 20, 20),
(8, 'S', 2, 135, ':| :-|', 'Y', 'N', 'bx_smile_neutral.png', 'UHD', 20, 20),
(9, 'S', 2, 140, ':oops:', 'Y', 'N', 'bx_smile_redface.png', 'UHD', 20, 20),
(10, 'S', 2, 145, ':cry: :~(', 'Y', 'N', 'bx_smile_cry.png', 'UHD', 20, 20),
(11, 'S', 2, 150, ':evil: >:-<', 'Y', 'N', 'bx_smile_evil.png', 'UHD', 20, 20),
(12, 'S', 2, 155, ':o :-o :shock:', 'Y', 'N', 'bx_smile_eek.png', 'UHD', 20, 20),
(13, 'S', 2, 160, ':/ :-/', 'Y', 'N', 'bx_smile_confuse.png', 'UHD', 20, 20),
(14, 'S', 2, 165, ':idea:', 'Y', 'N', 'bx_smile_idea.png', 'UHD', 20, 20),
(15, 'S', 2, 170, ':?:', 'Y', 'N', 'bx_smile_question.png', 'UHD', 20, 20),
(16, 'S', 2, 175, ':!:', 'Y', 'N', 'bx_smile_exclaim.png', 'UHD', 20, 20),
(17, 'S', 2, 180, ':like:', 'Y', 'N', 'bx_smile_like.png', 'UHD', 20, 20),
(18, 'I', 2, 175, 'ICON_NOTE', 'Y', 'N', 'bx_icon_1.gif', 'SD', 15, 15),
(19, 'I', 2, 180, 'ICON_DIRRECTION', 'Y', 'N', 'bx_icon_2.gif', 'SD', 15, 15),
(20, 'I', 2, 185, 'ICON_IDEA', 'Y', 'N', 'bx_icon_3.gif', 'SD', 15, 15),
(21, 'I', 2, 190, 'ICON_ATTANSION', 'Y', 'N', 'bx_icon_4.gif', 'SD', 15, 15),
(22, 'I', 2, 195, 'ICON_QUESTION', 'Y', 'N', 'bx_icon_5.gif', 'SD', 15, 15),
(23, 'I', 2, 200, 'ICON_BAD', 'Y', 'N', 'bx_icon_6.gif', 'SD', 15, 15),
(24, 'I', 2, 205, 'ICON_GOOD', 'Y', 'N', 'bx_icon_7.gif', 'SD', 15, 15);

-- --------------------------------------------------------

--
-- Структура таблицы `b_smile_lang`
--

CREATE TABLE `b_smile_lang` (
  `ID` int(18) NOT NULL,
  `TYPE` char(1) COLLATE utf8_unicode_ci NOT NULL DEFAULT 'S',
  `SID` int(11) NOT NULL,
  `LID` char(2) COLLATE utf8_unicode_ci NOT NULL,
  `NAME` varchar(255) COLLATE utf8_unicode_ci NOT NULL
) ENGINE=InnoDB DEFAULT CHARSET=utf8 COLLATE=utf8_unicode_ci;

--
-- Дамп данных таблицы `b_smile_lang`
--

INSERT INTO `b_smile_lang` (`ID`, `TYPE`, `SID`, `LID`, `NAME`) VALUES
(1, 'P', 1, 'ru', 'Стандартная галерея'),
(2, 'P', 1, 'en', 'Standard gallery'),
(3, 'G', 2, 'ru', 'Основной набор'),
(4, 'G', 2, 'en', 'Default pack'),
(5, 'S', 1, 'ru', 'С улыбкой'),
(6, 'S', 1, 'en', 'Smile'),
(7, 'S', 2, 'ru', 'Шутливо'),
(8, 'S', 2, 'en', 'Wink'),
(9, 'S', 3, 'ru', 'Широкая улыбка'),
(10, 'S', 3, 'en', 'Big grin'),
(11, 'S', 4, 'ru', 'Здорово'),
(12, 'S', 4, 'en', 'Cool'),
(13, 'S', 5, 'ru', 'Разочарование'),
(14, 'S', 5, 'en', 'Facepalm'),
(15, 'S', 6, 'ru', 'Поцелуй'),
(16, 'S', 6, 'en', 'Kiss'),
(17, 'S', 7, 'ru', 'Печально'),
(18, 'S', 7, 'en', 'Sad'),
(19, 'S', 8, 'ru', 'Скептически'),
(20, 'S', 8, 'en', 'Skeptic'),
(21, 'S', 9, 'ru', 'Смущенный'),
(22, 'S', 9, 'en', 'Embarrassed'),
(23, 'S', 10, 'ru', 'Очень грустно'),
(24, 'S', 10, 'en', 'Crying'),
(25, 'S', 11, 'ru', 'Со злостью'),
(26, 'S', 11, 'en', 'Angry'),
(27, 'S', 12, 'ru', 'Удивленно'),
(28, 'S', 12, 'en', 'Surprised'),
(29, 'S', 13, 'ru', 'Смущенно'),
(30, 'S', 13, 'en', 'Confused'),
(31, 'S', 14, 'ru', 'Идея'),
(32, 'S', 14, 'en', 'Idea'),
(33, 'S', 15, 'ru', 'Вопрос'),
(34, 'S', 15, 'en', 'Question'),
(35, 'S', 16, 'ru', 'Восклицание'),
(36, 'S', 16, 'en', 'Exclamation'),
(37, 'S', 17, 'ru', 'Нравится'),
(38, 'S', 17, 'en', 'Like');

-- --------------------------------------------------------

--
-- Структура таблицы `b_smile_set`
--

CREATE TABLE `b_smile_set` (
  `ID` int(18) NOT NULL,
  `TYPE` char(1) COLLATE utf8_unicode_ci NOT NULL DEFAULT 'G',
  `PARENT_ID` int(18) NOT NULL DEFAULT '0',
  `STRING_ID` varchar(255) COLLATE utf8_unicode_ci DEFAULT NULL,
  `SORT` int(10) NOT NULL DEFAULT '150'
) ENGINE=InnoDB DEFAULT CHARSET=utf8 COLLATE=utf8_unicode_ci;

--
-- Дамп данных таблицы `b_smile_set`
--

INSERT INTO `b_smile_set` (`ID`, `TYPE`, `PARENT_ID`, `STRING_ID`, `SORT`) VALUES
(1, 'P', 0, 'bitrix', 150),
(2, 'G', 1, 'bitrix_main', 150);

-- --------------------------------------------------------

--
-- Структура таблицы `b_sms_template`
--

CREATE TABLE `b_sms_template` (
  `ID` int(11) NOT NULL,
  `EVENT_NAME` varchar(255) COLLATE utf8_unicode_ci NOT NULL,
  `ACTIVE` char(1) COLLATE utf8_unicode_ci NOT NULL DEFAULT 'Y',
  `SENDER` varchar(50) COLLATE utf8_unicode_ci DEFAULT NULL,
  `RECEIVER` varchar(50) COLLATE utf8_unicode_ci DEFAULT NULL,
  `MESSAGE` text COLLATE utf8_unicode_ci,
  `LANGUAGE_ID` char(2) COLLATE utf8_unicode_ci DEFAULT NULL
) ENGINE=InnoDB DEFAULT CHARSET=utf8 COLLATE=utf8_unicode_ci;

--
-- Дамп данных таблицы `b_sms_template`
--

INSERT INTO `b_sms_template` (`ID`, `EVENT_NAME`, `ACTIVE`, `SENDER`, `RECEIVER`, `MESSAGE`, `LANGUAGE_ID`) VALUES
(1, 'SMS_USER_CONFIRM_NUMBER', 'Y', '#DEFAULT_SENDER#', '#USER_PHONE#', 'Код подтверждения #CODE#', NULL),
(2, 'SMS_USER_RESTORE_PASSWORD', 'Y', '#DEFAULT_SENDER#', '#USER_PHONE#', 'Код для восстановления пароля #CODE#', NULL);

-- --------------------------------------------------------

--
-- Структура таблицы `b_sms_template_site`
--

CREATE TABLE `b_sms_template_site` (
  `TEMPLATE_ID` int(11) NOT NULL,
  `SITE_ID` char(2) COLLATE utf8_unicode_ci NOT NULL
) ENGINE=InnoDB DEFAULT CHARSET=utf8 COLLATE=utf8_unicode_ci;

--
-- Дамп данных таблицы `b_sms_template_site`
--

INSERT INTO `b_sms_template_site` (`TEMPLATE_ID`, `SITE_ID`) VALUES
(1, 's1'),
(2, 's1');

-- --------------------------------------------------------

--
-- Структура таблицы `b_sm_version_history`
--

CREATE TABLE `b_sm_version_history` (
  `ID` int(11) NOT NULL,
  `DATE_INSERT` datetime DEFAULT NULL,
  `VERSIONS` text COLLATE utf8_unicode_ci
) ENGINE=InnoDB DEFAULT CHARSET=utf8 COLLATE=utf8_unicode_ci;

-- --------------------------------------------------------

--
-- Структура таблицы `b_socialservices_contact`
--

CREATE TABLE `b_socialservices_contact` (
  `ID` int(11) NOT NULL,
  `TIMESTAMP_X` timestamp NULL DEFAULT CURRENT_TIMESTAMP,
  `USER_ID` int(11) NOT NULL,
  `CONTACT_USER_ID` int(11) DEFAULT NULL,
  `CONTACT_XML_ID` int(11) DEFAULT NULL,
  `CONTACT_NAME` varchar(255) COLLATE utf8_unicode_ci DEFAULT NULL,
  `CONTACT_LAST_NAME` varchar(255) COLLATE utf8_unicode_ci DEFAULT NULL,
  `CONTACT_PHOTO` varchar(255) COLLATE utf8_unicode_ci DEFAULT NULL,
  `LAST_AUTHORIZE` datetime DEFAULT NULL,
  `NOTIFY` char(1) COLLATE utf8_unicode_ci DEFAULT 'N'
) ENGINE=InnoDB DEFAULT CHARSET=utf8 COLLATE=utf8_unicode_ci;

-- --------------------------------------------------------

--
-- Структура таблицы `b_socialservices_contact_connect`
--

CREATE TABLE `b_socialservices_contact_connect` (
  `ID` int(11) NOT NULL,
  `TIMESTAMP_X` timestamp NULL DEFAULT CURRENT_TIMESTAMP,
  `CONTACT_ID` int(11) DEFAULT NULL,
  `LINK_ID` int(11) DEFAULT NULL,
  `CONTACT_PROFILE_ID` int(11) NOT NULL,
  `CONTACT_PORTAL` varchar(255) COLLATE utf8_unicode_ci NOT NULL,
  `CONNECT_TYPE` char(1) COLLATE utf8_unicode_ci DEFAULT 'P',
  `LAST_AUTHORIZE` datetime DEFAULT NULL
) ENGINE=InnoDB DEFAULT CHARSET=utf8 COLLATE=utf8_unicode_ci;

-- --------------------------------------------------------

--
-- Структура таблицы `b_sticker`
--

CREATE TABLE `b_sticker` (
  `ID` int(11) NOT NULL,
  `SITE_ID` char(2) COLLATE utf8_unicode_ci DEFAULT NULL,
  `PAGE_URL` varchar(255) COLLATE utf8_unicode_ci NOT NULL,
  `PAGE_TITLE` varchar(255) COLLATE utf8_unicode_ci NOT NULL,
  `DATE_CREATE` datetime NOT NULL,
  `DATE_UPDATE` datetime NOT NULL,
  `MODIFIED_BY` int(18) NOT NULL,
  `CREATED_BY` int(18) NOT NULL,
  `PERSONAL` char(1) COLLATE utf8_unicode_ci NOT NULL DEFAULT 'N',
  `CONTENT` text COLLATE utf8_unicode_ci,
  `POS_TOP` int(11) DEFAULT NULL,
  `POS_LEFT` int(11) DEFAULT NULL,
  `WIDTH` int(11) DEFAULT NULL,
  `HEIGHT` int(11) DEFAULT NULL,
  `COLOR` int(11) DEFAULT NULL,
  `COLLAPSED` char(1) COLLATE utf8_unicode_ci NOT NULL DEFAULT 'N',
  `COMPLETED` char(1) COLLATE utf8_unicode_ci NOT NULL DEFAULT 'N',
  `CLOSED` char(1) COLLATE utf8_unicode_ci NOT NULL DEFAULT 'N',
  `DELETED` char(1) COLLATE utf8_unicode_ci NOT NULL DEFAULT 'N',
  `MARKER_TOP` int(11) DEFAULT NULL,
  `MARKER_LEFT` int(11) DEFAULT NULL,
  `MARKER_WIDTH` int(11) DEFAULT NULL,
  `MARKER_HEIGHT` int(11) DEFAULT NULL,
  `MARKER_ADJUST` text COLLATE utf8_unicode_ci
) ENGINE=InnoDB DEFAULT CHARSET=utf8 COLLATE=utf8_unicode_ci;

-- --------------------------------------------------------

--
-- Структура таблицы `b_sticker_group_task`
--

CREATE TABLE `b_sticker_group_task` (
  `GROUP_ID` int(11) NOT NULL,
  `TASK_ID` int(11) NOT NULL
) ENGINE=InnoDB DEFAULT CHARSET=utf8 COLLATE=utf8_unicode_ci;

--
-- Дамп данных таблицы `b_sticker_group_task`
--

INSERT INTO `b_sticker_group_task` (`GROUP_ID`, `TASK_ID`) VALUES
(5, 29);

-- --------------------------------------------------------

--
-- Структура таблицы `b_task`
--

CREATE TABLE `b_task` (
  `ID` int(18) NOT NULL,
  `NAME` varchar(100) COLLATE utf8_unicode_ci NOT NULL,
  `LETTER` char(1) COLLATE utf8_unicode_ci DEFAULT NULL,
  `MODULE_ID` varchar(50) COLLATE utf8_unicode_ci NOT NULL,
  `SYS` char(1) COLLATE utf8_unicode_ci NOT NULL,
  `DESCRIPTION` varchar(255) COLLATE utf8_unicode_ci DEFAULT NULL,
  `BINDING` varchar(50) COLLATE utf8_unicode_ci DEFAULT 'module'
) ENGINE=InnoDB DEFAULT CHARSET=utf8 COLLATE=utf8_unicode_ci;

--
-- Дамп данных таблицы `b_task`
--

INSERT INTO `b_task` (`ID`, `NAME`, `LETTER`, `MODULE_ID`, `SYS`, `DESCRIPTION`, `BINDING`) VALUES
(1, 'main_denied', 'D', 'main', 'Y', NULL, 'module'),
(2, 'main_change_profile', 'P', 'main', 'Y', NULL, 'module'),
(3, 'main_view_all_settings', 'R', 'main', 'Y', NULL, 'module'),
(4, 'main_view_all_settings_change_profile', 'T', 'main', 'Y', NULL, 'module'),
(5, 'main_edit_subordinate_users', 'V', 'main', 'Y', NULL, 'module'),
(6, 'main_full_access', 'W', 'main', 'Y', NULL, 'module'),
(7, 'fm_folder_access_denied', 'D', 'main', 'Y', NULL, 'file'),
(8, 'fm_folder_access_read', 'R', 'main', 'Y', NULL, 'file'),
(9, 'fm_folder_access_write', 'W', 'main', 'Y', NULL, 'file'),
(10, 'fm_folder_access_full', 'X', 'main', 'Y', NULL, 'file'),
(11, 'fm_folder_access_workflow', 'U', 'main', 'Y', NULL, 'file'),
(12, 'bitrixcloud_deny', 'D', 'bitrixcloud', 'Y', NULL, 'module'),
(13, 'bitrixcloud_control', 'W', 'bitrixcloud', 'Y', NULL, 'module'),
(18, 'fileman_denied', 'D', 'fileman', 'Y', '', 'module'),
(19, 'fileman_allowed_folders', 'F', 'fileman', 'Y', '', 'module'),
(20, 'fileman_full_access', 'W', 'fileman', 'Y', '', 'module'),
(21, 'medialib_denied', 'D', 'fileman', 'Y', '', 'medialib'),
(22, 'medialib_view', 'F', 'fileman', 'Y', '', 'medialib'),
(23, 'medialib_only_new', 'R', 'fileman', 'Y', '', 'medialib'),
(24, 'medialib_edit_items', 'V', 'fileman', 'Y', '', 'medialib'),
(25, 'medialib_editor', 'W', 'fileman', 'Y', '', 'medialib'),
(26, 'medialib_full', 'X', 'fileman', 'Y', '', 'medialib'),
(27, 'stickers_denied', 'D', 'fileman', 'Y', '', 'stickers'),
(28, 'stickers_read', 'R', 'fileman', 'Y', '', 'stickers'),
(29, 'stickers_edit', 'W', 'fileman', 'Y', '', 'stickers'),
(33, 'iblock_deny', 'D', 'iblock', 'Y', NULL, 'iblock'),
(34, 'iblock_read', 'R', 'iblock', 'Y', NULL, 'iblock'),
(35, 'iblock_element_add', 'E', 'iblock', 'Y', NULL, 'iblock'),
(36, 'iblock_admin_read', 'S', 'iblock', 'Y', NULL, 'iblock'),
(37, 'iblock_admin_add', 'T', 'iblock', 'Y', NULL, 'iblock'),
(38, 'iblock_limited_edit', 'U', 'iblock', 'Y', NULL, 'iblock'),
(39, 'iblock_full_edit', 'W', 'iblock', 'Y', NULL, 'iblock'),
(40, 'iblock_full', 'X', 'iblock', 'Y', NULL, 'iblock'),
(44, 'Контент-редакторы', 'Q', 'main', 'N', 'Разрешено изменять информацию в своем профайле. Управление кешем', 'module');

-- --------------------------------------------------------

--
-- Структура таблицы `b_task_operation`
--

CREATE TABLE `b_task_operation` (
  `TASK_ID` int(18) NOT NULL,
  `OPERATION_ID` int(18) NOT NULL
) ENGINE=InnoDB DEFAULT CHARSET=utf8 COLLATE=utf8_unicode_ci;

--
-- Дамп данных таблицы `b_task_operation`
--

INSERT INTO `b_task_operation` (`TASK_ID`, `OPERATION_ID`) VALUES
(2, 2),
(2, 3),
(3, 2),
(3, 4),
(3, 5),
(3, 6),
(3, 7),
(4, 2),
(4, 3),
(4, 4),
(4, 5),
(4, 6),
(4, 7),
(5, 2),
(5, 3),
(5, 5),
(5, 6),
(5, 7),
(5, 8),
(5, 9),
(6, 2),
(6, 3),
(6, 4),
(6, 5),
(6, 6),
(6, 7),
(6, 10),
(6, 11),
(6, 12),
(6, 13),
(6, 14),
(6, 15),
(6, 16),
(6, 17),
(6, 18),
(8, 19),
(8, 20),
(8, 21),
(9, 19),
(9, 20),
(9, 21),
(9, 22),
(9, 23),
(9, 24),
(9, 25),
(9, 26),
(9, 27),
(9, 28),
(9, 29),
(9, 30),
(9, 31),
(9, 32),
(9, 33),
(9, 34),
(10, 19),
(10, 20),
(10, 21),
(10, 22),
(10, 23),
(10, 24),
(10, 25),
(10, 26),
(10, 27),
(10, 28),
(10, 29),
(10, 30),
(10, 31),
(10, 32),
(10, 33),
(10, 34),
(10, 35),
(11, 19),
(11, 20),
(11, 21),
(11, 24),
(11, 28),
(13, 36),
(13, 37),
(13, 38),
(19, 44),
(19, 45),
(19, 46),
(19, 47),
(19, 48),
(19, 49),
(19, 50),
(19, 52),
(19, 53),
(20, 42),
(20, 43),
(20, 44),
(20, 45),
(20, 46),
(20, 47),
(20, 48),
(20, 49),
(20, 50),
(20, 51),
(20, 52),
(20, 53),
(20, 54),
(22, 55),
(23, 55),
(23, 56),
(23, 60),
(24, 55),
(24, 60),
(24, 61),
(24, 62),
(25, 55),
(25, 56),
(25, 57),
(25, 58),
(25, 60),
(25, 61),
(25, 62),
(26, 55),
(26, 56),
(26, 57),
(26, 58),
(26, 59),
(26, 60),
(26, 61),
(26, 62),
(28, 63),
(29, 63),
(29, 64),
(29, 65),
(29, 66),
(34, 70),
(34, 71),
(35, 72),
(36, 70),
(36, 71),
(36, 73),
(37, 70),
(37, 71),
(37, 72),
(37, 73),
(38, 70),
(38, 71),
(38, 72),
(38, 73),
(38, 74),
(38, 75),
(38, 76),
(38, 77),
(39, 70),
(39, 71),
(39, 72),
(39, 73),
(39, 74),
(39, 75),
(39, 76),
(39, 77),
(39, 78),
(39, 79),
(39, 80),
(39, 81),
(40, 70),
(40, 71),
(40, 72),
(40, 73),
(40, 74),
(40, 75),
(40, 76),
(40, 77),
(40, 78),
(40, 79),
(40, 80),
(40, 81),
(40, 82),
(40, 83),
(40, 84),
(40, 85),
(40, 86),
(40, 87),
(44, 2),
(44, 3),
(44, 14);

-- --------------------------------------------------------

--
-- Структура таблицы `b_undo`
--

CREATE TABLE `b_undo` (
  `ID` varchar(255) COLLATE utf8_unicode_ci NOT NULL,
  `MODULE_ID` varchar(50) COLLATE utf8_unicode_ci DEFAULT NULL,
  `UNDO_TYPE` varchar(50) COLLATE utf8_unicode_ci DEFAULT NULL,
  `UNDO_HANDLER` varchar(255) COLLATE utf8_unicode_ci DEFAULT NULL,
  `CONTENT` mediumtext COLLATE utf8_unicode_ci,
  `USER_ID` int(11) DEFAULT NULL,
  `TIMESTAMP_X` int(11) DEFAULT NULL
) ENGINE=InnoDB DEFAULT CHARSET=utf8 COLLATE=utf8_unicode_ci;

-- --------------------------------------------------------

--
-- Структура таблицы `b_urlpreview_metadata`
--

CREATE TABLE `b_urlpreview_metadata` (
  `ID` int(11) NOT NULL,
  `URL` varchar(2000) COLLATE utf8_unicode_ci NOT NULL,
  `TYPE` char(1) COLLATE utf8_unicode_ci NOT NULL DEFAULT 'S',
  `DATE_INSERT` datetime NOT NULL,
  `DATE_EXPIRE` datetime DEFAULT NULL,
  `TITLE` varchar(200) COLLATE utf8_unicode_ci DEFAULT NULL,
  `DESCRIPTION` text COLLATE utf8_unicode_ci,
  `IMAGE_ID` int(11) DEFAULT NULL,
  `IMAGE` varchar(2000) COLLATE utf8_unicode_ci DEFAULT NULL,
  `EMBED` mediumtext COLLATE utf8_unicode_ci,
  `EXTRA` text COLLATE utf8_unicode_ci
) ENGINE=InnoDB DEFAULT CHARSET=utf8 COLLATE=utf8_unicode_ci;

-- --------------------------------------------------------

--
-- Структура таблицы `b_urlpreview_route`
--

CREATE TABLE `b_urlpreview_route` (
  `ID` int(11) NOT NULL,
  `ROUTE` varchar(2000) COLLATE utf8_unicode_ci NOT NULL,
  `MODULE` varchar(50) COLLATE utf8_unicode_ci NOT NULL,
  `CLASS` varchar(150) COLLATE utf8_unicode_ci NOT NULL,
  `PARAMETERS` mediumtext COLLATE utf8_unicode_ci
) ENGINE=InnoDB DEFAULT CHARSET=utf8 COLLATE=utf8_unicode_ci;

-- --------------------------------------------------------

--
-- Структура таблицы `b_user`
--

CREATE TABLE `b_user` (
  `ID` int(18) NOT NULL,
  `TIMESTAMP_X` timestamp NOT NULL DEFAULT CURRENT_TIMESTAMP ON UPDATE CURRENT_TIMESTAMP,
  `LOGIN` varchar(50) COLLATE utf8_unicode_ci NOT NULL,
  `PASSWORD` varchar(50) COLLATE utf8_unicode_ci NOT NULL,
  `CHECKWORD` varchar(50) COLLATE utf8_unicode_ci DEFAULT NULL,
  `ACTIVE` char(1) COLLATE utf8_unicode_ci NOT NULL DEFAULT 'Y',
  `NAME` varchar(50) COLLATE utf8_unicode_ci DEFAULT NULL,
  `LAST_NAME` varchar(50) COLLATE utf8_unicode_ci DEFAULT NULL,
  `EMAIL` varchar(255) COLLATE utf8_unicode_ci DEFAULT NULL,
  `LAST_LOGIN` datetime DEFAULT NULL,
  `DATE_REGISTER` datetime NOT NULL,
  `LID` char(2) COLLATE utf8_unicode_ci DEFAULT NULL,
  `PERSONAL_PROFESSION` varchar(255) COLLATE utf8_unicode_ci DEFAULT NULL,
  `PERSONAL_WWW` varchar(255) COLLATE utf8_unicode_ci DEFAULT NULL,
  `PERSONAL_ICQ` varchar(255) COLLATE utf8_unicode_ci DEFAULT NULL,
  `PERSONAL_GENDER` char(1) COLLATE utf8_unicode_ci DEFAULT NULL,
  `PERSONAL_BIRTHDATE` varchar(50) COLLATE utf8_unicode_ci DEFAULT NULL,
  `PERSONAL_PHOTO` int(18) DEFAULT NULL,
  `PERSONAL_PHONE` varchar(255) COLLATE utf8_unicode_ci DEFAULT NULL,
  `PERSONAL_FAX` varchar(255) COLLATE utf8_unicode_ci DEFAULT NULL,
  `PERSONAL_MOBILE` varchar(255) COLLATE utf8_unicode_ci DEFAULT NULL,
  `PERSONAL_PAGER` varchar(255) COLLATE utf8_unicode_ci DEFAULT NULL,
  `PERSONAL_STREET` text COLLATE utf8_unicode_ci,
  `PERSONAL_MAILBOX` varchar(255) COLLATE utf8_unicode_ci DEFAULT NULL,
  `PERSONAL_CITY` varchar(255) COLLATE utf8_unicode_ci DEFAULT NULL,
  `PERSONAL_STATE` varchar(255) COLLATE utf8_unicode_ci DEFAULT NULL,
  `PERSONAL_ZIP` varchar(255) COLLATE utf8_unicode_ci DEFAULT NULL,
  `PERSONAL_COUNTRY` varchar(255) COLLATE utf8_unicode_ci DEFAULT NULL,
  `PERSONAL_NOTES` text COLLATE utf8_unicode_ci,
  `WORK_COMPANY` varchar(255) COLLATE utf8_unicode_ci DEFAULT NULL,
  `WORK_DEPARTMENT` varchar(255) COLLATE utf8_unicode_ci DEFAULT NULL,
  `WORK_POSITION` varchar(255) COLLATE utf8_unicode_ci DEFAULT NULL,
  `WORK_WWW` varchar(255) COLLATE utf8_unicode_ci DEFAULT NULL,
  `WORK_PHONE` varchar(255) COLLATE utf8_unicode_ci DEFAULT NULL,
  `WORK_FAX` varchar(255) COLLATE utf8_unicode_ci DEFAULT NULL,
  `WORK_PAGER` varchar(255) COLLATE utf8_unicode_ci DEFAULT NULL,
  `WORK_STREET` text COLLATE utf8_unicode_ci,
  `WORK_MAILBOX` varchar(255) COLLATE utf8_unicode_ci DEFAULT NULL,
  `WORK_CITY` varchar(255) COLLATE utf8_unicode_ci DEFAULT NULL,
  `WORK_STATE` varchar(255) COLLATE utf8_unicode_ci DEFAULT NULL,
  `WORK_ZIP` varchar(255) COLLATE utf8_unicode_ci DEFAULT NULL,
  `WORK_COUNTRY` varchar(255) COLLATE utf8_unicode_ci DEFAULT NULL,
  `WORK_PROFILE` text COLLATE utf8_unicode_ci,
  `WORK_LOGO` int(18) DEFAULT NULL,
  `WORK_NOTES` text COLLATE utf8_unicode_ci,
  `ADMIN_NOTES` text COLLATE utf8_unicode_ci,
  `STORED_HASH` varchar(32) COLLATE utf8_unicode_ci DEFAULT NULL,
  `XML_ID` varchar(255) COLLATE utf8_unicode_ci DEFAULT NULL,
  `PERSONAL_BIRTHDAY` date DEFAULT NULL,
  `EXTERNAL_AUTH_ID` varchar(255) COLLATE utf8_unicode_ci DEFAULT NULL,
  `CHECKWORD_TIME` datetime DEFAULT NULL,
  `SECOND_NAME` varchar(50) COLLATE utf8_unicode_ci DEFAULT NULL,
  `CONFIRM_CODE` varchar(8) COLLATE utf8_unicode_ci DEFAULT NULL,
  `LOGIN_ATTEMPTS` int(18) DEFAULT NULL,
  `LAST_ACTIVITY_DATE` datetime DEFAULT NULL,
  `AUTO_TIME_ZONE` char(1) COLLATE utf8_unicode_ci DEFAULT NULL,
  `TIME_ZONE` varchar(50) COLLATE utf8_unicode_ci DEFAULT NULL,
  `TIME_ZONE_OFFSET` int(18) DEFAULT NULL,
  `TITLE` varchar(255) COLLATE utf8_unicode_ci DEFAULT NULL,
  `BX_USER_ID` varchar(32) COLLATE utf8_unicode_ci DEFAULT NULL,
  `LANGUAGE_ID` char(2) COLLATE utf8_unicode_ci DEFAULT NULL
) ENGINE=InnoDB DEFAULT CHARSET=utf8 COLLATE=utf8_unicode_ci;

--
-- Дамп данных таблицы `b_user`
--

INSERT INTO `b_user` (`ID`, `TIMESTAMP_X`, `LOGIN`, `PASSWORD`, `CHECKWORD`, `ACTIVE`, `NAME`, `LAST_NAME`, `EMAIL`, `LAST_LOGIN`, `DATE_REGISTER`, `LID`, `PERSONAL_PROFESSION`, `PERSONAL_WWW`, `PERSONAL_ICQ`, `PERSONAL_GENDER`, `PERSONAL_BIRTHDATE`, `PERSONAL_PHOTO`, `PERSONAL_PHONE`, `PERSONAL_FAX`, `PERSONAL_MOBILE`, `PERSONAL_PAGER`, `PERSONAL_STREET`, `PERSONAL_MAILBOX`, `PERSONAL_CITY`, `PERSONAL_STATE`, `PERSONAL_ZIP`, `PERSONAL_COUNTRY`, `PERSONAL_NOTES`, `WORK_COMPANY`, `WORK_DEPARTMENT`, `WORK_POSITION`, `WORK_WWW`, `WORK_PHONE`, `WORK_FAX`, `WORK_PAGER`, `WORK_STREET`, `WORK_MAILBOX`, `WORK_CITY`, `WORK_STATE`, `WORK_ZIP`, `WORK_COUNTRY`, `WORK_PROFILE`, `WORK_LOGO`, `WORK_NOTES`, `ADMIN_NOTES`, `STORED_HASH`, `XML_ID`, `PERSONAL_BIRTHDAY`, `EXTERNAL_AUTH_ID`, `CHECKWORD_TIME`, `SECOND_NAME`, `CONFIRM_CODE`, `LOGIN_ATTEMPTS`, `LAST_ACTIVITY_DATE`, `AUTO_TIME_ZONE`, `TIME_ZONE`, `TIME_ZONE_OFFSET`, `TITLE`, `BX_USER_ID`, `LANGUAGE_ID`) VALUES
(1, '2024-08-06 05:19:08', 'admin', 'X8?u~Z4df0e0e37f08431af7862a016ad973922b', '21232f297a57a5a743894a0e4a801fc3', 'Y', 'Никита', 'Вождаев', 'n.vozhdaev@mt-insurance.ru', '2024-08-07 18:42:20', '2019-04-22 15:43:48', NULL, NULL, NULL, NULL, '', NULL, NULL, NULL, NULL, NULL, NULL, NULL, NULL, NULL, NULL, NULL, NULL, NULL, NULL, NULL, NULL, NULL, NULL, NULL, NULL, NULL, NULL, NULL, NULL, NULL, NULL, NULL, NULL, NULL, NULL, NULL, NULL, NULL, NULL, '2019-04-22 15:43:48', NULL, NULL, 0, NULL, NULL, NULL, NULL, NULL, 'dcfa9d1c887160b52e4de8a8404c8e65', NULL);

-- --------------------------------------------------------

--
-- Структура таблицы `b_user_access`
--

CREATE TABLE `b_user_access` (
  `USER_ID` int(11) DEFAULT NULL,
  `PROVIDER_ID` varchar(50) COLLATE utf8_unicode_ci DEFAULT NULL,
  `ACCESS_CODE` varchar(100) COLLATE utf8_unicode_ci DEFAULT NULL
) ENGINE=InnoDB DEFAULT CHARSET=utf8 COLLATE=utf8_unicode_ci;

--
-- Дамп данных таблицы `b_user_access`
--

INSERT INTO `b_user_access` (`USER_ID`, `PROVIDER_ID`, `ACCESS_CODE`) VALUES
(0, 'group', 'G2'),
(1, 'group', 'G1'),
(1, 'group', 'G3'),
(1, 'group', 'G4'),
(1, 'group', 'G2'),
(1, 'user', 'U1');

-- --------------------------------------------------------

--
-- Структура таблицы `b_user_access_check`
--

CREATE TABLE `b_user_access_check` (
  `USER_ID` int(11) DEFAULT NULL,
  `PROVIDER_ID` varchar(50) COLLATE utf8_unicode_ci DEFAULT NULL
) ENGINE=InnoDB DEFAULT CHARSET=utf8 COLLATE=utf8_unicode_ci;

--
-- Дамп данных таблицы `b_user_access_check`
--

INSERT INTO `b_user_access_check` (`USER_ID`, `PROVIDER_ID`) VALUES
(1, 'group'),
(1, 'user');

-- --------------------------------------------------------

--
-- Структура таблицы `b_user_auth_action`
--

CREATE TABLE `b_user_auth_action` (
  `ID` int(11) NOT NULL,
  `USER_ID` int(11) NOT NULL,
  `PRIORITY` int(11) NOT NULL DEFAULT '100',
  `ACTION` varchar(20) COLLATE utf8_unicode_ci DEFAULT NULL,
  `ACTION_DATE` datetime NOT NULL,
  `APPLICATION_ID` varchar(255) COLLATE utf8_unicode_ci DEFAULT NULL
) ENGINE=InnoDB DEFAULT CHARSET=utf8 COLLATE=utf8_unicode_ci;

-- --------------------------------------------------------

--
-- Структура таблицы `b_user_counter`
--

CREATE TABLE `b_user_counter` (
  `USER_ID` int(18) NOT NULL,
  `SITE_ID` char(2) COLLATE utf8_unicode_ci NOT NULL DEFAULT '**',
  `CODE` varchar(50) COLLATE utf8_unicode_ci NOT NULL,
  `CNT` int(18) NOT NULL DEFAULT '0',
  `LAST_DATE` datetime DEFAULT NULL,
  `TIMESTAMP_X` datetime NOT NULL DEFAULT '3000-01-01 00:00:00',
  `TAG` varchar(255) COLLATE utf8_unicode_ci DEFAULT NULL,
  `PARAMS` text COLLATE utf8_unicode_ci,
  `SENT` char(1) COLLATE utf8_unicode_ci DEFAULT '0'
) ENGINE=InnoDB DEFAULT CHARSET=utf8 COLLATE=utf8_unicode_ci;

-- --------------------------------------------------------

--
-- Структура таблицы `b_user_digest`
--

CREATE TABLE `b_user_digest` (
  `USER_ID` int(11) NOT NULL,
  `DIGEST_HA1` varchar(32) COLLATE utf8_unicode_ci NOT NULL
) ENGINE=InnoDB DEFAULT CHARSET=utf8 COLLATE=utf8_unicode_ci;

-- --------------------------------------------------------

--
-- Структура таблицы `b_user_field`
--

CREATE TABLE `b_user_field` (
  `ID` int(11) NOT NULL,
  `ENTITY_ID` varchar(50) COLLATE utf8_unicode_ci DEFAULT NULL,
  `FIELD_NAME` varchar(20) COLLATE utf8_unicode_ci DEFAULT NULL,
  `USER_TYPE_ID` varchar(50) COLLATE utf8_unicode_ci DEFAULT NULL,
  `XML_ID` varchar(255) COLLATE utf8_unicode_ci DEFAULT NULL,
  `SORT` int(11) DEFAULT NULL,
  `MULTIPLE` char(1) COLLATE utf8_unicode_ci NOT NULL DEFAULT 'N',
  `MANDATORY` char(1) COLLATE utf8_unicode_ci NOT NULL DEFAULT 'N',
  `SHOW_FILTER` char(1) COLLATE utf8_unicode_ci NOT NULL DEFAULT 'N',
  `SHOW_IN_LIST` char(1) COLLATE utf8_unicode_ci NOT NULL DEFAULT 'Y',
  `EDIT_IN_LIST` char(1) COLLATE utf8_unicode_ci NOT NULL DEFAULT 'Y',
  `IS_SEARCHABLE` char(1) COLLATE utf8_unicode_ci NOT NULL DEFAULT 'N',
  `SETTINGS` text COLLATE utf8_unicode_ci
) ENGINE=InnoDB DEFAULT CHARSET=utf8 COLLATE=utf8_unicode_ci;

-- --------------------------------------------------------

--
-- Структура таблицы `b_user_field_confirm`
--

CREATE TABLE `b_user_field_confirm` (
  `ID` int(18) NOT NULL,
  `USER_ID` int(18) NOT NULL,
  `DATE_CHANGE` timestamp NOT NULL DEFAULT CURRENT_TIMESTAMP ON UPDATE CURRENT_TIMESTAMP,
  `FIELD` varchar(255) COLLATE utf8_unicode_ci NOT NULL,
  `FIELD_VALUE` varchar(255) COLLATE utf8_unicode_ci NOT NULL,
  `CONFIRM_CODE` varchar(32) COLLATE utf8_unicode_ci NOT NULL
) ENGINE=InnoDB DEFAULT CHARSET=utf8 COLLATE=utf8_unicode_ci;

-- --------------------------------------------------------

--
-- Структура таблицы `b_user_field_enum`
--

CREATE TABLE `b_user_field_enum` (
  `ID` int(11) NOT NULL,
  `USER_FIELD_ID` int(11) DEFAULT NULL,
  `VALUE` varchar(255) COLLATE utf8_unicode_ci NOT NULL,
  `DEF` char(1) COLLATE utf8_unicode_ci NOT NULL DEFAULT 'N',
  `SORT` int(11) NOT NULL DEFAULT '500',
  `XML_ID` varchar(255) COLLATE utf8_unicode_ci NOT NULL
) ENGINE=InnoDB DEFAULT CHARSET=utf8 COLLATE=utf8_unicode_ci;

-- --------------------------------------------------------

--
-- Структура таблицы `b_user_field_lang`
--

CREATE TABLE `b_user_field_lang` (
  `USER_FIELD_ID` int(11) NOT NULL,
  `LANGUAGE_ID` char(2) COLLATE utf8_unicode_ci NOT NULL,
  `EDIT_FORM_LABEL` varchar(255) COLLATE utf8_unicode_ci DEFAULT NULL,
  `LIST_COLUMN_LABEL` varchar(255) COLLATE utf8_unicode_ci DEFAULT NULL,
  `LIST_FILTER_LABEL` varchar(255) COLLATE utf8_unicode_ci DEFAULT NULL,
  `ERROR_MESSAGE` varchar(255) COLLATE utf8_unicode_ci DEFAULT NULL,
  `HELP_MESSAGE` varchar(255) COLLATE utf8_unicode_ci DEFAULT NULL
) ENGINE=InnoDB DEFAULT CHARSET=utf8 COLLATE=utf8_unicode_ci;

-- --------------------------------------------------------

--
-- Структура таблицы `b_user_group`
--

CREATE TABLE `b_user_group` (
  `USER_ID` int(18) NOT NULL,
  `GROUP_ID` int(18) NOT NULL,
  `DATE_ACTIVE_FROM` datetime DEFAULT NULL,
  `DATE_ACTIVE_TO` datetime DEFAULT NULL
) ENGINE=InnoDB DEFAULT CHARSET=utf8 COLLATE=utf8_unicode_ci;

--
-- Дамп данных таблицы `b_user_group`
--

INSERT INTO `b_user_group` (`USER_ID`, `GROUP_ID`, `DATE_ACTIVE_FROM`, `DATE_ACTIVE_TO`) VALUES
(1, 1, NULL, NULL),
(1, 3, NULL, NULL),
(1, 4, NULL, NULL);

-- --------------------------------------------------------

--
-- Структура таблицы `b_user_hit_auth`
--

CREATE TABLE `b_user_hit_auth` (
  `ID` int(18) NOT NULL,
  `USER_ID` int(18) NOT NULL,
  `HASH` varchar(32) COLLATE utf8_unicode_ci NOT NULL,
  `URL` varchar(255) COLLATE utf8_unicode_ci NOT NULL,
  `SITE_ID` char(2) COLLATE utf8_unicode_ci DEFAULT NULL,
  `TIMESTAMP_X` timestamp NOT NULL DEFAULT CURRENT_TIMESTAMP ON UPDATE CURRENT_TIMESTAMP
) ENGINE=InnoDB DEFAULT CHARSET=utf8 COLLATE=utf8_unicode_ci;

-- --------------------------------------------------------

--
-- Структура таблицы `b_user_index`
--

CREATE TABLE `b_user_index` (
  `USER_ID` int(11) NOT NULL,
  `SEARCH_USER_CONTENT` text COLLATE utf8_unicode_ci,
  `SEARCH_DEPARTMENT_CONTENT` text COLLATE utf8_unicode_ci,
  `SEARCH_ADMIN_CONTENT` text COLLATE utf8_unicode_ci,
  `NAME` varchar(50) COLLATE utf8_unicode_ci DEFAULT NULL,
  `LAST_NAME` varchar(50) COLLATE utf8_unicode_ci DEFAULT NULL,
  `SECOND_NAME` varchar(50) COLLATE utf8_unicode_ci DEFAULT NULL,
  `WORK_POSITION` varchar(255) COLLATE utf8_unicode_ci DEFAULT NULL,
  `UF_DEPARTMENT_NAME` varchar(255) COLLATE utf8_unicode_ci DEFAULT NULL
) ENGINE=InnoDB DEFAULT CHARSET=utf8 COLLATE=utf8_unicode_ci;

--
-- Дамп данных таблицы `b_user_index`
--

INSERT INTO `b_user_index` (`USER_ID`, `SEARCH_USER_CONTENT`, `SEARCH_DEPARTMENT_CONTENT`, `SEARCH_ADMIN_CONTENT`, `NAME`, `LAST_NAME`, `SECOND_NAME`, `WORK_POSITION`, `UF_DEPARTMENT_NAME`) VALUES
(1, '001 Никита Вождаев', '', '001 Никита Вождаев ibmuqnri vafhenapr a.ibmuqnri@zg-vafhenapr.eh trbzrgevln', 'Никита', 'Вождаев', '', '', '');

-- --------------------------------------------------------

--
-- Структура таблицы `b_user_index_selector`
--

CREATE TABLE `b_user_index_selector` (
  `USER_ID` int(11) NOT NULL,
  `SEARCH_SELECTOR_CONTENT` text COLLATE utf8_unicode_ci
) ENGINE=InnoDB DEFAULT CHARSET=utf8 COLLATE=utf8_unicode_ci;

--
-- Дамп данных таблицы `b_user_index_selector`
--

INSERT INTO `b_user_index_selector` (`USER_ID`, `SEARCH_SELECTOR_CONTENT`) VALUES
(1, 'Никита Вождаев');

-- --------------------------------------------------------

--
-- Структура таблицы `b_user_option`
--

CREATE TABLE `b_user_option` (
  `ID` int(11) NOT NULL,
  `USER_ID` int(11) NOT NULL,
  `CATEGORY` varchar(50) COLLATE utf8_unicode_ci NOT NULL,
  `NAME` varchar(255) COLLATE utf8_unicode_ci NOT NULL,
  `VALUE` mediumtext COLLATE utf8_unicode_ci,
  `COMMON` char(1) COLLATE utf8_unicode_ci NOT NULL DEFAULT 'N'
) ENGINE=InnoDB DEFAULT CHARSET=utf8 COLLATE=utf8_unicode_ci;

--
-- Дамп данных таблицы `b_user_option`
--

INSERT INTO `b_user_option` (`ID`, `USER_ID`, `CATEGORY`, `NAME`, `VALUE`, `COMMON`) VALUES
(1, 0, 'intranet', '~gadgets_admin_index', 'a:1:{i:0;a:1:{s:7:\"GADGETS\";a:8:{s:20:\"ADMIN_INFO@333333333\";a:3:{s:6:\"COLUMN\";i:0;s:3:\"ROW\";i:0;s:4:\"HIDE\";s:1:\"N\";}s:19:\"HTML_AREA@444444444\";a:5:{s:6:\"COLUMN\";i:0;s:3:\"ROW\";i:1;s:4:\"HIDE\";s:1:\"N\";s:8:\"USERDATA\";a:1:{s:7:\"content\";s:797:\"<table class=\"bx-gadgets-info-site-table\" cellspacing=\"0\"><tr>	<td class=\"bx-gadget-gray\">Создатель сайта:</td>	<td>Группа компаний &laquo;1С-Битрикс&raquo;.</td>	<td class=\"bx-gadgets-info-site-logo\" rowspan=\"5\"><img src=\"/bitrix/components/bitrix/desktop/templates/admin/images/site_logo.png\"></td></tr><tr>	<td class=\"bx-gadget-gray\">Адрес сайта:</td>	<td><a href=\"http://www.1c-bitrix.ru\">www.1c-bitrix.ru</a></td></tr><tr>	<td class=\"bx-gadget-gray\">Сайт сдан:</td>	<td>12 декабря 2010 г.</td></tr><tr>	<td class=\"bx-gadget-gray\">Ответственное лицо:</td>	<td>Иван Иванов</td></tr><tr>	<td class=\"bx-gadget-gray\">E-mail:</td>	<td><a href=\"mailto:info@1c-bitrix.ru\">info@1c-bitrix.ru</a></td></tr></table>\";}s:8:\"SETTINGS\";a:1:{s:9:\"TITLE_STD\";s:34:\"Информация о сайте\";}}s:25:\"ADMIN_CHECKLIST@777888999\";a:3:{s:6:\"COLUMN\";i:0;s:3:\"ROW\";i:2;s:4:\"HIDE\";s:1:\"N\";}s:19:\"RSSREADER@777777777\";a:4:{s:6:\"COLUMN\";i:1;s:3:\"ROW\";i:3;s:4:\"HIDE\";s:1:\"N\";s:8:\"SETTINGS\";a:3:{s:9:\"TITLE_STD\";s:33:\"Новости 1С-Битрикс\";s:3:\"CNT\";i:10;s:7:\"RSS_URL\";s:45:\"https://www.1c-bitrix.ru/about/life/news/rss/\";}}s:24:\"ADMIN_SECURITY@555555555\";a:3:{s:6:\"COLUMN\";i:1;s:3:\"ROW\";i:0;s:4:\"HIDE\";s:1:\"N\";}s:25:\"ADMIN_SITESPEED@666666777\";a:3:{s:6:\"COLUMN\";i:1;s:3:\"ROW\";i:1;s:4:\"HIDE\";s:1:\"N\";}s:23:\"ADMIN_PERFMON@666666666\";a:3:{s:6:\"COLUMN\";i:1;s:3:\"ROW\";i:2;s:4:\"HIDE\";s:1:\"N\";}s:23:\"ADMIN_MARKETPALCE@22549\";a:3:{s:6:\"COLUMN\";i:1;s:3:\"ROW\";i:3;s:4:\"HIDE\";s:1:\"N\";}}}}', 'Y'),
(2, 0, 'main.interface', 'global', 'a:1:{s:5:\"theme\";s:4:\"gray\";}', 'Y'),
(3, 1, 'admin_panel', 'settings', 'a:2:{s:4:\"edit\";s:3:\"off\";s:9:\"collapsed\";s:2:\"on\";}', 'N'),
(4, 1, 'hot_keys', 'user_defined', 'b:1;', 'N'),
(5, 1, 'favorite', 'favorite_menu', 'a:1:{s:5:\"stick\";s:1:\"N\";}', 'N'),
(7, 1, 'admin_menu', 'pos', 'a:3:{s:8:\"sections\";s:177:\"menu_iblock_/content,menu_iblock_%2Fcatalog%2F2,iblock_export,menu_iblock,menu_landing,menu_fileman,menu_iblock_/catalog,menu_util,backup,menu_iblock_/services,diag,iblock_admin\";s:5:\"width\";s:3:\"281\";s:3:\"ver\";s:2:\"on\";}', 'N'),
(8, 1, 'main.ui.filter', 'tbl_iblock_section_83282f8abe10dba1648858eafb93e3f2', 'a:6:{s:14:\"use_pin_preset\";b:1;s:15:\"deleted_presets\";a:0:{}s:15:\"default_presets\";a:0:{}s:7:\"default\";s:14:\"default_filter\";s:6:\"filter\";s:14:\"default_filter\";s:7:\"filters\";a:1:{s:10:\"tmp_filter\";a:2:{s:6:\"fields\";a:1:{s:10:\"SECTION_ID\";s:1:\"0\";}s:11:\"filter_rows\";s:10:\"SECTION_ID\";}}}', 'N'),
(13, 1, 'main.interface.grid', 'tbl_iblock_section_83282f8abe10dba1648858eafb93e3f2', 'a:3:{s:5:\"views\";a:1:{s:7:\"default\";a:3:{s:7:\"columns\";s:0:\"\";s:13:\"columns_sizes\";a:2:{s:6:\"expand\";i:1;s:7:\"columns\";a:0:{}}s:15:\"sticked_columns\";a:0:{}}}s:7:\"filters\";a:0:{}s:12:\"current_view\";s:7:\"default\";}', 'N'),
(21, 1, 'fileman', 'code_editor', 'a:1:{s:5:\"theme\";s:5:\"light\";}', 'N'),
(60, 1, 'bx.windowmanager.9.5', 'size_/bitrix/admin/component_props.php', 'a:2:{s:5:\"width\";s:4:\"1131\";s:6:\"height\";s:3:\"738\";}', 'N'),
(90, 1, 'bx.windowmanager.9.5', 'size_/bitrix/admin/public_file_edit.php', 'a:2:{s:5:\"width\";s:4:\"1434\";s:6:\"height\";s:3:\"515\";}', 'N'),
(91, 1, 'html_editor', 'user_settings_', 'a:5:{s:13:\"taskbar_shown\";s:1:\"1\";s:14:\"split_vertical\";s:1:\"0\";s:4:\"view\";s:5:\"split\";s:11:\"split_ratio\";s:19:\"0.26713286713286716\";s:13:\"taskbar_width\";s:3:\"251\";}', 'N'),
(123, 1, 'fileman', 'last_pathes', 's:219:\"a:10:{i:0;s:7:\"/otzyvy\";i:1;s:17:\"/katalog-tekhniki\";i:2;s:7:\"/uslugi\";i:3;s:6:\"/login\";i:4;s:9:\"/kontakty\";i:5;s:6:\"/check\";i:6;s:12:\"/order_check\";i:7;s:9:\"/img_test\";i:8;s:9:\"/partners\";i:9;s:17:\"/uslugi/bathrooms\";}\";', 'N'),
(158, 1, 'main.interface.grid', 'tbl_user', 'a:3:{s:5:\"views\";a:1:{s:7:\"default\";a:3:{s:7:\"columns\";s:0:\"\";s:13:\"columns_sizes\";a:2:{s:6:\"expand\";i:1;s:7:\"columns\";a:0:{}}s:15:\"sticked_columns\";a:0:{}}}s:7:\"filters\";a:0:{}s:12:\"current_view\";s:7:\"default\";}', 'N'),
(184, 1, 'main.interface.grid', 'tbl_iblock_admin_750dd17d83198dd551018232269fa242', 'a:3:{s:5:\"views\";a:1:{s:7:\"default\";a:3:{s:7:\"columns\";s:0:\"\";s:13:\"columns_sizes\";a:2:{s:6:\"expand\";i:1;s:7:\"columns\";a:0:{}}s:15:\"sticked_columns\";a:0:{}}}s:7:\"filters\";a:0:{}s:12:\"current_view\";s:7:\"default\";}', 'N'),
(185, 1, 'main.interface.grid', 'tbl_iblock_admin_46f22f2a56ddd091f4b2b2c35c5ca989', 'a:3:{s:5:\"views\";a:1:{s:7:\"default\";a:3:{s:7:\"columns\";s:0:\"\";s:13:\"columns_sizes\";a:2:{s:6:\"expand\";i:1;s:7:\"columns\";a:0:{}}s:15:\"sticked_columns\";a:0:{}}}s:7:\"filters\";a:0:{}s:12:\"current_view\";s:7:\"default\";}', 'N'),
(188, 1, 'main.interface.grid', 'tbl_iblock_46f22f2a56ddd091f4b2b2c35c5ca989', 'a:3:{s:5:\"views\";a:1:{s:7:\"default\";a:3:{s:7:\"columns\";s:0:\"\";s:13:\"columns_sizes\";a:2:{s:6:\"expand\";i:1;s:7:\"columns\";a:0:{}}s:15:\"sticked_columns\";a:0:{}}}s:7:\"filters\";a:0:{}s:12:\"current_view\";s:7:\"default\";}', 'N'),
(191, 1, 'main.interface.grid', 'tbl_iblock_section_a787d39d17af063ea1c165aff454b7d6', 'a:3:{s:5:\"views\";a:1:{s:7:\"default\";a:3:{s:7:\"columns\";s:0:\"\";s:13:\"columns_sizes\";a:2:{s:6:\"expand\";i:1;s:7:\"columns\";a:0:{}}s:15:\"sticked_columns\";a:0:{}}}s:7:\"filters\";a:0:{}s:12:\"current_view\";s:7:\"default\";}', 'N'),
(192, 1, 'main.ui.filter', 'tbl_iblock_element_a787d39d17af063ea1c165aff454b7d6', 'a:6:{s:14:\"use_pin_preset\";b:1;s:15:\"deleted_presets\";a:0:{}s:15:\"default_presets\";a:0:{}s:7:\"default\";s:14:\"default_filter\";s:6:\"filter\";s:14:\"default_filter\";s:7:\"filters\";a:2:{s:14:\"default_filter\";a:0:{}s:10:\"tmp_filter\";a:2:{s:6:\"fields\";a:3:{s:4:\"NAME\";s:0:\"\";s:10:\"SECTION_ID\";s:0:\"\";s:19:\"INCLUDE_SUBSECTIONS\";s:0:\"\";}s:11:\"filter_rows\";s:35:\"NAME,SECTION_ID,INCLUDE_SUBSECTIONS\";}}}', 'N'),
(196, 1, 'main.interface.grid', 'tbl_iblock_element_a787d39d17af063ea1c165aff454b7d6', 'a:3:{s:5:\"views\";a:1:{s:7:\"default\";a:5:{s:7:\"columns\";s:0:\"\";s:13:\"columns_sizes\";a:2:{s:6:\"expand\";i:1;s:7:\"columns\";a:0:{}}s:15:\"sticked_columns\";a:0:{}s:12:\"last_sort_by\";s:2:\"id\";s:15:\"last_sort_order\";s:3:\"asc\";}}s:7:\"filters\";a:0:{}s:12:\"current_view\";s:7:\"default\";}', 'N'),
(197, 1, 'main.ui.filter', 'tbl_iblock_section_a787d39d17af063ea1c165aff454b7d6', 'a:6:{s:14:\"use_pin_preset\";b:1;s:15:\"deleted_presets\";a:0:{}s:15:\"default_presets\";a:0:{}s:7:\"default\";s:14:\"default_filter\";s:6:\"filter\";s:14:\"default_filter\";s:7:\"filters\";a:1:{s:10:\"tmp_filter\";a:2:{s:6:\"fields\";a:2:{s:4:\"NAME\";s:0:\"\";s:10:\"SECTION_ID\";s:0:\"\";}s:11:\"filter_rows\";s:15:\"NAME,SECTION_ID\";}}}', 'N'),
(252, 1, 'bx.windowmanager.9.5', 'size_bx_component_properties_res', 'a:2:{s:5:\"width\";s:4:\"1482\";s:6:\"height\";s:3:\"615\";}', 'N'),
(317, 1, 'fileman', 'file_dialog_config', 's:24:\"s1;/upload;list;type;asc\";', 'N'),
(792, 1, 'main.interface.grid', 'tbl_iblock_admin_9a0364b9e99bb480dd25e1f0284c8555', 'a:3:{s:5:\"views\";a:1:{s:7:\"default\";a:3:{s:7:\"columns\";s:0:\"\";s:13:\"columns_sizes\";a:2:{s:6:\"expand\";i:1;s:7:\"columns\";a:0:{}}s:15:\"sticked_columns\";a:0:{}}}s:7:\"filters\";a:0:{}s:12:\"current_view\";s:7:\"default\";}', 'N'),
(795, 1, 'main.ui.filter', 'tbl_iblock_section_5861fa2d67db16bf1dcab2250c88814c', 'a:6:{s:14:\"use_pin_preset\";b:1;s:15:\"deleted_presets\";a:0:{}s:15:\"default_presets\";a:0:{}s:7:\"default\";s:14:\"default_filter\";s:6:\"filter\";s:14:\"default_filter\";s:7:\"filters\";a:1:{s:10:\"tmp_filter\";a:2:{s:6:\"fields\";a:1:{s:10:\"SECTION_ID\";s:1:\"0\";}s:11:\"filter_rows\";s:10:\"SECTION_ID\";}}}', 'N'),
(800, 1, 'main.interface.grid', 'tbl_iblock_section_5861fa2d67db16bf1dcab2250c88814c', 'a:3:{s:5:\"views\";a:1:{s:7:\"default\";a:3:{s:7:\"columns\";s:0:\"\";s:13:\"columns_sizes\";a:2:{s:6:\"expand\";i:1;s:7:\"columns\";a:0:{}}s:15:\"sticked_columns\";a:0:{}}}s:7:\"filters\";a:0:{}s:12:\"current_view\";s:7:\"default\";}', 'N'),
(801, 1, 'main.ui.filter', 'tbl_iblock_element_5861fa2d67db16bf1dcab2250c88814c', 'a:6:{s:14:\"use_pin_preset\";b:1;s:15:\"deleted_presets\";a:0:{}s:15:\"default_presets\";a:0:{}s:7:\"default\";s:14:\"default_filter\";s:6:\"filter\";s:14:\"default_filter\";s:7:\"filters\";a:1:{s:14:\"default_filter\";a:0:{}}}', 'N'),
(805, 1, 'main.interface.grid', 'tbl_iblock_element_5861fa2d67db16bf1dcab2250c88814c', 'a:3:{s:5:\"views\";a:1:{s:7:\"default\";a:3:{s:7:\"columns\";s:0:\"\";s:13:\"columns_sizes\";a:2:{s:6:\"expand\";i:1;s:7:\"columns\";a:0:{}}s:15:\"sticked_columns\";a:0:{}}}s:7:\"filters\";a:0:{}s:12:\"current_view\";s:7:\"default\";}', 'N'),
(806, 1, 'html_editor', 'type_selector_PREVIEW_TEXT3', 'a:1:{s:4:\"type\";s:4:\"html\";}', 'N'),
(836, 1, 'main.ui.filter', 'tbl_iblock_section_4c4e2de1b05a7341d861cc34a4e59c1b', 'a:6:{s:14:\"use_pin_preset\";b:1;s:15:\"deleted_presets\";a:0:{}s:15:\"default_presets\";a:0:{}s:7:\"default\";s:14:\"default_filter\";s:6:\"filter\";s:14:\"default_filter\";s:7:\"filters\";a:1:{s:10:\"tmp_filter\";a:2:{s:6:\"fields\";a:1:{s:10:\"SECTION_ID\";s:1:\"0\";}s:11:\"filter_rows\";s:10:\"SECTION_ID\";}}}', 'N'),
(841, 1, 'main.interface.grid', 'tbl_iblock_section_4c4e2de1b05a7341d861cc34a4e59c1b', 'a:3:{s:5:\"views\";a:1:{s:7:\"default\";a:3:{s:7:\"columns\";s:0:\"\";s:13:\"columns_sizes\";a:2:{s:6:\"expand\";i:1;s:7:\"columns\";a:0:{}}s:15:\"sticked_columns\";a:0:{}}}s:7:\"filters\";a:0:{}s:12:\"current_view\";s:7:\"default\";}', 'N'),
(842, 1, 'main.ui.filter', 'tbl_iblock_element_4c4e2de1b05a7341d861cc34a4e59c1b', 'a:6:{s:14:\"use_pin_preset\";b:1;s:15:\"deleted_presets\";a:0:{}s:15:\"default_presets\";a:0:{}s:7:\"default\";s:14:\"default_filter\";s:6:\"filter\";s:14:\"default_filter\";s:7:\"filters\";a:2:{s:14:\"default_filter\";a:0:{}s:10:\"tmp_filter\";a:2:{s:6:\"fields\";a:1:{s:10:\"SECTION_ID\";s:1:\"0\";}s:11:\"filter_rows\";s:10:\"SECTION_ID\";}}}', 'N'),
(846, 1, 'main.interface.grid', 'tbl_iblock_element_4c4e2de1b05a7341d861cc34a4e59c1b', 'a:3:{s:5:\"views\";a:1:{s:7:\"default\";a:3:{s:7:\"columns\";s:0:\"\";s:13:\"columns_sizes\";a:2:{s:6:\"expand\";i:1;s:7:\"columns\";a:0:{}}s:15:\"sticked_columns\";a:0:{}}}s:7:\"filters\";a:0:{}s:12:\"current_view\";s:7:\"default\";}', 'N'),
(847, 1, 'html_editor', 'type_selector_PREVIEW_TEXT4', 'a:1:{s:4:\"type\";s:4:\"html\";}', 'N'),
(910, 1, 'list', 'tbl_fileman_admin', 'a:4:{s:7:\"columns\";s:33:\"NAME,SIZE,DATE,TYPE,PERMS,PERMS_B\";s:2:\"by\";s:8:\"name_nat\";s:5:\"order\";s:3:\"asc\";s:9:\"page_size\";s:3:\"500\";}', 'N'),
(1021, 1, 'bx.windowmanager.9.5', 'size_/bitrix/admin/public_menu_edit.php', 'a:2:{s:5:\"width\";s:4:\"1037\";s:6:\"height\";s:3:\"487\";}', 'N'),
(1024, 1, 'main.interface.grid', 'tbl_iblock_508c75c8507a2ae5223dfd2faeb98122', 'a:3:{s:5:\"views\";a:1:{s:7:\"default\";a:3:{s:7:\"columns\";s:0:\"\";s:13:\"columns_sizes\";a:2:{s:6:\"expand\";i:1;s:7:\"columns\";a:0:{}}s:15:\"sticked_columns\";a:0:{}}}s:7:\"filters\";a:0:{}s:12:\"current_view\";s:7:\"default\";}', 'N'),
(1047, 1, 'main.interface.grid', 'tbl_iblock_admin_10cd395cf71c18328c863c08e78f3fd0', 'a:3:{s:5:\"views\";a:1:{s:7:\"default\";a:3:{s:7:\"columns\";s:0:\"\";s:13:\"columns_sizes\";a:2:{s:6:\"expand\";i:1;s:7:\"columns\";a:0:{}}s:15:\"sticked_columns\";a:0:{}}}s:7:\"filters\";a:0:{}s:12:\"current_view\";s:7:\"default\";}', 'N'),
(1052, 1, 'main.ui.filter', 'tbl_iblock_section_4b068213f1b09281fe0e06fb6b93ad6a', 'a:6:{s:14:\"use_pin_preset\";b:1;s:15:\"deleted_presets\";a:0:{}s:15:\"default_presets\";a:0:{}s:7:\"default\";s:14:\"default_filter\";s:6:\"filter\";s:14:\"default_filter\";s:7:\"filters\";a:1:{s:10:\"tmp_filter\";a:2:{s:6:\"fields\";a:1:{s:10:\"SECTION_ID\";s:1:\"0\";}s:11:\"filter_rows\";s:10:\"SECTION_ID\";}}}', 'N'),
(1057, 1, 'main.interface.grid', 'tbl_iblock_section_4b068213f1b09281fe0e06fb6b93ad6a', 'a:3:{s:5:\"views\";a:1:{s:7:\"default\";a:3:{s:7:\"columns\";s:0:\"\";s:13:\"columns_sizes\";a:2:{s:6:\"expand\";i:1;s:7:\"columns\";a:0:{}}s:15:\"sticked_columns\";a:0:{}}}s:7:\"filters\";a:0:{}s:12:\"current_view\";s:7:\"default\";}', 'N'),
(1058, 1, 'main.ui.filter', 'tbl_iblock_element_4b068213f1b09281fe0e06fb6b93ad6a', 'a:6:{s:14:\"use_pin_preset\";b:1;s:15:\"deleted_presets\";a:0:{}s:15:\"default_presets\";a:0:{}s:7:\"default\";s:14:\"default_filter\";s:6:\"filter\";s:14:\"default_filter\";s:7:\"filters\";a:2:{s:10:\"tmp_filter\";a:2:{s:6:\"fields\";a:1:{s:10:\"SECTION_ID\";s:1:\"0\";}s:11:\"filter_rows\";s:10:\"SECTION_ID\";}s:14:\"default_filter\";a:0:{}}}', 'N'),
(1062, 1, 'main.interface.grid', 'tbl_iblock_element_4b068213f1b09281fe0e06fb6b93ad6a', 'a:3:{s:5:\"views\";a:1:{s:7:\"default\";a:3:{s:7:\"columns\";s:0:\"\";s:13:\"columns_sizes\";a:2:{s:6:\"expand\";i:1;s:7:\"columns\";a:0:{}}s:15:\"sticked_columns\";a:0:{}}}s:7:\"filters\";a:0:{}s:12:\"current_view\";s:7:\"default\";}', 'N');

-- --------------------------------------------------------

--
-- Структура таблицы `b_user_phone_auth`
--

CREATE TABLE `b_user_phone_auth` (
  `USER_ID` int(11) NOT NULL,
  `PHONE_NUMBER` varchar(25) COLLATE utf8_unicode_ci NOT NULL,
  `OTP_SECRET` text COLLATE utf8_unicode_ci,
  `ATTEMPTS` int(11) DEFAULT '0',
  `CONFIRMED` char(1) COLLATE utf8_unicode_ci DEFAULT 'N',
  `DATE_SENT` datetime DEFAULT NULL
) ENGINE=InnoDB DEFAULT CHARSET=utf8 COLLATE=utf8_unicode_ci;

-- --------------------------------------------------------

--
-- Структура таблицы `b_user_profile_history`
--

CREATE TABLE `b_user_profile_history` (
  `ID` int(11) NOT NULL,
  `USER_ID` int(11) NOT NULL,
  `EVENT_TYPE` int(11) DEFAULT NULL,
  `DATE_INSERT` datetime DEFAULT NULL,
  `REMOTE_ADDR` varchar(40) COLLATE utf8_unicode_ci DEFAULT NULL,
  `USER_AGENT` text COLLATE utf8_unicode_ci,
  `REQUEST_URI` text COLLATE utf8_unicode_ci,
  `UPDATED_BY_ID` int(11) DEFAULT NULL
) ENGINE=InnoDB DEFAULT CHARSET=utf8 COLLATE=utf8_unicode_ci;

-- --------------------------------------------------------

--
-- Структура таблицы `b_user_profile_record`
--

CREATE TABLE `b_user_profile_record` (
  `ID` int(11) NOT NULL,
  `HISTORY_ID` int(11) NOT NULL,
  `FIELD` varchar(40) COLLATE utf8_unicode_ci DEFAULT NULL,
  `DATA` mediumtext COLLATE utf8_unicode_ci
) ENGINE=InnoDB DEFAULT CHARSET=utf8 COLLATE=utf8_unicode_ci;

-- --------------------------------------------------------

--
-- Структура таблицы `b_user_stored_auth`
--

CREATE TABLE `b_user_stored_auth` (
  `ID` int(18) NOT NULL,
  `USER_ID` int(18) NOT NULL,
  `DATE_REG` datetime NOT NULL,
  `LAST_AUTH` datetime NOT NULL,
  `STORED_HASH` varchar(32) COLLATE utf8_unicode_ci NOT NULL,
  `TEMP_HASH` char(1) COLLATE utf8_unicode_ci NOT NULL DEFAULT 'N',
  `IP_ADDR` int(10) UNSIGNED NOT NULL
) ENGINE=InnoDB DEFAULT CHARSET=utf8 COLLATE=utf8_unicode_ci;

--
-- Дамп данных таблицы `b_user_stored_auth`
--

INSERT INTO `b_user_stored_auth` (`ID`, `USER_ID`, `DATE_REG`, `LAST_AUTH`, `STORED_HASH`, `TEMP_HASH`, `IP_ADDR`) VALUES
(1, 1, '2019-04-22 15:43:48', '2019-04-22 15:43:48', '562eaa2bb88db070f792d996184dc05f', 'N', 1505594553),
(2, 1, '2019-08-07 12:22:09', '2019-08-14 07:07:19', '1b85ecd576ffe927f24a0341c800f2a8', 'N', 784316464);

-- --------------------------------------------------------

--
-- Структура таблицы `b_xml_tree`
--

CREATE TABLE `b_xml_tree` (
  `ID` int(11) NOT NULL,
  `PARENT_ID` int(11) DEFAULT NULL,
  `LEFT_MARGIN` int(11) DEFAULT NULL,
  `RIGHT_MARGIN` int(11) DEFAULT NULL,
  `DEPTH_LEVEL` int(11) DEFAULT NULL,
  `NAME` varchar(255) COLLATE utf8_unicode_ci DEFAULT NULL,
  `VALUE` longtext COLLATE utf8_unicode_ci,
  `ATTRIBUTES` text COLLATE utf8_unicode_ci
) ENGINE=InnoDB DEFAULT CHARSET=utf8 COLLATE=utf8_unicode_ci;

--
-- Дамп данных таблицы `b_xml_tree`
--

INSERT INTO `b_xml_tree` (`ID`, `PARENT_ID`, `LEFT_MARGIN`, `RIGHT_MARGIN`, `DEPTH_LEVEL`, `NAME`, `VALUE`, `ATTRIBUTES`) VALUES
(1, 0, 1, 320, 0, 'КоммерческаяИнформация', NULL, 'a:2:{s:22:\"ВерсияСхемы\";s:5:\"2.021\";s:32:\"ДатаФормирования\";s:19:\"2010-06-22T12:53:42\";}'),
(2, 1, 2, 67, 1, 'Классификатор', NULL, NULL),
(3, 2, 3, 4, 2, 'Ид', '2', NULL),
(4, 2, 5, 6, 2, 'Наименование', 'Вакансии', NULL),
(5, 2, 7, 64, 2, 'Свойства', NULL, NULL),
(6, 5, 8, 15, 3, 'Свойство', NULL, NULL),
(7, 6, 9, 10, 4, 'Ид', 'CML2_ACTIVE', NULL),
(8, 6, 11, 12, 4, 'Наименование', 'БитриксАктивность', NULL),
(9, 6, 13, 14, 4, 'Множественное', 'false', NULL),
(10, 5, 16, 23, 3, 'Свойство', NULL, NULL),
(11, 10, 17, 18, 4, 'Ид', 'CML2_CODE', NULL),
(12, 10, 19, 20, 4, 'Наименование', 'Символьный код', NULL),
(13, 10, 21, 22, 4, 'Множественное', 'false', NULL),
(14, 5, 24, 31, 3, 'Свойство', NULL, NULL),
(15, 14, 25, 26, 4, 'Ид', 'CML2_SORT', NULL),
(16, 14, 27, 28, 4, 'Наименование', 'Сортировка', NULL),
(17, 14, 29, 30, 4, 'Множественное', 'false', NULL),
(18, 5, 32, 39, 3, 'Свойство', NULL, NULL),
(19, 18, 33, 34, 4, 'Ид', 'CML2_ACTIVE_FROM', NULL),
(20, 18, 35, 36, 4, 'Наименование', 'Начало активности', NULL),
(21, 18, 37, 38, 4, 'Множественное', 'false', NULL),
(22, 5, 40, 47, 3, 'Свойство', NULL, NULL),
(23, 22, 41, 42, 4, 'Ид', 'CML2_ACTIVE_TO', NULL),
(24, 22, 43, 44, 4, 'Наименование', 'Окончание активности', NULL),
(25, 22, 45, 46, 4, 'Множественное', 'false', NULL),
(26, 5, 48, 55, 3, 'Свойство', NULL, NULL),
(27, 26, 49, 50, 4, 'Ид', 'CML2_PREVIEW_TEXT', NULL),
(28, 26, 51, 52, 4, 'Наименование', 'Анонс', NULL),
(29, 26, 53, 54, 4, 'Множественное', 'false', NULL),
(30, 5, 56, 63, 3, 'Свойство', NULL, NULL),
(31, 30, 57, 58, 4, 'Ид', 'CML2_PREVIEW_PICTURE', NULL),
(32, 30, 59, 60, 4, 'Наименование', 'Картинка анонса', NULL),
(33, 30, 61, 62, 4, 'Множественное', 'false', NULL),
(34, 2, 65, 66, 2, 'Группы', NULL, NULL),
(35, 1, 68, 319, 1, 'Каталог', NULL, NULL),
(36, 35, 69, 70, 2, 'Ид', 'furniture_vacancies', NULL),
(37, 35, 71, 72, 2, 'ИдКлассификатора', '2', NULL),
(38, 35, 73, 74, 2, 'Наименование', 'Вакансии', NULL),
(39, 35, 75, 76, 2, 'БитриксКод', 'furniture_vacancies', NULL),
(40, 35, 77, 78, 2, 'БитриксСортировка', '500', NULL),
(41, 35, 79, 80, 2, 'БитриксURLСписок', '#SITE_DIR#/company/vacancies.php', NULL),
(42, 35, 81, 82, 2, 'БитриксURLДеталь', '#SITE_DIR#/company/vacancies.php##ID#', NULL),
(43, 35, 83, 84, 2, 'БитриксURLРаздел', NULL, NULL),
(44, 35, 85, 86, 2, 'БитриксКартинка', NULL, NULL),
(45, 35, 87, 88, 2, 'БитриксИндексироватьЭлементы', 'true', NULL),
(46, 35, 89, 90, 2, 'БитриксИндексироватьРазделы', 'false', NULL),
(47, 35, 91, 92, 2, 'БитриксДокументооборот', 'false', NULL),
(48, 35, 93, 154, 2, 'БитриксПодписи', NULL, NULL),
(49, 48, 94, 99, 3, 'БитриксПодпись', NULL, NULL),
(50, 49, 95, 96, 4, 'Ид', 'ELEMENT_NAME', NULL),
(51, 49, 97, 98, 4, 'Значение', 'Вакансия', NULL),
(52, 48, 100, 105, 3, 'БитриксПодпись', NULL, NULL),
(53, 52, 101, 102, 4, 'Ид', 'ELEMENTS_NAME', NULL),
(54, 52, 103, 104, 4, 'Значение', 'Вакансии', NULL),
(55, 48, 106, 111, 3, 'БитриксПодпись', NULL, NULL),
(56, 55, 107, 108, 4, 'Ид', 'ELEMENT_ADD', NULL),
(57, 55, 109, 110, 4, 'Значение', 'Добавить вакансию', NULL),
(58, 48, 112, 117, 3, 'БитриксПодпись', NULL, NULL),
(59, 58, 113, 114, 4, 'Ид', 'ELEMENT_EDIT', NULL),
(60, 58, 115, 116, 4, 'Значение', 'Изменить вакансию', NULL),
(61, 48, 118, 123, 3, 'БитриксПодпись', NULL, NULL),
(62, 61, 119, 120, 4, 'Ид', 'ELEMENT_DELETE', NULL),
(63, 61, 121, 122, 4, 'Значение', 'Удалить вакансию', NULL),
(64, 48, 124, 129, 3, 'БитриксПодпись', NULL, NULL),
(65, 64, 125, 126, 4, 'Ид', 'SECTION_NAME', NULL),
(66, 64, 127, 128, 4, 'Значение', 'Раздел', NULL),
(67, 48, 130, 135, 3, 'БитриксПодпись', NULL, NULL),
(68, 67, 131, 132, 4, 'Ид', 'SECTIONS_NAME', NULL),
(69, 67, 133, 134, 4, 'Значение', 'Разделы', NULL),
(70, 48, 136, 141, 3, 'БитриксПодпись', NULL, NULL),
(71, 70, 137, 138, 4, 'Ид', 'SECTION_ADD', NULL),
(72, 70, 139, 140, 4, 'Значение', 'Добавить раздел', NULL),
(73, 48, 142, 147, 3, 'БитриксПодпись', NULL, NULL),
(74, 73, 143, 144, 4, 'Ид', 'SECTION_EDIT', NULL),
(75, 73, 145, 146, 4, 'Значение', 'Изменить раздел', NULL),
(76, 48, 148, 153, 3, 'БитриксПодпись', NULL, NULL),
(77, 76, 149, 150, 4, 'Ид', 'SECTION_DELETE', NULL),
(78, 76, 151, 152, 4, 'Значение', 'Удалить раздел', NULL),
(79, 35, 155, 318, 2, 'Товары', NULL, NULL),
(80, 79, 156, 209, 3, 'Товар', NULL, NULL),
(81, 80, 157, 158, 4, 'Ид', '2', NULL),
(82, 80, 159, 160, 4, 'Наименование', 'Продавец-дизайнер (кухни)', NULL),
(83, 80, 161, 162, 4, 'БитриксТеги', NULL, NULL),
(84, 80, 163, 164, 4, 'Описание', '<b>Требования</b> 						 						 \r\n<p>Уверенный пользователь ПК, навыки черчения от руки и в программах, опыт работы дизайнером/конструктором в мебельной сфере, этика делового общения</p>\r\n 						 						<b>Обязанности</b> 						 \r\n<p>Консультирование клиентов по кухонной мебели, оставление художественно-конструкторских проектов, прием и оформление заказов.</p>\r\n 						 						<b>Условия</b> 						 \r\n<p>Зарплата: 13500 оклад + % от личных продаж + премии‚ совокупный доход от 20000 руб,полный соц. пакет‚ оформление согласно ТК РФ</p>\r\n ', NULL),
(85, 80, 165, 208, 4, 'ЗначенияСвойств', NULL, NULL),
(86, 85, 166, 171, 5, 'ЗначенияСвойства', NULL, NULL),
(87, 86, 167, 168, 6, 'Ид', 'CML2_ACTIVE', NULL),
(88, 86, 169, 170, 6, 'Значение', 'true', NULL),
(89, 85, 172, 177, 5, 'ЗначенияСвойства', NULL, NULL),
(90, 89, 173, 174, 6, 'Ид', 'CML2_CODE', NULL),
(91, 89, 175, 176, 6, 'Значение', NULL, NULL),
(92, 85, 178, 183, 5, 'ЗначенияСвойства', NULL, NULL),
(93, 92, 179, 180, 6, 'Ид', 'CML2_SORT', NULL),
(94, 92, 181, 182, 6, 'Значение', '200', NULL),
(95, 85, 184, 189, 5, 'ЗначенияСвойства', NULL, NULL),
(96, 95, 185, 186, 6, 'Ид', 'CML2_ACTIVE_FROM', NULL),
(97, 95, 187, 188, 6, 'Значение', '2010-05-01 00:00:00', NULL),
(98, 85, 190, 195, 5, 'ЗначенияСвойства', NULL, NULL),
(99, 98, 191, 192, 6, 'Ид', 'CML2_ACTIVE_TO', NULL),
(100, 98, 193, 194, 6, 'Значение', NULL, NULL),
(101, 85, 196, 201, 5, 'ЗначенияСвойства', NULL, NULL),
(102, 101, 197, 198, 6, 'Ид', 'CML2_PREVIEW_TEXT', NULL),
(103, 101, 199, 200, 6, 'Значение', NULL, NULL),
(104, 85, 202, 207, 5, 'ЗначенияСвойства', NULL, NULL),
(105, 104, 203, 204, 6, 'Ид', 'CML2_PREVIEW_PICTURE', NULL),
(106, 104, 205, 206, 6, 'Значение', NULL, NULL),
(107, 79, 210, 263, 3, 'Товар', NULL, NULL),
(108, 107, 211, 212, 4, 'Ид', '3', NULL),
(109, 107, 213, 214, 4, 'Наименование', 'Директор магазина', NULL),
(110, 107, 215, 216, 4, 'БитриксТеги', NULL, NULL),
(111, 107, 217, 218, 4, 'Описание', '<b>Требования</b> 						 						 \r\n<p>Высшее образование‚ опыт руководящей работы в рознице от 3 лет‚ опытный пользователь ПК‚ этика делового общения‚ знание методов управления и заключения договоров‚ отличное знание торгового и трудового законодательств‚ ответственность‚ инициативность‚ активность.</p>\r\n 						 						<b>Обязанности</b> 						 \r\n<p>Руководство деятельностью магазина‚ организация эффективной работы персонала магазина‚ финансово-хозяйственная деятельность и отчетность‚ выполнение плана продаж‚ отчетность.</p>\r\n 						 						<b>Условия</b> 						 \r\n<p>Трудоустройство по ТК РФ‚ полный соц. пакет‚ график работы 5 чере 2 (168 час/мес)‚ зарплата: оклад 28000 + % от оборота + премии‚ совокупный доход от 35000 руб</p>\r\n ', NULL),
(112, 107, 219, 262, 4, 'ЗначенияСвойств', NULL, NULL),
(113, 112, 220, 225, 5, 'ЗначенияСвойства', NULL, NULL),
(114, 113, 221, 222, 6, 'Ид', 'CML2_ACTIVE', NULL),
(115, 113, 223, 224, 6, 'Значение', 'true', NULL),
(116, 112, 226, 231, 5, 'ЗначенияСвойства', NULL, NULL),
(117, 116, 227, 228, 6, 'Ид', 'CML2_CODE', NULL),
(118, 116, 229, 230, 6, 'Значение', NULL, NULL),
(119, 112, 232, 237, 5, 'ЗначенияСвойства', NULL, NULL),
(120, 119, 233, 234, 6, 'Ид', 'CML2_SORT', NULL),
(121, 119, 235, 236, 6, 'Значение', '300', NULL),
(122, 112, 238, 243, 5, 'ЗначенияСвойства', NULL, NULL),
(123, 122, 239, 240, 6, 'Ид', 'CML2_ACTIVE_FROM', NULL),
(124, 122, 241, 242, 6, 'Значение', '2010-05-01 00:00:00', NULL),
(125, 112, 244, 249, 5, 'ЗначенияСвойства', NULL, NULL),
(126, 125, 245, 246, 6, 'Ид', 'CML2_ACTIVE_TO', NULL),
(127, 125, 247, 248, 6, 'Значение', NULL, NULL),
(128, 112, 250, 255, 5, 'ЗначенияСвойства', NULL, NULL),
(129, 128, 251, 252, 6, 'Ид', 'CML2_PREVIEW_TEXT', NULL),
(130, 128, 253, 254, 6, 'Значение', NULL, NULL),
(131, 112, 256, 261, 5, 'ЗначенияСвойства', NULL, NULL),
(132, 131, 257, 258, 6, 'Ид', 'CML2_PREVIEW_PICTURE', NULL),
(133, 131, 259, 260, 6, 'Значение', NULL, NULL),
(134, 79, 264, 317, 3, 'Товар', NULL, NULL),
(135, 134, 265, 266, 4, 'Ид', '4', NULL),
(136, 134, 267, 268, 4, 'Наименование', 'Бухгалтер отдела учета готовой продукции', NULL),
(137, 134, 269, 270, 4, 'БитриксТеги', NULL, NULL),
(138, 134, 271, 272, 4, 'Описание', '<b>Требования</b> 						 						 \r\n<p>Жен., 22-45, уверенный пользователь ПК, опыт работы бухгалтером приветсвуется, знание бухгалтерского учета (базовый уровень), самостоятельность, ответственность, коммуникабельность, быстрая обучаемость, желание работать.</p>\r\n 						 						<b>Обязанности</b> 						 \r\n<p>Работа с первичными документами по учету МПЗ Ведение журналов-ордеров по производственным счетам Формирование материальных отчетов подразделений Исполнение дополнительных функций по указанию руководителя</p>\r\n 						 						<b>Условия</b> 						 \r\n<p>График работы 5 дней в неделю, адрес работы г. Шатура, Ботинский пр-д, 37. Зарплата: оклад 10 800 р. + премия 40% от оклада, полный соц. пакет.</p>\r\n ', NULL),
(139, 134, 273, 316, 4, 'ЗначенияСвойств', NULL, NULL),
(140, 139, 274, 279, 5, 'ЗначенияСвойства', NULL, NULL),
(141, 140, 275, 276, 6, 'Ид', 'CML2_ACTIVE', NULL),
(142, 140, 277, 278, 6, 'Значение', 'true', NULL),
(143, 139, 280, 285, 5, 'ЗначенияСвойства', NULL, NULL),
(144, 143, 281, 282, 6, 'Ид', 'CML2_CODE', NULL),
(145, 143, 283, 284, 6, 'Значение', NULL, NULL),
(146, 139, 286, 291, 5, 'ЗначенияСвойства', NULL, NULL),
(147, 146, 287, 288, 6, 'Ид', 'CML2_SORT', NULL),
(148, 146, 289, 290, 6, 'Значение', '400', NULL),
(149, 139, 292, 297, 5, 'ЗначенияСвойства', NULL, NULL),
(150, 149, 293, 294, 6, 'Ид', 'CML2_ACTIVE_FROM', NULL),
(151, 149, 295, 296, 6, 'Значение', '2010-05-01 00:00:00', NULL),
(152, 139, 298, 303, 5, 'ЗначенияСвойства', NULL, NULL),
(153, 152, 299, 300, 6, 'Ид', 'CML2_ACTIVE_TO', NULL),
(154, 152, 301, 302, 6, 'Значение', NULL, NULL),
(155, 139, 304, 309, 5, 'ЗначенияСвойства', NULL, NULL),
(156, 155, 305, 306, 6, 'Ид', 'CML2_PREVIEW_TEXT', NULL),
(157, 155, 307, 308, 6, 'Значение', NULL, NULL),
(158, 139, 310, 315, 5, 'ЗначенияСвойства', NULL, NULL),
(159, 158, 311, 312, 6, 'Ид', 'CML2_PREVIEW_PICTURE', NULL),
(160, 158, 313, 314, 6, 'Значение', NULL, NULL),
(161, 0, 30, 0, 0, '', NULL, NULL),
(162, 0, 31, 0, 0, '', NULL, NULL),
(163, 0, 32, 0, 0, '', NULL, NULL);

--
-- Индексы сохранённых таблиц
--

--
-- Индексы таблицы `b_admin_notify`
--
ALTER TABLE `b_admin_notify`
  ADD PRIMARY KEY (`ID`),
  ADD KEY `IX_AD_TAG` (`TAG`);

--
-- Индексы таблицы `b_admin_notify_lang`
--
ALTER TABLE `b_admin_notify_lang`
  ADD PRIMARY KEY (`ID`),
  ADD UNIQUE KEY `IX_ADM_NTFY_LANG` (`NOTIFY_ID`,`LID`),
  ADD KEY `IX_ADM_NTFY_LID` (`LID`);

--
-- Индексы таблицы `b_agent`
--
ALTER TABLE `b_agent`
  ADD PRIMARY KEY (`ID`),
  ADD KEY `ix_act_next_exec` (`ACTIVE`,`NEXT_EXEC`),
  ADD KEY `ix_agent_user_id` (`USER_ID`),
  ADD KEY `ix_agent_name` (`NAME`(100));

--
-- Индексы таблицы `b_app_password`
--
ALTER TABLE `b_app_password`
  ADD PRIMARY KEY (`ID`),
  ADD KEY `ix_app_password_user` (`USER_ID`);

--
-- Индексы таблицы `b_cache_tag`
--
ALTER TABLE `b_cache_tag`
  ADD KEY `ix_b_cache_tag_0` (`SITE_ID`,`CACHE_SALT`,`RELATIVE_PATH`(50)),
  ADD KEY `ix_b_cache_tag_1` (`TAG`);

--
-- Индексы таблицы `b_captcha`
--
ALTER TABLE `b_captcha`
  ADD UNIQUE KEY `UX_B_CAPTCHA` (`ID`);

--
-- Индексы таблицы `b_checklist`
--
ALTER TABLE `b_checklist`
  ADD PRIMARY KEY (`ID`);

--
-- Индексы таблицы `b_clouds_copy_queue`
--
ALTER TABLE `b_clouds_copy_queue`
  ADD PRIMARY KEY (`ID`);

--
-- Индексы таблицы `b_clouds_delete_queue`
--
ALTER TABLE `b_clouds_delete_queue`
  ADD PRIMARY KEY (`ID`),
  ADD KEY `ix_b_clouds_delete_queue_1` (`BUCKET_ID`,`FILE_PATH`(100));

--
-- Индексы таблицы `b_component_params`
--
ALTER TABLE `b_component_params`
  ADD PRIMARY KEY (`ID`),
  ADD KEY `ix_comp_params_name` (`COMPONENT_NAME`),
  ADD KEY `ix_comp_params_path` (`SITE_ID`,`REAL_PATH`),
  ADD KEY `ix_comp_params_sname` (`SITE_ID`,`COMPONENT_NAME`);

--
-- Индексы таблицы `b_composite_log`
--
ALTER TABLE `b_composite_log`
  ADD PRIMARY KEY (`ID`),
  ADD KEY `IX_B_COMPOSITE_LOG_PAGE_ID` (`PAGE_ID`),
  ADD KEY `IX_B_COMPOSITE_LOG_HOST` (`HOST`),
  ADD KEY `IX_B_COMPOSITE_LOG_TYPE` (`TYPE`);

--
-- Индексы таблицы `b_composite_page`
--
ALTER TABLE `b_composite_page`
  ADD PRIMARY KEY (`ID`),
  ADD KEY `IX_B_COMPOSITE_PAGE_CACHE_KEY` (`CACHE_KEY`(100)),
  ADD KEY `IX_B_COMPOSITE_PAGE_VIEWED` (`LAST_VIEWED`),
  ADD KEY `IX_B_COMPOSITE_PAGE_HOST` (`HOST`);

--
-- Индексы таблицы `b_consent_agreement`
--
ALTER TABLE `b_consent_agreement`
  ADD PRIMARY KEY (`ID`),
  ADD KEY `IX_B_CONSENT_AGREEMENT_CODE` (`CODE`);

--
-- Индексы таблицы `b_consent_field`
--
ALTER TABLE `b_consent_field`
  ADD PRIMARY KEY (`ID`),
  ADD KEY `IX_B_CONSENT_FIELD_AG_ID` (`AGREEMENT_ID`);

--
-- Индексы таблицы `b_consent_user_consent`
--
ALTER TABLE `b_consent_user_consent`
  ADD PRIMARY KEY (`ID`),
  ADD KEY `IX_B_CONSENT_USER_CONSENT` (`AGREEMENT_ID`);

--
-- Индексы таблицы `b_counter_data`
--
ALTER TABLE `b_counter_data`
  ADD PRIMARY KEY (`ID`);

--
-- Индексы таблицы `b_culture`
--
ALTER TABLE `b_culture`
  ADD PRIMARY KEY (`ID`);

--
-- Индексы таблицы `b_event`
--
ALTER TABLE `b_event`
  ADD PRIMARY KEY (`ID`),
  ADD KEY `ix_success` (`SUCCESS_EXEC`),
  ADD KEY `ix_b_event_date_exec` (`DATE_EXEC`);

--
-- Индексы таблицы `b_event_attachment`
--
ALTER TABLE `b_event_attachment`
  ADD PRIMARY KEY (`EVENT_ID`,`FILE_ID`);

--
-- Индексы таблицы `b_event_log`
--
ALTER TABLE `b_event_log`
  ADD PRIMARY KEY (`ID`),
  ADD KEY `ix_b_event_log_time` (`TIMESTAMP_X`),
  ADD KEY `ix_b_event_log_audit_type_time` (`AUDIT_TYPE_ID`,`TIMESTAMP_X`);

--
-- Индексы таблицы `b_event_message`
--
ALTER TABLE `b_event_message`
  ADD PRIMARY KEY (`ID`),
  ADD KEY `ix_b_event_message_name` (`EVENT_NAME`(50));

--
-- Индексы таблицы `b_event_message_attachment`
--
ALTER TABLE `b_event_message_attachment`
  ADD PRIMARY KEY (`EVENT_MESSAGE_ID`,`FILE_ID`);

--
-- Индексы таблицы `b_event_message_site`
--
ALTER TABLE `b_event_message_site`
  ADD PRIMARY KEY (`EVENT_MESSAGE_ID`,`SITE_ID`);

--
-- Индексы таблицы `b_event_type`
--
ALTER TABLE `b_event_type`
  ADD PRIMARY KEY (`ID`),
  ADD UNIQUE KEY `ux_1` (`EVENT_NAME`,`LID`);

--
-- Индексы таблицы `b_favorite`
--
ALTER TABLE `b_favorite`
  ADD PRIMARY KEY (`ID`);

--
-- Индексы таблицы `b_file`
--
ALTER TABLE `b_file`
  ADD PRIMARY KEY (`ID`),
  ADD KEY `IX_B_FILE_EXTERNAL_ID` (`EXTERNAL_ID`);

--
-- Индексы таблицы `b_file_preview`
--
ALTER TABLE `b_file_preview`
  ADD PRIMARY KEY (`ID`),
  ADD KEY `IX_B_FILE_PL_TOUCH` (`TOUCHED_AT`),
  ADD KEY `IX_B_FILE_PL_FILE` (`FILE_ID`);

--
-- Индексы таблицы `b_file_search`
--
ALTER TABLE `b_file_search`
  ADD PRIMARY KEY (`ID`);

--
-- Индексы таблицы `b_filters`
--
ALTER TABLE `b_filters`
  ADD PRIMARY KEY (`ID`);

--
-- Индексы таблицы `b_finder_dest`
--
ALTER TABLE `b_finder_dest`
  ADD PRIMARY KEY (`USER_ID`,`CODE`,`CONTEXT`),
  ADD KEY `IX_FINDER_DEST` (`CODE_TYPE`);

--
-- Индексы таблицы `b_geoip_handlers`
--
ALTER TABLE `b_geoip_handlers`
  ADD PRIMARY KEY (`ID`);

--
-- Индексы таблицы `b_group`
--
ALTER TABLE `b_group`
  ADD PRIMARY KEY (`ID`);

--
-- Индексы таблицы `b_group_collection_task`
--
ALTER TABLE `b_group_collection_task`
  ADD PRIMARY KEY (`GROUP_ID`,`TASK_ID`,`COLLECTION_ID`);

--
-- Индексы таблицы `b_group_subordinate`
--
ALTER TABLE `b_group_subordinate`
  ADD PRIMARY KEY (`ID`);

--
-- Индексы таблицы `b_group_task`
--
ALTER TABLE `b_group_task`
  ADD PRIMARY KEY (`GROUP_ID`,`TASK_ID`);

--
-- Индексы таблицы `b_hot_keys`
--
ALTER TABLE `b_hot_keys`
  ADD PRIMARY KEY (`ID`),
  ADD UNIQUE KEY `ix_b_hot_keys_co_u` (`CODE_ID`,`USER_ID`),
  ADD KEY `ix_hot_keys_user` (`USER_ID`);

--
-- Индексы таблицы `b_hot_keys_code`
--
ALTER TABLE `b_hot_keys_code`
  ADD PRIMARY KEY (`ID`),
  ADD KEY `ix_hot_keys_code_cn` (`CLASS_NAME`),
  ADD KEY `ix_hot_keys_code_url` (`URL`);

--
-- Индексы таблицы `b_iblock`
--
ALTER TABLE `b_iblock`
  ADD PRIMARY KEY (`ID`),
  ADD KEY `ix_iblock` (`IBLOCK_TYPE_ID`,`LID`,`ACTIVE`);

--
-- Индексы таблицы `b_iblock_cache`
--
ALTER TABLE `b_iblock_cache`
  ADD PRIMARY KEY (`CACHE_KEY`);

--
-- Индексы таблицы `b_iblock_element`
--
ALTER TABLE `b_iblock_element`
  ADD PRIMARY KEY (`ID`),
  ADD KEY `ix_iblock_element_1` (`IBLOCK_ID`,`IBLOCK_SECTION_ID`),
  ADD KEY `ix_iblock_element_4` (`IBLOCK_ID`,`XML_ID`,`WF_PARENT_ELEMENT_ID`),
  ADD KEY `ix_iblock_element_3` (`WF_PARENT_ELEMENT_ID`),
  ADD KEY `ix_iblock_element_code` (`IBLOCK_ID`,`CODE`);

--
-- Индексы таблицы `b_iblock_element_iprop`
--
ALTER TABLE `b_iblock_element_iprop`
  ADD PRIMARY KEY (`ELEMENT_ID`,`IPROP_ID`),
  ADD KEY `ix_b_iblock_element_iprop_0` (`IPROP_ID`),
  ADD KEY `ix_b_iblock_element_iprop_1` (`IBLOCK_ID`);

--
-- Индексы таблицы `b_iblock_element_lock`
--
ALTER TABLE `b_iblock_element_lock`
  ADD PRIMARY KEY (`IBLOCK_ELEMENT_ID`);

--
-- Индексы таблицы `b_iblock_element_property`
--
ALTER TABLE `b_iblock_element_property`
  ADD PRIMARY KEY (`ID`),
  ADD KEY `ix_iblock_element_property_1` (`IBLOCK_ELEMENT_ID`,`IBLOCK_PROPERTY_ID`),
  ADD KEY `ix_iblock_element_property_2` (`IBLOCK_PROPERTY_ID`),
  ADD KEY `ix_iblock_element_prop_enum` (`VALUE_ENUM`,`IBLOCK_PROPERTY_ID`),
  ADD KEY `ix_iblock_element_prop_num` (`VALUE_NUM`,`IBLOCK_PROPERTY_ID`);

--
-- Индексы таблицы `b_iblock_element_right`
--
ALTER TABLE `b_iblock_element_right`
  ADD PRIMARY KEY (`RIGHT_ID`,`ELEMENT_ID`,`SECTION_ID`),
  ADD KEY `ix_b_iblock_element_right_1` (`ELEMENT_ID`,`IBLOCK_ID`),
  ADD KEY `ix_b_iblock_element_right_2` (`IBLOCK_ID`,`RIGHT_ID`);

--
-- Индексы таблицы `b_iblock_fields`
--
ALTER TABLE `b_iblock_fields`
  ADD PRIMARY KEY (`IBLOCK_ID`,`FIELD_ID`);

--
-- Индексы таблицы `b_iblock_group`
--
ALTER TABLE `b_iblock_group`
  ADD UNIQUE KEY `ux_iblock_group_1` (`IBLOCK_ID`,`GROUP_ID`);

--
-- Индексы таблицы `b_iblock_iblock_iprop`
--
ALTER TABLE `b_iblock_iblock_iprop`
  ADD PRIMARY KEY (`IBLOCK_ID`,`IPROP_ID`),
  ADD KEY `ix_b_iblock_iblock_iprop_0` (`IPROP_ID`);

--
-- Индексы таблицы `b_iblock_iproperty`
--
ALTER TABLE `b_iblock_iproperty`
  ADD PRIMARY KEY (`ID`),
  ADD KEY `ix_b_iblock_iprop_0` (`IBLOCK_ID`,`ENTITY_TYPE`,`ENTITY_ID`);

--
-- Индексы таблицы `b_iblock_messages`
--
ALTER TABLE `b_iblock_messages`
  ADD PRIMARY KEY (`IBLOCK_ID`,`MESSAGE_ID`);

--
-- Индексы таблицы `b_iblock_offers_tmp`
--
ALTER TABLE `b_iblock_offers_tmp`
  ADD PRIMARY KEY (`ID`);

--
-- Индексы таблицы `b_iblock_property`
--
ALTER TABLE `b_iblock_property`
  ADD PRIMARY KEY (`ID`),
  ADD KEY `ix_iblock_property_1` (`IBLOCK_ID`),
  ADD KEY `ix_iblock_property_3` (`LINK_IBLOCK_ID`),
  ADD KEY `ix_iblock_property_2` (`CODE`);

--
-- Индексы таблицы `b_iblock_property_enum`
--
ALTER TABLE `b_iblock_property_enum`
  ADD PRIMARY KEY (`ID`),
  ADD UNIQUE KEY `ux_iblock_property_enum` (`PROPERTY_ID`,`XML_ID`);

--
-- Индексы таблицы `b_iblock_property_feature`
--
ALTER TABLE `b_iblock_property_feature`
  ADD PRIMARY KEY (`ID`),
  ADD UNIQUE KEY `ix_iblock_property_feature` (`PROPERTY_ID`,`MODULE_ID`,`FEATURE_ID`);

--
-- Индексы таблицы `b_iblock_right`
--
ALTER TABLE `b_iblock_right`
  ADD PRIMARY KEY (`ID`),
  ADD KEY `ix_b_iblock_right_iblock_id` (`IBLOCK_ID`,`ENTITY_TYPE`,`ENTITY_ID`),
  ADD KEY `ix_b_iblock_right_group_code` (`GROUP_CODE`,`IBLOCK_ID`),
  ADD KEY `ix_b_iblock_right_entity` (`ENTITY_ID`,`ENTITY_TYPE`),
  ADD KEY `ix_b_iblock_right_op_eread` (`ID`,`OP_EREAD`,`GROUP_CODE`),
  ADD KEY `ix_b_iblock_right_op_sread` (`ID`,`OP_SREAD`,`GROUP_CODE`),
  ADD KEY `ix_b_iblock_right_task_id` (`TASK_ID`);

--
-- Индексы таблицы `b_iblock_rss`
--
ALTER TABLE `b_iblock_rss`
  ADD PRIMARY KEY (`ID`);

--
-- Индексы таблицы `b_iblock_section`
--
ALTER TABLE `b_iblock_section`
  ADD PRIMARY KEY (`ID`),
  ADD KEY `ix_iblock_section_1` (`IBLOCK_ID`,`IBLOCK_SECTION_ID`),
  ADD KEY `ix_iblock_section_depth_level` (`IBLOCK_ID`,`DEPTH_LEVEL`),
  ADD KEY `ix_iblock_section_left_margin` (`IBLOCK_ID`,`LEFT_MARGIN`,`RIGHT_MARGIN`),
  ADD KEY `ix_iblock_section_right_margin` (`IBLOCK_ID`,`RIGHT_MARGIN`,`LEFT_MARGIN`),
  ADD KEY `ix_iblock_section_code` (`IBLOCK_ID`,`CODE`);

--
-- Индексы таблицы `b_iblock_section_element`
--
ALTER TABLE `b_iblock_section_element`
  ADD UNIQUE KEY `ux_iblock_section_element` (`IBLOCK_SECTION_ID`,`IBLOCK_ELEMENT_ID`,`ADDITIONAL_PROPERTY_ID`),
  ADD KEY `UX_IBLOCK_SECTION_ELEMENT2` (`IBLOCK_ELEMENT_ID`);

--
-- Индексы таблицы `b_iblock_section_iprop`
--
ALTER TABLE `b_iblock_section_iprop`
  ADD PRIMARY KEY (`SECTION_ID`,`IPROP_ID`),
  ADD KEY `ix_b_iblock_section_iprop_0` (`IPROP_ID`),
  ADD KEY `ix_b_iblock_section_iprop_1` (`IBLOCK_ID`);

--
-- Индексы таблицы `b_iblock_section_property`
--
ALTER TABLE `b_iblock_section_property`
  ADD PRIMARY KEY (`IBLOCK_ID`,`SECTION_ID`,`PROPERTY_ID`),
  ADD KEY `ix_b_iblock_section_property_1` (`PROPERTY_ID`),
  ADD KEY `ix_b_iblock_section_property_2` (`SECTION_ID`);

--
-- Индексы таблицы `b_iblock_section_right`
--
ALTER TABLE `b_iblock_section_right`
  ADD PRIMARY KEY (`RIGHT_ID`,`SECTION_ID`),
  ADD KEY `ix_b_iblock_section_right_1` (`SECTION_ID`,`IBLOCK_ID`),
  ADD KEY `ix_b_iblock_section_right_2` (`IBLOCK_ID`,`RIGHT_ID`);

--
-- Индексы таблицы `b_iblock_sequence`
--
ALTER TABLE `b_iblock_sequence`
  ADD PRIMARY KEY (`IBLOCK_ID`,`CODE`);

--
-- Индексы таблицы `b_iblock_site`
--
ALTER TABLE `b_iblock_site`
  ADD PRIMARY KEY (`IBLOCK_ID`,`SITE_ID`);

--
-- Индексы таблицы `b_iblock_type`
--
ALTER TABLE `b_iblock_type`
  ADD PRIMARY KEY (`ID`);

--
-- Индексы таблицы `b_lang`
--
ALTER TABLE `b_lang`
  ADD PRIMARY KEY (`LID`);

--
-- Индексы таблицы `b_language`
--
ALTER TABLE `b_language`
  ADD PRIMARY KEY (`LID`);

--
-- Индексы таблицы `b_lang_domain`
--
ALTER TABLE `b_lang_domain`
  ADD PRIMARY KEY (`LID`,`DOMAIN`);

--
-- Индексы таблицы `b_log_notification`
--
ALTER TABLE `b_log_notification`
  ADD PRIMARY KEY (`ID`);

--
-- Индексы таблицы `b_main_mail_blacklist`
--
ALTER TABLE `b_main_mail_blacklist`
  ADD PRIMARY KEY (`ID`),
  ADD UNIQUE KEY `UK_B_MAIN_MAIL_BLACKLIST_CODE` (`CODE`);

--
-- Индексы таблицы `b_main_mail_sender`
--
ALTER TABLE `b_main_mail_sender`
  ADD PRIMARY KEY (`ID`),
  ADD KEY `IX_B_MAIN_MAIL_SENDER_USER_ID` (`USER_ID`,`IS_CONFIRMED`,`IS_PUBLIC`);

--
-- Индексы таблицы `b_medialib_collection`
--
ALTER TABLE `b_medialib_collection`
  ADD PRIMARY KEY (`ID`);

--
-- Индексы таблицы `b_medialib_collection_item`
--
ALTER TABLE `b_medialib_collection_item`
  ADD PRIMARY KEY (`ITEM_ID`,`COLLECTION_ID`);

--
-- Индексы таблицы `b_medialib_item`
--
ALTER TABLE `b_medialib_item`
  ADD PRIMARY KEY (`ID`);

--
-- Индексы таблицы `b_medialib_type`
--
ALTER TABLE `b_medialib_type`
  ADD PRIMARY KEY (`ID`);

--
-- Индексы таблицы `b_module`
--
ALTER TABLE `b_module`
  ADD PRIMARY KEY (`ID`);

--
-- Индексы таблицы `b_module_group`
--
ALTER TABLE `b_module_group`
  ADD PRIMARY KEY (`ID`),
  ADD UNIQUE KEY `UK_GROUP_MODULE` (`MODULE_ID`,`GROUP_ID`,`SITE_ID`);

--
-- Индексы таблицы `b_module_to_module`
--
ALTER TABLE `b_module_to_module`
  ADD PRIMARY KEY (`ID`),
  ADD UNIQUE KEY `ux_module_to_module_unique_id` (`UNIQUE_ID`),
  ADD KEY `ix_module_to_module` (`FROM_MODULE_ID`(20),`MESSAGE_ID`(20),`TO_MODULE_ID`(20),`TO_CLASS`(20),`TO_METHOD`(20));

--
-- Индексы таблицы `b_numerator`
--
ALTER TABLE `b_numerator`
  ADD PRIMARY KEY (`ID`);

--
-- Индексы таблицы `b_numerator_sequence`
--
ALTER TABLE `b_numerator_sequence`
  ADD PRIMARY KEY (`NUMERATOR_ID`,`KEY`);

--
-- Индексы таблицы `b_operation`
--
ALTER TABLE `b_operation`
  ADD PRIMARY KEY (`ID`);

--
-- Индексы таблицы `b_option`
--
ALTER TABLE `b_option`
  ADD PRIMARY KEY (`MODULE_ID`,`NAME`),
  ADD KEY `ix_option_name` (`NAME`);

--
-- Индексы таблицы `b_option_site`
--
ALTER TABLE `b_option_site`
  ADD PRIMARY KEY (`MODULE_ID`,`NAME`,`SITE_ID`),
  ADD KEY `ix_option_site_module_site` (`MODULE_ID`,`SITE_ID`);

--
-- Индексы таблицы `b_perf_cache`
--
ALTER TABLE `b_perf_cache`
  ADD PRIMARY KEY (`ID`),
  ADD UNIQUE KEY `IX_B_PERF_CACHE_0` (`HIT_ID`,`NN`),
  ADD KEY `IX_B_PERF_CACHE_1` (`COMPONENT_ID`);

--
-- Индексы таблицы `b_perf_cluster`
--
ALTER TABLE `b_perf_cluster`
  ADD PRIMARY KEY (`ID`);

--
-- Индексы таблицы `b_perf_component`
--
ALTER TABLE `b_perf_component`
  ADD PRIMARY KEY (`ID`),
  ADD UNIQUE KEY `IX_B_PERF_COMPONENT_0` (`HIT_ID`,`NN`);

--
-- Индексы таблицы `b_perf_error`
--
ALTER TABLE `b_perf_error`
  ADD PRIMARY KEY (`ID`),
  ADD KEY `IX_B_PERF_ERROR_0` (`HIT_ID`);

--
-- Индексы таблицы `b_perf_history`
--
ALTER TABLE `b_perf_history`
  ADD PRIMARY KEY (`ID`);

--
-- Индексы таблицы `b_perf_hit`
--
ALTER TABLE `b_perf_hit`
  ADD PRIMARY KEY (`ID`),
  ADD KEY `IX_B_PERF_HIT_0` (`DATE_HIT`);

--
-- Индексы таблицы `b_perf_index_ban`
--
ALTER TABLE `b_perf_index_ban`
  ADD PRIMARY KEY (`ID`);

--
-- Индексы таблицы `b_perf_index_complete`
--
ALTER TABLE `b_perf_index_complete`
  ADD PRIMARY KEY (`ID`),
  ADD KEY `ix_b_perf_index_complete_0` (`TABLE_NAME`);

--
-- Индексы таблицы `b_perf_index_suggest`
--
ALTER TABLE `b_perf_index_suggest`
  ADD PRIMARY KEY (`ID`),
  ADD KEY `ix_b_perf_index_suggest_0` (`SQL_MD5`);

--
-- Индексы таблицы `b_perf_index_suggest_sql`
--
ALTER TABLE `b_perf_index_suggest_sql`
  ADD PRIMARY KEY (`SUGGEST_ID`,`SQL_ID`),
  ADD KEY `ix_b_perf_index_suggest_sql_0` (`SQL_ID`,`SUGGEST_ID`);

--
-- Индексы таблицы `b_perf_sql`
--
ALTER TABLE `b_perf_sql`
  ADD PRIMARY KEY (`ID`),
  ADD UNIQUE KEY `IX_B_PERF_SQL_0` (`HIT_ID`,`NN`),
  ADD KEY `IX_B_PERF_SQL_1` (`COMPONENT_ID`);

--
-- Индексы таблицы `b_perf_sql_backtrace`
--
ALTER TABLE `b_perf_sql_backtrace`
  ADD PRIMARY KEY (`SQL_ID`,`NN`);

--
-- Индексы таблицы `b_perf_tab_column_stat`
--
ALTER TABLE `b_perf_tab_column_stat`
  ADD PRIMARY KEY (`ID`),
  ADD KEY `ix_b_perf_tab_column_stat` (`TABLE_NAME`,`COLUMN_NAME`);

--
-- Индексы таблицы `b_perf_tab_stat`
--
ALTER TABLE `b_perf_tab_stat`
  ADD PRIMARY KEY (`TABLE_NAME`);

--
-- Индексы таблицы `b_perf_test`
--
ALTER TABLE `b_perf_test`
  ADD PRIMARY KEY (`ID`),
  ADD KEY `IX_B_PERF_TEST_0` (`REFERENCE_ID`);

--
-- Индексы таблицы `b_rating`
--
ALTER TABLE `b_rating`
  ADD PRIMARY KEY (`ID`);

--
-- Индексы таблицы `b_rating_component`
--
ALTER TABLE `b_rating_component`
  ADD PRIMARY KEY (`ID`),
  ADD KEY `IX_RATING_ID_1` (`RATING_ID`,`ACTIVE`,`NEXT_CALCULATION`);

--
-- Индексы таблицы `b_rating_component_results`
--
ALTER TABLE `b_rating_component_results`
  ADD PRIMARY KEY (`ID`),
  ADD KEY `IX_ENTITY_TYPE_ID` (`ENTITY_TYPE_ID`),
  ADD KEY `IX_COMPLEX_NAME` (`COMPLEX_NAME`),
  ADD KEY `IX_RATING_ID_2` (`RATING_ID`,`COMPLEX_NAME`);

--
-- Индексы таблицы `b_rating_results`
--
ALTER TABLE `b_rating_results`
  ADD PRIMARY KEY (`ID`),
  ADD KEY `IX_RATING_3` (`RATING_ID`,`ENTITY_TYPE_ID`,`ENTITY_ID`),
  ADD KEY `IX_RATING_4` (`RATING_ID`,`ENTITY_ID`);

--
-- Индексы таблицы `b_rating_rule`
--
ALTER TABLE `b_rating_rule`
  ADD PRIMARY KEY (`ID`);

--
-- Индексы таблицы `b_rating_rule_vetting`
--
ALTER TABLE `b_rating_rule_vetting`
  ADD PRIMARY KEY (`ID`),
  ADD KEY `RULE_ID` (`RULE_ID`,`ENTITY_TYPE_ID`,`ENTITY_ID`);

--
-- Индексы таблицы `b_rating_user`
--
ALTER TABLE `b_rating_user`
  ADD PRIMARY KEY (`ID`),
  ADD KEY `RATING_ID` (`RATING_ID`,`ENTITY_ID`),
  ADD KEY `IX_B_RAT_USER_2` (`ENTITY_ID`);

--
-- Индексы таблицы `b_rating_vote`
--
ALTER TABLE `b_rating_vote`
  ADD PRIMARY KEY (`ID`),
  ADD KEY `IX_RAT_VOTE_ID` (`RATING_VOTING_ID`,`USER_ID`),
  ADD KEY `IX_RAT_VOTE_ID_2` (`ENTITY_TYPE_ID`,`ENTITY_ID`,`USER_ID`),
  ADD KEY `IX_RAT_VOTE_ID_3` (`OWNER_ID`,`CREATED`),
  ADD KEY `IX_RAT_VOTE_ID_4` (`USER_ID`),
  ADD KEY `IX_RAT_VOTE_ID_5` (`CREATED`,`VALUE`),
  ADD KEY `IX_RAT_VOTE_ID_6` (`ACTIVE`),
  ADD KEY `IX_RAT_VOTE_ID_7` (`RATING_VOTING_ID`,`CREATED`),
  ADD KEY `IX_RAT_VOTE_ID_8` (`ENTITY_TYPE_ID`,`CREATED`),
  ADD KEY `IX_RAT_VOTE_ID_9` (`CREATED`,`USER_ID`);

--
-- Индексы таблицы `b_rating_vote_group`
--
ALTER TABLE `b_rating_vote_group`
  ADD PRIMARY KEY (`ID`),
  ADD KEY `RATING_ID` (`GROUP_ID`,`TYPE`);

--
-- Индексы таблицы `b_rating_voting`
--
ALTER TABLE `b_rating_voting`
  ADD PRIMARY KEY (`ID`),
  ADD KEY `IX_ENTITY_TYPE_ID_2` (`ENTITY_TYPE_ID`,`ENTITY_ID`,`ACTIVE`),
  ADD KEY `IX_ENTITY_TYPE_ID_4` (`TOTAL_VALUE`);

--
-- Индексы таблицы `b_rating_voting_prepare`
--
ALTER TABLE `b_rating_voting_prepare`
  ADD PRIMARY KEY (`ID`),
  ADD KEY `IX_RATING_VOTING_ID` (`RATING_VOTING_ID`);

--
-- Индексы таблицы `b_rating_voting_reaction`
--
ALTER TABLE `b_rating_voting_reaction`
  ADD PRIMARY KEY (`ENTITY_TYPE_ID`,`ENTITY_ID`,`REACTION`);

--
-- Индексы таблицы `b_rating_weight`
--
ALTER TABLE `b_rating_weight`
  ADD PRIMARY KEY (`ID`);

--
-- Индексы таблицы `b_rest_ap`
--
ALTER TABLE `b_rest_ap`
  ADD PRIMARY KEY (`ID`),
  ADD KEY `ix_b_rest_ap` (`USER_ID`,`PASSWORD`,`ACTIVE`);

--
-- Индексы таблицы `b_rest_app`
--
ALTER TABLE `b_rest_app`
  ADD PRIMARY KEY (`ID`),
  ADD UNIQUE KEY `ux_b_rest_app1` (`CLIENT_ID`);

--
-- Индексы таблицы `b_rest_app_lang`
--
ALTER TABLE `b_rest_app_lang`
  ADD PRIMARY KEY (`ID`),
  ADD UNIQUE KEY `ux_b_rest_app_lang1` (`APP_ID`,`LANGUAGE_ID`);

--
-- Индексы таблицы `b_rest_app_log`
--
ALTER TABLE `b_rest_app_log`
  ADD PRIMARY KEY (`ID`),
  ADD KEY `ix_b_rest_app_log1` (`APP_ID`);

--
-- Индексы таблицы `b_rest_ap_permission`
--
ALTER TABLE `b_rest_ap_permission`
  ADD PRIMARY KEY (`ID`),
  ADD UNIQUE KEY `ux_b_rest_ap_perm1` (`PASSWORD_ID`,`PERM`);

--
-- Индексы таблицы `b_rest_event`
--
ALTER TABLE `b_rest_event`
  ADD PRIMARY KEY (`ID`),
  ADD UNIQUE KEY `ux_b_rest_event_app_event` (`APP_ID`,`EVENT_NAME`(50),`EVENT_HANDLER`(180),`USER_ID`,`CONNECTOR_ID`(70)),
  ADD KEY `ix_b_rest_event_app_id` (`APP_ID`),
  ADD KEY `ix_b_rest_event_event_name` (`EVENT_NAME`);

--
-- Индексы таблицы `b_rest_event_offline`
--
ALTER TABLE `b_rest_event_offline`
  ADD PRIMARY KEY (`ID`),
  ADD UNIQUE KEY `ux_b_rest_event_offline1` (`MESSAGE_ID`(50),`APP_ID`,`CONNECTOR_ID`(100),`PROCESS_ID`(50)),
  ADD KEY `ix_b_rest_event_offline2` (`TIMESTAMP_X`);

--
-- Индексы таблицы `b_rest_log`
--
ALTER TABLE `b_rest_log`
  ADD PRIMARY KEY (`ID`);

--
-- Индексы таблицы `b_rest_placement`
--
ALTER TABLE `b_rest_placement`
  ADD PRIMARY KEY (`ID`),
  ADD UNIQUE KEY `ux_b_rest_placement1` (`APP_ID`,`PLACEMENT`(100),`PLACEMENT_HANDLER`(200)),
  ADD KEY `ix_b_rest_placement3` (`PLACEMENT`(100),`ADDITIONAL`(100));

--
-- Индексы таблицы `b_rest_stat`
--
ALTER TABLE `b_rest_stat`
  ADD PRIMARY KEY (`APP_ID`,`STAT_DATE`,`METHOD_ID`);

--
-- Индексы таблицы `b_rest_stat_method`
--
ALTER TABLE `b_rest_stat_method`
  ADD PRIMARY KEY (`ID`),
  ADD UNIQUE KEY `ux_b_rest_stat_method` (`NAME`);

--
-- Индексы таблицы `b_short_uri`
--
ALTER TABLE `b_short_uri`
  ADD PRIMARY KEY (`ID`),
  ADD KEY `ux_b_short_uri_1` (`SHORT_URI_CRC`),
  ADD KEY `ux_b_short_uri_2` (`URI_CRC`);

--
-- Индексы таблицы `b_site_template`
--
ALTER TABLE `b_site_template`
  ADD PRIMARY KEY (`ID`),
  ADD KEY `ix_site_template_site` (`SITE_ID`);

--
-- Индексы таблицы `b_smile`
--
ALTER TABLE `b_smile`
  ADD PRIMARY KEY (`ID`);

--
-- Индексы таблицы `b_smile_lang`
--
ALTER TABLE `b_smile_lang`
  ADD PRIMARY KEY (`ID`),
  ADD UNIQUE KEY `UX_SMILE_SL` (`TYPE`,`SID`,`LID`);

--
-- Индексы таблицы `b_smile_set`
--
ALTER TABLE `b_smile_set`
  ADD PRIMARY KEY (`ID`);

--
-- Индексы таблицы `b_sms_template`
--
ALTER TABLE `b_sms_template`
  ADD PRIMARY KEY (`ID`),
  ADD KEY `ix_sms_message_name` (`EVENT_NAME`(50));

--
-- Индексы таблицы `b_sms_template_site`
--
ALTER TABLE `b_sms_template_site`
  ADD PRIMARY KEY (`TEMPLATE_ID`,`SITE_ID`);

--
-- Индексы таблицы `b_sm_version_history`
--
ALTER TABLE `b_sm_version_history`
  ADD PRIMARY KEY (`ID`);

--
-- Индексы таблицы `b_socialservices_contact`
--
ALTER TABLE `b_socialservices_contact`
  ADD PRIMARY KEY (`ID`),
  ADD KEY `ix_b_socialservices_contact1` (`USER_ID`),
  ADD KEY `ix_b_socialservices_contact2` (`CONTACT_USER_ID`),
  ADD KEY `ix_b_socialservices_contact3` (`TIMESTAMP_X`),
  ADD KEY `ix_b_socialservices_contact4` (`LAST_AUTHORIZE`);

--
-- Индексы таблицы `b_socialservices_contact_connect`
--
ALTER TABLE `b_socialservices_contact_connect`
  ADD PRIMARY KEY (`ID`),
  ADD KEY `ix_b_socialservices_contact_connect1` (`CONTACT_ID`),
  ADD KEY `ix_b_socialservices_contact_connect2` (`LINK_ID`),
  ADD KEY `ix_b_socialservices_contact_connect3` (`LAST_AUTHORIZE`);

--
-- Индексы таблицы `b_sticker`
--
ALTER TABLE `b_sticker`
  ADD PRIMARY KEY (`ID`);

--
-- Индексы таблицы `b_sticker_group_task`
--
ALTER TABLE `b_sticker_group_task`
  ADD PRIMARY KEY (`GROUP_ID`,`TASK_ID`);

--
-- Индексы таблицы `b_task`
--
ALTER TABLE `b_task`
  ADD PRIMARY KEY (`ID`),
  ADD KEY `ix_task` (`MODULE_ID`,`BINDING`,`LETTER`,`SYS`);

--
-- Индексы таблицы `b_task_operation`
--
ALTER TABLE `b_task_operation`
  ADD PRIMARY KEY (`TASK_ID`,`OPERATION_ID`);

--
-- Индексы таблицы `b_undo`
--
ALTER TABLE `b_undo`
  ADD PRIMARY KEY (`ID`);

--
-- Индексы таблицы `b_urlpreview_metadata`
--
ALTER TABLE `b_urlpreview_metadata`
  ADD PRIMARY KEY (`ID`),
  ADD KEY `IX_URLPREVIEW_METADATA_URL` (`URL`(255));

--
-- Индексы таблицы `b_urlpreview_route`
--
ALTER TABLE `b_urlpreview_route`
  ADD PRIMARY KEY (`ID`),
  ADD UNIQUE KEY `UX_URLPREVIEW_ROUTE_ROUTE` (`ROUTE`(255));

--
-- Индексы таблицы `b_user`
--
ALTER TABLE `b_user`
  ADD PRIMARY KEY (`ID`),
  ADD UNIQUE KEY `ix_login` (`LOGIN`,`EXTERNAL_AUTH_ID`),
  ADD KEY `ix_b_user_email` (`EMAIL`),
  ADD KEY `ix_b_user_activity_date` (`LAST_ACTIVITY_DATE`),
  ADD KEY `IX_B_USER_XML_ID` (`XML_ID`),
  ADD KEY `ix_user_last_login` (`LAST_LOGIN`),
  ADD KEY `ix_user_date_register` (`DATE_REGISTER`);

--
-- Индексы таблицы `b_user_access`
--
ALTER TABLE `b_user_access`
  ADD KEY `ix_ua_user_provider` (`USER_ID`,`PROVIDER_ID`),
  ADD KEY `ix_ua_user_access` (`USER_ID`,`ACCESS_CODE`),
  ADD KEY `ix_ua_access` (`ACCESS_CODE`);

--
-- Индексы таблицы `b_user_access_check`
--
ALTER TABLE `b_user_access_check`
  ADD KEY `ix_uac_user_provider` (`USER_ID`,`PROVIDER_ID`);

--
-- Индексы таблицы `b_user_auth_action`
--
ALTER TABLE `b_user_auth_action`
  ADD PRIMARY KEY (`ID`),
  ADD KEY `ix_auth_action_user` (`USER_ID`,`PRIORITY`),
  ADD KEY `ix_auth_action_date` (`ACTION_DATE`);

--
-- Индексы таблицы `b_user_counter`
--
ALTER TABLE `b_user_counter`
  ADD PRIMARY KEY (`USER_ID`,`SITE_ID`,`CODE`),
  ADD KEY `ix_buc_tag` (`TAG`),
  ADD KEY `ix_buc_code` (`CODE`),
  ADD KEY `ix_buc_ts` (`TIMESTAMP_X`),
  ADD KEY `ix_buc_sent_userid` (`SENT`,`USER_ID`);

--
-- Индексы таблицы `b_user_digest`
--
ALTER TABLE `b_user_digest`
  ADD PRIMARY KEY (`USER_ID`);

--
-- Индексы таблицы `b_user_field`
--
ALTER TABLE `b_user_field`
  ADD PRIMARY KEY (`ID`),
  ADD UNIQUE KEY `ux_user_type_entity` (`ENTITY_ID`,`FIELD_NAME`);

--
-- Индексы таблицы `b_user_field_confirm`
--
ALTER TABLE `b_user_field_confirm`
  ADD PRIMARY KEY (`ID`),
  ADD KEY `ix_b_user_field_confirm1` (`USER_ID`,`CONFIRM_CODE`);

--
-- Индексы таблицы `b_user_field_enum`
--
ALTER TABLE `b_user_field_enum`
  ADD PRIMARY KEY (`ID`),
  ADD UNIQUE KEY `ux_user_field_enum` (`USER_FIELD_ID`,`XML_ID`);

--
-- Индексы таблицы `b_user_field_lang`
--
ALTER TABLE `b_user_field_lang`
  ADD PRIMARY KEY (`USER_FIELD_ID`,`LANGUAGE_ID`);

--
-- Индексы таблицы `b_user_group`
--
ALTER TABLE `b_user_group`
  ADD UNIQUE KEY `ix_user_group` (`USER_ID`,`GROUP_ID`),
  ADD KEY `ix_user_group_group` (`GROUP_ID`);

--
-- Индексы таблицы `b_user_hit_auth`
--
ALTER TABLE `b_user_hit_auth`
  ADD PRIMARY KEY (`ID`),
  ADD KEY `IX_USER_HIT_AUTH_1` (`HASH`),
  ADD KEY `IX_USER_HIT_AUTH_2` (`USER_ID`),
  ADD KEY `IX_USER_HIT_AUTH_3` (`TIMESTAMP_X`);

--
-- Индексы таблицы `b_user_index`
--
ALTER TABLE `b_user_index`
  ADD PRIMARY KEY (`USER_ID`);
ALTER TABLE `b_user_index` ADD FULLTEXT KEY `IXF_B_USER_INDEX_1` (`SEARCH_USER_CONTENT`);
ALTER TABLE `b_user_index` ADD FULLTEXT KEY `IXF_B_USER_INDEX_2` (`SEARCH_DEPARTMENT_CONTENT`);
ALTER TABLE `b_user_index` ADD FULLTEXT KEY `IXF_B_USER_INDEX_3` (`SEARCH_ADMIN_CONTENT`);

--
-- Индексы таблицы `b_user_index_selector`
--
ALTER TABLE `b_user_index_selector`
  ADD PRIMARY KEY (`USER_ID`);
ALTER TABLE `b_user_index_selector` ADD FULLTEXT KEY `IXF_B_USER_INDEX_SELECTOR_1` (`SEARCH_SELECTOR_CONTENT`);

--
-- Индексы таблицы `b_user_option`
--
ALTER TABLE `b_user_option`
  ADD PRIMARY KEY (`ID`),
  ADD UNIQUE KEY `ux_user_category_name` (`USER_ID`,`CATEGORY`,`NAME`);

--
-- Индексы таблицы `b_user_phone_auth`
--
ALTER TABLE `b_user_phone_auth`
  ADD PRIMARY KEY (`USER_ID`),
  ADD UNIQUE KEY `ix_user_phone_auth_number` (`PHONE_NUMBER`);

--
-- Индексы таблицы `b_user_profile_history`
--
ALTER TABLE `b_user_profile_history`
  ADD PRIMARY KEY (`ID`),
  ADD KEY `ix_profile_history_user` (`USER_ID`);

--
-- Индексы таблицы `b_user_profile_record`
--
ALTER TABLE `b_user_profile_record`
  ADD PRIMARY KEY (`ID`),
  ADD KEY `ix_profile_record_history_field` (`HISTORY_ID`,`FIELD`);

--
-- Индексы таблицы `b_user_stored_auth`
--
ALTER TABLE `b_user_stored_auth`
  ADD PRIMARY KEY (`ID`),
  ADD KEY `ux_user_hash` (`USER_ID`);

--
-- Индексы таблицы `b_xml_tree`
--
ALTER TABLE `b_xml_tree`
  ADD PRIMARY KEY (`ID`),
  ADD KEY `ix_b_xml_tree_parent` (`PARENT_ID`),
  ADD KEY `ix_b_xml_tree_left` (`LEFT_MARGIN`);

--
-- AUTO_INCREMENT для сохранённых таблиц
--

--
-- AUTO_INCREMENT для таблицы `b_admin_notify`
--
ALTER TABLE `b_admin_notify`
  MODIFY `ID` int(18) NOT NULL AUTO_INCREMENT;

--
-- AUTO_INCREMENT для таблицы `b_admin_notify_lang`
--
ALTER TABLE `b_admin_notify_lang`
  MODIFY `ID` int(18) NOT NULL AUTO_INCREMENT;

--
-- AUTO_INCREMENT для таблицы `b_agent`
--
ALTER TABLE `b_agent`
  MODIFY `ID` int(18) NOT NULL AUTO_INCREMENT, AUTO_INCREMENT=28;

--
-- AUTO_INCREMENT для таблицы `b_app_password`
--
ALTER TABLE `b_app_password`
  MODIFY `ID` int(11) NOT NULL AUTO_INCREMENT;

--
-- AUTO_INCREMENT для таблицы `b_checklist`
--
ALTER TABLE `b_checklist`
  MODIFY `ID` int(11) NOT NULL AUTO_INCREMENT;

--
-- AUTO_INCREMENT для таблицы `b_clouds_copy_queue`
--
ALTER TABLE `b_clouds_copy_queue`
  MODIFY `ID` int(32) NOT NULL AUTO_INCREMENT;

--
-- AUTO_INCREMENT для таблицы `b_clouds_delete_queue`
--
ALTER TABLE `b_clouds_delete_queue`
  MODIFY `ID` int(32) NOT NULL AUTO_INCREMENT;

--
-- AUTO_INCREMENT для таблицы `b_component_params`
--
ALTER TABLE `b_component_params`
  MODIFY `ID` int(11) NOT NULL AUTO_INCREMENT, AUTO_INCREMENT=82;

--
-- AUTO_INCREMENT для таблицы `b_composite_log`
--
ALTER TABLE `b_composite_log`
  MODIFY `ID` int(18) NOT NULL AUTO_INCREMENT;

--
-- AUTO_INCREMENT для таблицы `b_composite_page`
--
ALTER TABLE `b_composite_page`
  MODIFY `ID` int(18) NOT NULL AUTO_INCREMENT;

--
-- AUTO_INCREMENT для таблицы `b_consent_agreement`
--
ALTER TABLE `b_consent_agreement`
  MODIFY `ID` int(18) NOT NULL AUTO_INCREMENT;

--
-- AUTO_INCREMENT для таблицы `b_consent_field`
--
ALTER TABLE `b_consent_field`
  MODIFY `ID` int(18) NOT NULL AUTO_INCREMENT;

--
-- AUTO_INCREMENT для таблицы `b_consent_user_consent`
--
ALTER TABLE `b_consent_user_consent`
  MODIFY `ID` int(18) NOT NULL AUTO_INCREMENT;

--
-- AUTO_INCREMENT для таблицы `b_culture`
--
ALTER TABLE `b_culture`
  MODIFY `ID` int(11) NOT NULL AUTO_INCREMENT, AUTO_INCREMENT=3;

--
-- AUTO_INCREMENT для таблицы `b_event`
--
ALTER TABLE `b_event`
  MODIFY `ID` int(18) NOT NULL AUTO_INCREMENT;

--
-- AUTO_INCREMENT для таблицы `b_event_log`
--
ALTER TABLE `b_event_log`
  MODIFY `ID` int(18) NOT NULL AUTO_INCREMENT, AUTO_INCREMENT=517;

--
-- AUTO_INCREMENT для таблицы `b_event_message`
--
ALTER TABLE `b_event_message`
  MODIFY `ID` int(18) NOT NULL AUTO_INCREMENT, AUTO_INCREMENT=9;

--
-- AUTO_INCREMENT для таблицы `b_event_type`
--
ALTER TABLE `b_event_type`
  MODIFY `ID` int(18) NOT NULL AUTO_INCREMENT, AUTO_INCREMENT=21;

--
-- AUTO_INCREMENT для таблицы `b_favorite`
--
ALTER TABLE `b_favorite`
  MODIFY `ID` int(18) NOT NULL AUTO_INCREMENT;

--
-- AUTO_INCREMENT для таблицы `b_file`
--
ALTER TABLE `b_file`
  MODIFY `ID` int(18) NOT NULL AUTO_INCREMENT, AUTO_INCREMENT=1530;

--
-- AUTO_INCREMENT для таблицы `b_file_preview`
--
ALTER TABLE `b_file_preview`
  MODIFY `ID` int(18) NOT NULL AUTO_INCREMENT;

--
-- AUTO_INCREMENT для таблицы `b_file_search`
--
ALTER TABLE `b_file_search`
  MODIFY `ID` int(11) NOT NULL AUTO_INCREMENT;

--
-- AUTO_INCREMENT для таблицы `b_filters`
--
ALTER TABLE `b_filters`
  MODIFY `ID` int(18) NOT NULL AUTO_INCREMENT;

--
-- AUTO_INCREMENT для таблицы `b_geoip_handlers`
--
ALTER TABLE `b_geoip_handlers`
  MODIFY `ID` int(11) NOT NULL AUTO_INCREMENT, AUTO_INCREMENT=4;

--
-- AUTO_INCREMENT для таблицы `b_group`
--
ALTER TABLE `b_group`
  MODIFY `ID` int(18) NOT NULL AUTO_INCREMENT, AUTO_INCREMENT=6;

--
-- AUTO_INCREMENT для таблицы `b_hot_keys`
--
ALTER TABLE `b_hot_keys`
  MODIFY `ID` int(18) NOT NULL AUTO_INCREMENT, AUTO_INCREMENT=25;

--
-- AUTO_INCREMENT для таблицы `b_hot_keys_code`
--
ALTER TABLE `b_hot_keys_code`
  MODIFY `ID` int(18) NOT NULL AUTO_INCREMENT, AUTO_INCREMENT=140;

--
-- AUTO_INCREMENT для таблицы `b_iblock`
--
ALTER TABLE `b_iblock`
  MODIFY `ID` int(11) NOT NULL AUTO_INCREMENT, AUTO_INCREMENT=6;

--
-- AUTO_INCREMENT для таблицы `b_iblock_element`
--
ALTER TABLE `b_iblock_element`
  MODIFY `ID` int(11) NOT NULL AUTO_INCREMENT, AUTO_INCREMENT=1975;

--
-- AUTO_INCREMENT для таблицы `b_iblock_element_property`
--
ALTER TABLE `b_iblock_element_property`
  MODIFY `ID` int(11) NOT NULL AUTO_INCREMENT, AUTO_INCREMENT=9531;

--
-- AUTO_INCREMENT для таблицы `b_iblock_iproperty`
--
ALTER TABLE `b_iblock_iproperty`
  MODIFY `ID` int(11) NOT NULL AUTO_INCREMENT;

--
-- AUTO_INCREMENT для таблицы `b_iblock_offers_tmp`
--
ALTER TABLE `b_iblock_offers_tmp`
  MODIFY `ID` int(11) UNSIGNED NOT NULL AUTO_INCREMENT;

--
-- AUTO_INCREMENT для таблицы `b_iblock_property`
--
ALTER TABLE `b_iblock_property`
  MODIFY `ID` int(11) NOT NULL AUTO_INCREMENT, AUTO_INCREMENT=13;

--
-- AUTO_INCREMENT для таблицы `b_iblock_property_enum`
--
ALTER TABLE `b_iblock_property_enum`
  MODIFY `ID` int(11) NOT NULL AUTO_INCREMENT;

--
-- AUTO_INCREMENT для таблицы `b_iblock_property_feature`
--
ALTER TABLE `b_iblock_property_feature`
  MODIFY `ID` int(11) NOT NULL AUTO_INCREMENT, AUTO_INCREMENT=17;

--
-- AUTO_INCREMENT для таблицы `b_iblock_right`
--
ALTER TABLE `b_iblock_right`
  MODIFY `ID` int(11) NOT NULL AUTO_INCREMENT;

--
-- AUTO_INCREMENT для таблицы `b_iblock_rss`
--
ALTER TABLE `b_iblock_rss`
  MODIFY `ID` int(11) NOT NULL AUTO_INCREMENT;

--
-- AUTO_INCREMENT для таблицы `b_iblock_section`
--
ALTER TABLE `b_iblock_section`
  MODIFY `ID` int(11) NOT NULL AUTO_INCREMENT;

--
-- AUTO_INCREMENT для таблицы `b_log_notification`
--
ALTER TABLE `b_log_notification`
  MODIFY `ID` int(10) UNSIGNED NOT NULL AUTO_INCREMENT;

--
-- AUTO_INCREMENT для таблицы `b_main_mail_blacklist`
--
ALTER TABLE `b_main_mail_blacklist`
  MODIFY `ID` int(11) NOT NULL AUTO_INCREMENT;

--
-- AUTO_INCREMENT для таблицы `b_main_mail_sender`
--
ALTER TABLE `b_main_mail_sender`
  MODIFY `ID` int(11) NOT NULL AUTO_INCREMENT;

--
-- AUTO_INCREMENT для таблицы `b_medialib_collection`
--
ALTER TABLE `b_medialib_collection`
  MODIFY `ID` int(11) NOT NULL AUTO_INCREMENT;

--
-- AUTO_INCREMENT для таблицы `b_medialib_item`
--
ALTER TABLE `b_medialib_item`
  MODIFY `ID` int(11) NOT NULL AUTO_INCREMENT;

--
-- AUTO_INCREMENT для таблицы `b_medialib_type`
--
ALTER TABLE `b_medialib_type`
  MODIFY `ID` int(11) NOT NULL AUTO_INCREMENT, AUTO_INCREMENT=4;

--
-- AUTO_INCREMENT для таблицы `b_module_group`
--
ALTER TABLE `b_module_group`
  MODIFY `ID` int(11) NOT NULL AUTO_INCREMENT, AUTO_INCREMENT=2;

--
-- AUTO_INCREMENT для таблицы `b_module_to_module`
--
ALTER TABLE `b_module_to_module`
  MODIFY `ID` int(11) NOT NULL AUTO_INCREMENT, AUTO_INCREMENT=200;

--
-- AUTO_INCREMENT для таблицы `b_numerator`
--
ALTER TABLE `b_numerator`
  MODIFY `ID` int(10) UNSIGNED NOT NULL AUTO_INCREMENT;

--
-- AUTO_INCREMENT для таблицы `b_operation`
--
ALTER TABLE `b_operation`
  MODIFY `ID` int(18) NOT NULL AUTO_INCREMENT, AUTO_INCREMENT=88;

--
-- AUTO_INCREMENT для таблицы `b_perf_cache`
--
ALTER TABLE `b_perf_cache`
  MODIFY `ID` int(18) NOT NULL AUTO_INCREMENT;

--
-- AUTO_INCREMENT для таблицы `b_perf_cluster`
--
ALTER TABLE `b_perf_cluster`
  MODIFY `ID` int(11) NOT NULL AUTO_INCREMENT;

--
-- AUTO_INCREMENT для таблицы `b_perf_component`
--
ALTER TABLE `b_perf_component`
  MODIFY `ID` int(18) NOT NULL AUTO_INCREMENT;

--
-- AUTO_INCREMENT для таблицы `b_perf_error`
--
ALTER TABLE `b_perf_error`
  MODIFY `ID` int(18) NOT NULL AUTO_INCREMENT;

--
-- AUTO_INCREMENT для таблицы `b_perf_history`
--
ALTER TABLE `b_perf_history`
  MODIFY `ID` int(18) NOT NULL AUTO_INCREMENT;

--
-- AUTO_INCREMENT для таблицы `b_perf_hit`
--
ALTER TABLE `b_perf_hit`
  MODIFY `ID` int(11) NOT NULL AUTO_INCREMENT;

--
-- AUTO_INCREMENT для таблицы `b_perf_index_ban`
--
ALTER TABLE `b_perf_index_ban`
  MODIFY `ID` int(11) NOT NULL AUTO_INCREMENT;

--
-- AUTO_INCREMENT для таблицы `b_perf_index_complete`
--
ALTER TABLE `b_perf_index_complete`
  MODIFY `ID` int(11) NOT NULL AUTO_INCREMENT;

--
-- AUTO_INCREMENT для таблицы `b_perf_index_suggest`
--
ALTER TABLE `b_perf_index_suggest`
  MODIFY `ID` int(11) NOT NULL AUTO_INCREMENT;

--
-- AUTO_INCREMENT для таблицы `b_perf_sql`
--
ALTER TABLE `b_perf_sql`
  MODIFY `ID` int(18) NOT NULL AUTO_INCREMENT;

--
-- AUTO_INCREMENT для таблицы `b_perf_tab_column_stat`
--
ALTER TABLE `b_perf_tab_column_stat`
  MODIFY `ID` int(11) NOT NULL AUTO_INCREMENT;

--
-- AUTO_INCREMENT для таблицы `b_perf_test`
--
ALTER TABLE `b_perf_test`
  MODIFY `ID` int(18) NOT NULL AUTO_INCREMENT;

--
-- AUTO_INCREMENT для таблицы `b_rating`
--
ALTER TABLE `b_rating`
  MODIFY `ID` int(11) NOT NULL AUTO_INCREMENT, AUTO_INCREMENT=3;

--
-- AUTO_INCREMENT для таблицы `b_rating_component`
--
ALTER TABLE `b_rating_component`
  MODIFY `ID` int(11) NOT NULL AUTO_INCREMENT;

--
-- AUTO_INCREMENT для таблицы `b_rating_component_results`
--
ALTER TABLE `b_rating_component_results`
  MODIFY `ID` int(11) NOT NULL AUTO_INCREMENT;

--
-- AUTO_INCREMENT для таблицы `b_rating_results`
--
ALTER TABLE `b_rating_results`
  MODIFY `ID` int(11) NOT NULL AUTO_INCREMENT;

--
-- AUTO_INCREMENT для таблицы `b_rating_rule`
--
ALTER TABLE `b_rating_rule`
  MODIFY `ID` int(11) NOT NULL AUTO_INCREMENT, AUTO_INCREMENT=6;

--
-- AUTO_INCREMENT для таблицы `b_rating_rule_vetting`
--
ALTER TABLE `b_rating_rule_vetting`
  MODIFY `ID` int(11) NOT NULL AUTO_INCREMENT;

--
-- AUTO_INCREMENT для таблицы `b_rating_user`
--
ALTER TABLE `b_rating_user`
  MODIFY `ID` int(11) NOT NULL AUTO_INCREMENT, AUTO_INCREMENT=2;

--
-- AUTO_INCREMENT для таблицы `b_rating_vote`
--
ALTER TABLE `b_rating_vote`
  MODIFY `ID` int(11) NOT NULL AUTO_INCREMENT;

--
-- AUTO_INCREMENT для таблицы `b_rating_vote_group`
--
ALTER TABLE `b_rating_vote_group`
  MODIFY `ID` int(11) NOT NULL AUTO_INCREMENT, AUTO_INCREMENT=7;

--
-- AUTO_INCREMENT для таблицы `b_rating_voting`
--
ALTER TABLE `b_rating_voting`
  MODIFY `ID` int(11) NOT NULL AUTO_INCREMENT;

--
-- AUTO_INCREMENT для таблицы `b_rating_voting_prepare`
--
ALTER TABLE `b_rating_voting_prepare`
  MODIFY `ID` int(11) NOT NULL AUTO_INCREMENT;

--
-- AUTO_INCREMENT для таблицы `b_rating_weight`
--
ALTER TABLE `b_rating_weight`
  MODIFY `ID` int(11) NOT NULL AUTO_INCREMENT, AUTO_INCREMENT=2;

--
-- AUTO_INCREMENT для таблицы `b_rest_ap`
--
ALTER TABLE `b_rest_ap`
  MODIFY `ID` int(11) NOT NULL AUTO_INCREMENT;

--
-- AUTO_INCREMENT для таблицы `b_rest_app`
--
ALTER TABLE `b_rest_app`
  MODIFY `ID` int(11) NOT NULL AUTO_INCREMENT;

--
-- AUTO_INCREMENT для таблицы `b_rest_app_lang`
--
ALTER TABLE `b_rest_app_lang`
  MODIFY `ID` int(11) NOT NULL AUTO_INCREMENT;

--
-- AUTO_INCREMENT для таблицы `b_rest_app_log`
--
ALTER TABLE `b_rest_app_log`
  MODIFY `ID` int(11) NOT NULL AUTO_INCREMENT;

--
-- AUTO_INCREMENT для таблицы `b_rest_ap_permission`
--
ALTER TABLE `b_rest_ap_permission`
  MODIFY `ID` int(11) NOT NULL AUTO_INCREMENT;

--
-- AUTO_INCREMENT для таблицы `b_rest_event`
--
ALTER TABLE `b_rest_event`
  MODIFY `ID` int(11) NOT NULL AUTO_INCREMENT;

--
-- AUTO_INCREMENT для таблицы `b_rest_event_offline`
--
ALTER TABLE `b_rest_event_offline`
  MODIFY `ID` int(11) NOT NULL AUTO_INCREMENT;

--
-- AUTO_INCREMENT для таблицы `b_rest_log`
--
ALTER TABLE `b_rest_log`
  MODIFY `ID` int(11) NOT NULL AUTO_INCREMENT;

--
-- AUTO_INCREMENT для таблицы `b_rest_placement`
--
ALTER TABLE `b_rest_placement`
  MODIFY `ID` int(11) NOT NULL AUTO_INCREMENT;

--
-- AUTO_INCREMENT для таблицы `b_rest_stat_method`
--
ALTER TABLE `b_rest_stat_method`
  MODIFY `ID` int(11) NOT NULL AUTO_INCREMENT;

--
-- AUTO_INCREMENT для таблицы `b_short_uri`
--
ALTER TABLE `b_short_uri`
  MODIFY `ID` int(18) NOT NULL AUTO_INCREMENT;

--
-- AUTO_INCREMENT для таблицы `b_site_template`
--
ALTER TABLE `b_site_template`
  MODIFY `ID` int(11) NOT NULL AUTO_INCREMENT, AUTO_INCREMENT=4;

--
-- AUTO_INCREMENT для таблицы `b_smile`
--
ALTER TABLE `b_smile`
  MODIFY `ID` int(18) NOT NULL AUTO_INCREMENT, AUTO_INCREMENT=25;

--
-- AUTO_INCREMENT для таблицы `b_smile_lang`
--
ALTER TABLE `b_smile_lang`
  MODIFY `ID` int(18) NOT NULL AUTO_INCREMENT, AUTO_INCREMENT=39;

--
-- AUTO_INCREMENT для таблицы `b_smile_set`
--
ALTER TABLE `b_smile_set`
  MODIFY `ID` int(18) NOT NULL AUTO_INCREMENT, AUTO_INCREMENT=3;

--
-- AUTO_INCREMENT для таблицы `b_sms_template`
--
ALTER TABLE `b_sms_template`
  MODIFY `ID` int(11) NOT NULL AUTO_INCREMENT, AUTO_INCREMENT=3;

--
-- AUTO_INCREMENT для таблицы `b_sm_version_history`
--
ALTER TABLE `b_sm_version_history`
  MODIFY `ID` int(11) NOT NULL AUTO_INCREMENT;

--
-- AUTO_INCREMENT для таблицы `b_socialservices_contact`
--
ALTER TABLE `b_socialservices_contact`
  MODIFY `ID` int(11) NOT NULL AUTO_INCREMENT;

--
-- AUTO_INCREMENT для таблицы `b_socialservices_contact_connect`
--
ALTER TABLE `b_socialservices_contact_connect`
  MODIFY `ID` int(11) NOT NULL AUTO_INCREMENT;

--
-- AUTO_INCREMENT для таблицы `b_sticker`
--
ALTER TABLE `b_sticker`
  MODIFY `ID` int(11) NOT NULL AUTO_INCREMENT;

--
-- AUTO_INCREMENT для таблицы `b_task`
--
ALTER TABLE `b_task`
  MODIFY `ID` int(18) NOT NULL AUTO_INCREMENT, AUTO_INCREMENT=45;

--
-- AUTO_INCREMENT для таблицы `b_urlpreview_metadata`
--
ALTER TABLE `b_urlpreview_metadata`
  MODIFY `ID` int(11) NOT NULL AUTO_INCREMENT;

--
-- AUTO_INCREMENT для таблицы `b_urlpreview_route`
--
ALTER TABLE `b_urlpreview_route`
  MODIFY `ID` int(11) NOT NULL AUTO_INCREMENT;

--
-- AUTO_INCREMENT для таблицы `b_user`
--
ALTER TABLE `b_user`
  MODIFY `ID` int(18) NOT NULL AUTO_INCREMENT, AUTO_INCREMENT=2;

--
-- AUTO_INCREMENT для таблицы `b_user_auth_action`
--
ALTER TABLE `b_user_auth_action`
  MODIFY `ID` int(11) NOT NULL AUTO_INCREMENT;

--
-- AUTO_INCREMENT для таблицы `b_user_field`
--
ALTER TABLE `b_user_field`
  MODIFY `ID` int(11) NOT NULL AUTO_INCREMENT;

--
-- AUTO_INCREMENT для таблицы `b_user_field_confirm`
--
ALTER TABLE `b_user_field_confirm`
  MODIFY `ID` int(18) NOT NULL AUTO_INCREMENT;

--
-- AUTO_INCREMENT для таблицы `b_user_field_enum`
--
ALTER TABLE `b_user_field_enum`
  MODIFY `ID` int(11) NOT NULL AUTO_INCREMENT;

--
-- AUTO_INCREMENT для таблицы `b_user_hit_auth`
--
ALTER TABLE `b_user_hit_auth`
  MODIFY `ID` int(18) NOT NULL AUTO_INCREMENT;

--
-- AUTO_INCREMENT для таблицы `b_user_option`
--
ALTER TABLE `b_user_option`
  MODIFY `ID` int(11) NOT NULL AUTO_INCREMENT, AUTO_INCREMENT=1063;

--
-- AUTO_INCREMENT для таблицы `b_user_profile_history`
--
ALTER TABLE `b_user_profile_history`
  MODIFY `ID` int(11) NOT NULL AUTO_INCREMENT;

--
-- AUTO_INCREMENT для таблицы `b_user_profile_record`
--
ALTER TABLE `b_user_profile_record`
  MODIFY `ID` int(11) NOT NULL AUTO_INCREMENT;

--
-- AUTO_INCREMENT для таблицы `b_user_stored_auth`
--
ALTER TABLE `b_user_stored_auth`
  MODIFY `ID` int(18) NOT NULL AUTO_INCREMENT, AUTO_INCREMENT=3;

--
-- AUTO_INCREMENT для таблицы `b_xml_tree`
--
ALTER TABLE `b_xml_tree`
  MODIFY `ID` int(11) NOT NULL AUTO_INCREMENT, AUTO_INCREMENT=164;
COMMIT;

/*!40101 SET CHARACTER_SET_CLIENT=@OLD_CHARACTER_SET_CLIENT */;
/*!40101 SET CHARACTER_SET_RESULTS=@OLD_CHARACTER_SET_RESULTS */;
/*!40101 SET COLLATION_CONNECTION=@OLD_COLLATION_CONNECTION */;
